-- MySQL dump 10.13  Distrib 5.7.27-30, for Linux (x86_64)
--
-- Host: localhost    Database: u0323263_mani
-- ------------------------------------------------------
-- Server version	5.7.27-30

/*!40101 SET @OLD_CHARACTER_SET_CLIENT=@@CHARACTER_SET_CLIENT */;
/*!40101 SET @OLD_CHARACTER_SET_RESULTS=@@CHARACTER_SET_RESULTS */;
/*!40101 SET @OLD_COLLATION_CONNECTION=@@COLLATION_CONNECTION */;
/*!40101 SET NAMES latin1 */;
/*!40103 SET @OLD_TIME_ZONE=@@TIME_ZONE */;
/*!40103 SET TIME_ZONE='+00:00' */;
/*!40014 SET @OLD_UNIQUE_CHECKS=@@UNIQUE_CHECKS, UNIQUE_CHECKS=0 */;
/*!40014 SET @OLD_FOREIGN_KEY_CHECKS=@@FOREIGN_KEY_CHECKS, FOREIGN_KEY_CHECKS=0 */;
/*!40101 SET @OLD_SQL_MODE=@@SQL_MODE, SQL_MODE='NO_AUTO_VALUE_ON_ZERO' */;
/*!40111 SET @OLD_SQL_NOTES=@@SQL_NOTES, SQL_NOTES=0 */;
/*!50717 SELECT COUNT(*) INTO @rocksdb_has_p_s_session_variables FROM INFORMATION_SCHEMA.TABLES WHERE TABLE_SCHEMA = 'performance_schema' AND TABLE_NAME = 'session_variables' */;
/*!50717 SET @rocksdb_get_is_supported = IF (@rocksdb_has_p_s_session_variables, 'SELECT COUNT(*) INTO @rocksdb_is_supported FROM performance_schema.session_variables WHERE VARIABLE_NAME=\'rocksdb_bulk_load\'', 'SELECT 0') */;
/*!50717 PREPARE s FROM @rocksdb_get_is_supported */;
/*!50717 EXECUTE s */;
/*!50717 DEALLOCATE PREPARE s */;
/*!50717 SET @rocksdb_enable_bulk_load = IF (@rocksdb_is_supported, 'SET SESSION rocksdb_bulk_load = 1', 'SET @rocksdb_dummy_bulk_load = 0') */;
/*!50717 PREPARE s FROM @rocksdb_enable_bulk_load */;
/*!50717 EXECUTE s */;
/*!50717 DEALLOCATE PREPARE s */;

--
-- Table structure for table `actions`
--

DROP TABLE IF EXISTS `actions`;
/*!40101 SET @saved_cs_client     = @@character_set_client */;
/*!40101 SET character_set_client = utf8 */;
CREATE TABLE `actions` (
  `id` int(11) NOT NULL AUTO_INCREMENT,
  `name` varchar(255) NOT NULL,
  `alias` varchar(255) NOT NULL,
  `small` varchar(255) NOT NULL,
  `text` text NOT NULL,
  `date` timestamp NOT NULL DEFAULT CURRENT_TIMESTAMP,
  `images` text NOT NULL,
  `count_view` int(11) NOT NULL DEFAULT '0',
  `vis` int(11) NOT NULL DEFAULT '1',
  `posled` int(11) NOT NULL DEFAULT '999',
  `items_conditions` text NOT NULL,
  `_customfields` text NOT NULL,
  `_system` int(11) NOT NULL DEFAULT '0',
  PRIMARY KEY (`id`)
) ENGINE=InnoDB AUTO_INCREMENT=4 DEFAULT CHARSET=utf8;
/*!40101 SET character_set_client = @saved_cs_client */;

--
-- Dumping data for table `actions`
--

LOCK TABLES `actions` WRITE;
/*!40000 ALTER TABLE `actions` DISABLE KEYS */;
INSERT INTO `actions` VALUES (3,'test','test','','','2017-07-18 21:00:00','',12,1,999,'{\"price_from\":\"\",\"price_to\":\"\",\"items\":\"\",\"categories\":{\"7\":\"7\",\"13\":\"13\",\"14\":\"14\",\"15\":\"15\",\"16\":\"16\",\"6\":\"6\",\"10\":\"10\",\"11\":\"11\",\"12\":\"12\",\"8\":\"8\",\"17\":\"17\",\"18\":\"18\",\"19\":\"19\"},\"brands\":{\"1\":\"1\"}}','[]',0);
/*!40000 ALTER TABLE `actions` ENABLE KEYS */;
UNLOCK TABLES;

--
-- Table structure for table `adminusers`
--

DROP TABLE IF EXISTS `adminusers`;
/*!40101 SET @saved_cs_client     = @@character_set_client */;
/*!40101 SET character_set_client = utf8 */;
CREATE TABLE `adminusers` (
  `id` int(11) NOT NULL AUTO_INCREMENT,
  `username` varchar(255) COLLATE utf8_unicode_ci NOT NULL,
  `avatar` text COLLATE utf8_unicode_ci NOT NULL,
  `auth_key` varchar(32) COLLATE utf8_unicode_ci NOT NULL,
  `password_hash` varchar(255) COLLATE utf8_unicode_ci NOT NULL,
  `password_reset_token` varchar(255) COLLATE utf8_unicode_ci DEFAULT NULL,
  `email` varchar(255) COLLATE utf8_unicode_ci NOT NULL,
  `status` smallint(6) NOT NULL DEFAULT '10',
  `created_at` int(11) NOT NULL,
  `updated_at` int(11) NOT NULL,
  `last_online` timestamp NOT NULL DEFAULT CURRENT_TIMESTAMP ON UPDATE CURRENT_TIMESTAMP,
  `root` int(11) NOT NULL DEFAULT '0',
  `type` set('root','admin','user') COLLATE utf8_unicode_ci NOT NULL DEFAULT 'user',
  PRIMARY KEY (`id`),
  UNIQUE KEY `username` (`username`),
  UNIQUE KEY `email` (`email`),
  UNIQUE KEY `password_reset_token` (`password_reset_token`)
) ENGINE=InnoDB AUTO_INCREMENT=16 DEFAULT CHARSET=utf8 COLLATE=utf8_unicode_ci;
/*!40101 SET character_set_client = @saved_cs_client */;

--
-- Dumping data for table `adminusers`
--

LOCK TABLES `adminusers` WRITE;
/*!40000 ALTER TABLE `adminusers` DISABLE KEYS */;
INSERT INTO `adminusers` VALUES (3,'system','','','$2y$13$YKfla0TGXEz8PPDV6jzHX.E1oWoQ.Szf7/kLvOFeX4r7.YBwlHzvy',NULL,'demo3@vikiweb.ru',10,1487067802,1502286636,'2018-09-26 14:24:24',1,'root'),(7,'seo','','','$2y$13$al0WXdvP7AutFQM99UyPHuyvfclRD0JBPE69dcWYKmShjz2nc40HO',NULL,'demo@vikiweb.ru',10,1487249706,1513094059,'2018-03-11 18:44:09',0,'admin'),(14,'admin','','','$2y$13$ZDKDRRhrnDqoVKOr6xSg1OOK3EsFUg5vLO4xA/OvrfUrAGWHDQ6D.',NULL,'valentina@vikiweb.ru',10,1521535556,1531141146,'2023-04-19 11:57:30',0,'admin'),(15,'admin2','','','$2y$13$s0xAXuiV.wyBApeKEE3sF.2yXTgwxXyZL9Jm.c2Dq19d1IR.UUfrW',NULL,'admin@vikiweb.ru',10,1529481166,1533912768,'2019-04-18 12:04:58',0,'admin');
/*!40000 ALTER TABLE `adminusers` ENABLE KEYS */;
UNLOCK TABLES;

--
-- Table structure for table `aliases`
--

DROP TABLE IF EXISTS `aliases`;
/*!40101 SET @saved_cs_client     = @@character_set_client */;
/*!40101 SET character_set_client = utf8 */;
CREATE TABLE `aliases` (
  `id` int(11) NOT NULL AUTO_INCREMENT,
  `alias` varchar(255) NOT NULL,
  `model` varchar(255) NOT NULL,
  PRIMARY KEY (`id`),
  UNIQUE KEY `alias` (`alias`)
) ENGINE=InnoDB AUTO_INCREMENT=3413 DEFAULT CHARSET=utf8;
/*!40101 SET character_set_client = @saved_cs_client */;

--
-- Dumping data for table `aliases`
--

LOCK TABLES `aliases` WRITE;
/*!40000 ALTER TABLE `aliases` DISABLE KEYS */;
INSERT INTO `aliases` VALUES (25,'afina-3-126','Items'),(26,'diana-127','Items'),(27,'solo-129','Items'),(28,'mezhkomnatnaya-ruchka-lider','Items'),(29,'ds-1-901','Items'),(30,'ds-2-902','Items'),(31,'ds-3-903','Items'),(32,'le-55-904','Items'),(33,'le-17-905','Items'),(34,'le-87-906','Items'),(35,'le-1-907','Items'),(36,'renessans-908','Items'),(37,'henessi-909','Items'),(38,'martel-910','Items'),(39,'lev-911','Items'),(40,'test','Items'),(43,'cena-','Filters'),(44,'rossiya','Countries'),(46,'mania-8','Brands'),(48,'svadebnaya','Categories'),(50,'platya','Categories'),(52,'vechernyaya','Categories'),(56,'platya-2','Categories'),(58,'leavs-ipt','Items'),(62,'povsednevnaya','Categories'),(84,'yubki','Categories'),(90,'belo-pat','Items'),(94,'light-ss-2017-9','Brands'),(105,'vechrn-plat','Items'),(137,'kostyumy-2','Categories'),(139,'yubki-shlejfy-2','Categories'),(141,'bryuki-2','Categories'),(159,'detsko-pla','Items'),(172,'platya-4','Categories'),(254,'kostyumy1','Categories'),(354,'christmas-magic-10','Brands'),(374,'ss-2016-garden-of-eden-11','Brands'),(396,'colibri-cruise-collection-12','Brands'),(408,'christmas-2015-fairytale-14','Brands'),(416,'ss-2017-master-and-margarita-15','Brands'),(420,'tesxx','Items'),(431,'mint','Items'),(433,'ash','Items'),(438,'dust','Items'),(443,'honey','Items'),(448,'powder','Items'),(510,'aksesuary','Categories'),(516,'topy-bluzy','Categories'),(551,'aksessuary','Categories'),(581,'wedding-2017-true-love-16','Brands'),(593,'svadebnye-platya','Categories'),(640,'detsko-placrmy','Items'),(646,'detsko-planr','Items'),(651,'detsko-plaring','Items'),(659,'plat-edsr','Items'),(661,'plat-egodrn','Items'),(670,'plat-lily','Items'),(683,'plat-eic','Items'),(689,'detsko-plarinc','Items'),(691,'detsko-plaigqun','Items'),(693,'detsko-plairnc','Items'),(699,'detsko-plairqun ii','Items'),(703,'detsko-plaicfh','Items'),(705,'plat-eri','Items'),(717,'plate-blue-bird-976','Items'),(719,'plate-budgie-977','Items'),(742,'plate-robin-bird-984','Items'),(744,'plate-smoky-garden-985','Items'),(748,'plate-taup-petals-987','Items'),(752,'mini-plate-princess-de-monaco-989','Items'),(764,'pyshnaya-yubka-iz-fatina-princesse-de-monaco-993','Items'),(1075,'plate-mila-995','Items'),(1077,'plate-brilliant-996','Items'),(1083,'plate-love-is-997','Items'),(1085,'plate-fly-love-998','Items'),(1089,'plate-fly-999','Items'),(1091,'mini-plate-princess-de-cleves-1000','Items'),(1098,'pyshnaya-yubka-princess-de-cleves-1001','Items'),(1101,'shlejf-princess-de-cleves-1002','Items'),(1111,'plate-lily-1006','Items'),(1129,'plate-princesse-de-cleves-dress-white-1009','Items'),(1131,'top-love-is-1010','Items'),(1133,'yubka-love-is-1011','Items'),(1135,'plate-firefly-1012','Items'),(1146,'plate-margarita-1015','Items'),(1167,'plate-honey-1024','Items'),(1169,'shlejf-honey-1025','Items'),(1179,'plate-heart-ii-1027','Items'),(1181,'shlejf-heart-ii-1028','Items'),(1187,'plate-tenderness-1030','Items'),(1191,'plate-king-peony-1032','Items'),(1193,'plate-dusty-flamingo-1033','Items'),(1197,'korset-princesse-de-monaco-ii-1035','Items'),(1202,'detskoe-plate-little-grey-fairytale-1037','Items'),(1219,'plate-ideal-1041','Items'),(1221,'plate-angel-1042','Items'),(1223,'plate-slow-1043','Items'),(1272,'plate-pink-wings-1063','Items'),(1276,'plate-nectar-1065','Items'),(1282,'plate-loddigesia-1067','Items'),(1290,'plate-white-magnolia-1071','Items'),(1292,'plate-so-semnymi-shnurkami-tail-1072','Items'),(1335,'plate-rill-1082','Items'),(1351,'bluzka-bell-1089','Items'),(1356,'detskoe-plate-leaves-1090','Items'),(1395,'lepestki-princesse-de-monaco-1091','Items'),(1398,'shlejf-clody-1092','Items'),(1401,'modeler-vii-spring-2018-flowe-sky-17','Brands'),(1405,'plate-chrysanthemum-1094','Items'),(1407,'plate-silk-petals-1095','Items'),(1411,'plate-new-peony-1097','Items'),(1419,'plate-cloud-1099','Items'),(1421,'mini-plate-princess-1100','Items'),(1423,'yubochka-na-koketke-princess-1101','Items'),(1425,'shlejf-princess-1102','Items'),(1462,'plate-infinity-1103','Items'),(1464,'plate-fairy-sky-1104','Items'),(1466,'plate-capella-1105','Items'),(1470,'plate-nut-1107','Items'),(1854,'detsko-plairnc-II19','Items'),(1863,'plate-wind-1111','Items'),(1865,'kostyum-rosis-1112','Items'),(1867,'plate-na-nikah-1113','Items'),(1927,'plate-amaryllis-1114','Items'),(1939,'plate-gloria-1117','Items'),(2032,'spring-2019-deep-love-19','Brands'),(2205,'barhatnaya-rubashka-s-rogovymi-pugovicami-1124','Items'),(2606,'plate-so-sborkami-1126','Items'),(2620,'palto-blejzer-1128','Items'),(2658,'nevidimka-s-barochnym-zhemchugom-1131','Items'),(2688,'nevidimka-goroshek-s-kaplej-1133','Items'),(2691,'nevidimka-perlamutr-1134','Items'),(2698,'nevidimka-goroh-1135','Items'),(2791,'kruzhevnoe-plate-transformer-smoke-1136','Items'),(2831,'plate-cacao-1141','Items'),(2845,'ksu-1143','Items'),(2917,'mermaid-2020-18','Brands'),(2921,'n-a-1144','Items'),(3056,'plate-emeralda-1145','Items'),(3069,'plate-fucistia-1146','Items'),(3080,'top-i-yubka-fucistia-1147','Items'),(3128,'sale','Categories'),(3216,'accessories','Categories'),(3232,'cocktail-dresses','Categories'),(3340,'casual','Categories');
/*!40000 ALTER TABLE `aliases` ENABLE KEYS */;
UNLOCK TABLES;

--
-- Table structure for table `brands`
--

DROP TABLE IF EXISTS `brands`;
/*!40101 SET @saved_cs_client     = @@character_set_client */;
/*!40101 SET character_set_client = utf8 */;
CREATE TABLE `brands` (
  `id` int(11) NOT NULL AUTO_INCREMENT,
  `name` varchar(255) NOT NULL,
  `country_id` int(11) NOT NULL,
  `alias` varchar(255) NOT NULL,
  `text` text NOT NULL,
  `small` varchar(255) NOT NULL,
  `images` text NOT NULL,
  `main` int(11) NOT NULL DEFAULT '0',
  `vis` int(11) NOT NULL DEFAULT '1',
  `posled` int(11) NOT NULL DEFAULT '999',
  `_customfields` text NOT NULL,
  `_system` int(11) NOT NULL DEFAULT '0',
  PRIMARY KEY (`id`),
  KEY `country_id` (`country_id`),
  CONSTRAINT `brands_ibfk_1` FOREIGN KEY (`country_id`) REFERENCES `countries` (`id`)
) ENGINE=InnoDB AUTO_INCREMENT=20 DEFAULT CHARSET=utf8;
/*!40101 SET character_set_client = @saved_cs_client */;

--
-- Dumping data for table `brands`
--

LOCK TABLES `brands` WRITE;
/*!40000 ALTER TABLE `brands` DISABLE KEYS */;
INSERT INTO `brands` VALUES (8,' 2015 WILD ROSE',4,'mania-8','','','',0,1,1,'[]',0),(9,'2017 LIGHT',4,'light-ss-2017-9','','','y74xiqKYPumhQLyCTdFjwUjB7Qg1kZDH.jpg;',0,1,3,'[]',0),(10,'2017 MAGIC',4,'christmas-magic-10','','','HLuRtx2OiPZGUrWopBYABQUUtqry7Kxu.jpg;',0,1,1,'[]',0),(11,'2016 GARDEN OF EDEN',4,'ss-2016-garden-of-eden-11','','','_PDHMbW_9oezDrVawa8KnNyPdwI__dGn.jpg;',0,1,2,'[]',0),(12,'2016 COLIBRI',4,'colibri-cruise-collection-12','','','rKlI842_vDk2xVbMtV3HLEV_8AC7TtKe.jpg;',0,1,999,'[]',0),(14,'2016 FAIRYTALE',4,'christmas-2015-fairytale-14','','','QMRINDtkYDU7xBd_kjSyflz1O7WrUcVZ.jpg;',0,1,999,'[]',0),(15,'2021',4,'ss-2017-master-and-margarita-15','','','',0,0,999,'[]',0),(16,'2018 MASTER AND MARGARITA',4,'wedding-2017-true-love-16','','','eMBcTiO5tl5xqGx8HIptb5GgalpGf7Ie.jpg;',0,1,999,'[]',0),(17,'2019 FLOWER SKY',4,'modeler-vii-spring-2018-flowe-sky-17','','','R6LdtDzN0bEfED9xzj-ycRhi9rzXmAZI.jpg;',0,1,999,'[]',0),(18,'2020 MERMAID',4,'mermaid-2020-18','','','',0,1,999,'[]',0),(19,'SAMPELS',4,'spring-2019-deep-love-19','','','fMoCFZ5ImhYc7qtkwxPbiHM23dVGj6if.jpg;',0,1,999,'[]',0);
/*!40000 ALTER TABLE `brands` ENABLE KEYS */;
UNLOCK TABLES;

--
-- Table structure for table `cart`
--

DROP TABLE IF EXISTS `cart`;
/*!40101 SET @saved_cs_client     = @@character_set_client */;
/*!40101 SET character_set_client = utf8 */;
CREATE TABLE `cart` (
  `id` int(11) NOT NULL AUTO_INCREMENT,
  `sid` varchar(255) NOT NULL,
  `item_id` int(11) NOT NULL,
  `qty` int(11) NOT NULL,
  `price` double(12,2) NOT NULL DEFAULT '0.00',
  `date` timestamp NOT NULL DEFAULT CURRENT_TIMESTAMP,
  `color` varchar(255) NOT NULL,
  `size` varchar(255) NOT NULL,
  PRIMARY KEY (`id`),
  KEY `sid` (`sid`),
  KEY `item_id` (`item_id`),
  CONSTRAINT `cart_ibfk_2` FOREIGN KEY (`item_id`) REFERENCES `items` (`id`) ON DELETE CASCADE ON UPDATE CASCADE
) ENGINE=InnoDB AUTO_INCREMENT=350 DEFAULT CHARSET=utf8;
/*!40101 SET character_set_client = @saved_cs_client */;

--
-- Dumping data for table `cart`
--

LOCK TABLES `cart` WRITE;
/*!40000 ALTER TABLE `cart` DISABLE KEYS */;
INSERT INTO `cart` VALUES (1,'j61qmv0k7qnrcpt80jg3uaiua2',913,1,49000.00,'2017-12-11 11:08:42','',''),(2,'qu8931jsnteldoaa2r0iavfe17',913,1,49000.00,'2017-12-11 14:13:10','',''),(3,'qu8931jsnteldoaa2r0iavfe17',913,1,49000.00,'2017-12-11 14:13:18','',''),(4,'alto26v8u32l1ocurvpgbaakf6',913,1,49000.00,'2017-12-11 14:30:09','',''),(5,'n7verf6fejs2mopo8di4vdek74',913,1,49000.00,'2017-12-12 09:07:29','',''),(6,'c9fd532e6fac65bdf4668f4b6986c551',913,1,49000.00,'2017-12-12 10:08:41','',''),(7,'b5ffbac06181853de16b630558d67563',913,1,49000.00,'2017-12-12 14:17:21','',''),(8,'b9ce138e822c803cadac24cb54c99f03',913,3,49000.00,'2017-12-12 20:25:03','',''),(9,'7007d6a5e948782c98aa5d33cda77aa7',914,2,34590.00,'2017-12-13 08:11:14','',''),(10,'1ebf1d4329c012d0f38e1d5a565ab419',915,1,23450.00,'2017-12-13 11:09:19','',''),(11,'972176b7f37d1af5902b40d8fcad1ec3',913,1,49000.00,'2017-12-13 14:26:17','?????','L'),(12,'8c289c13932d91361aa98408292414a6',914,1,34590.00,'2017-12-14 10:16:33','',''),(13,'05feba6f114d0b295a2f46ef6adcfa27',915,1,23450.00,'2017-12-15 08:30:41','',''),(15,'834cb7866a0ca9d2fa24077824b4ace2',915,1,23450.00,'2017-12-15 10:56:57','',''),(17,'eb02e5d1fdb6a3e34f269382c8a4992c',915,1,23450.00,'2017-12-15 11:29:39','',''),(18,'dc46387430c16e919b80c1c6e52a7697',915,1,23450.00,'2017-12-18 07:46:07','',''),(19,'d08cab3c05b3f5456c14c83aecd42993',919,1,25000.00,'2017-12-18 10:57:35','?????',''),(22,'cc2f083d8a34b1cb64cc68d2654eb0bc',913,1,49000.00,'2017-12-18 14:55:31','??????',''),(23,'002d0e22371b5914d5c85e987830ff72',913,1,49000.00,'2017-12-18 15:01:25','??????',''),(24,'cc2f083d8a34b1cb64cc68d2654eb0bc',915,1,23450.00,'2017-12-18 15:10:09','??????',''),(26,'c1c0e74c78a1abc3948476df8edb5ad8',914,1,34590.00,'2017-12-19 07:30:04','?????',''),(27,'fc8abde25762e78a68ac82442dc010a3',914,1,34590.00,'2017-12-19 09:11:26','?????',''),(28,'f7a08d365df154894a5588e8d9762978',913,1,49000.00,'2017-12-19 09:12:14','??????',''),(29,'47d6f48c1f18e177efba894dcdb4184e',914,1,34590.00,'2017-12-19 09:13:21','?????',''),(30,'cb8c2b64bf546515ac0a638f8b8eb457',915,1,23450.00,'2017-12-19 09:31:48','??????',''),(31,'2609a9acb01d9ad37d4732e6f84da3ed',914,1,34590.00,'2017-12-19 09:53:59','?????',''),(33,'c392a5a9179187cb41f3b3d97184097e',914,2,34590.00,'2017-12-19 14:30:19','?????',''),(34,'39aee896d826392373280e494bd687aa',914,3,34590.00,'2017-12-19 14:59:58','?????',''),(35,'39aee896d826392373280e494bd687aa',914,1,34590.00,'2017-12-19 15:00:01','?????','S'),(36,'7ce410197b4496608a8707281f84da4e',915,1,23450.00,'2017-12-19 15:15:09','??????',''),(38,'fedb9e2b74fb3f7c2b61961c021cf4e4',913,1,49000.00,'2017-12-20 07:22:08','??????',''),(40,'210567a28b0ba59ff52ee51cf25a0ff6',914,2,34590.00,'2017-12-20 08:32:21','?????',''),(41,'e2b3a60396293ccdc722f8c4b83e3a55',915,21,23450.00,'2017-12-20 08:39:17','??????',''),(43,'2d8f8b9826100b05e90f95e4bac0503b',915,1,23450.00,'2017-12-20 09:30:06','??????',''),(45,'60fc5c32c2c1ac88424f494b4a8e7eef',915,1,23450.00,'2017-12-20 10:08:09','??????',''),(46,'9fc087741908c990942a0145df9f6aad',914,2,34590.00,'2017-12-20 11:25:14','?????',''),(47,'ab97cb49d29864df4aedc125929af0e0',914,2,34590.00,'2017-12-20 11:25:47','?????',''),(48,'7f0e325f2e1708a3e94a44bdeb092005',915,1,23450.00,'2017-12-20 11:27:20','??????',''),(56,'c1a6b49fe30e049c49faf5bdb9fc815a',914,5,34590.00,'2017-12-20 15:40:39','?????',''),(75,'9fbfc3067d6acddc580f49aa744486e0',914,2,34590.00,'2017-12-27 08:03:17','?????',''),(78,'9fbfc3067d6acddc580f49aa744486e0',915,1,23450.00,'2017-12-27 09:05:10','??????',''),(80,'5d396bc7d32eb9f38108ac12709dffb3',915,5,23450.00,'2017-12-27 11:15:07','??????','XS'),(87,'2edf3c393326e6ca4f78b2f2cde250f7',914,1,34590.00,'2018-01-10 14:24:12','?????',''),(88,'d8617a070b47fe0dc7520794278fc4cf',913,1,49000.00,'2018-01-10 14:55:58','??????',''),(89,'d8617a070b47fe0dc7520794278fc4cf',915,1,23450.00,'2018-01-10 14:56:24','??????',''),(92,'dee61bb8a42f0113d6773a7b3754695b',914,1,34590.00,'2018-01-15 08:02:04','?????',''),(93,'dee61bb8a42f0113d6773a7b3754695b',913,1,49000.00,'2018-01-15 08:02:19','??????',''),(94,'dee61bb8a42f0113d6773a7b3754695b',915,1,23450.00,'2018-01-15 08:02:25','??????',''),(95,'dee61bb8a42f0113d6773a7b3754695b',919,1,25000.00,'2018-01-15 08:02:33','?????',''),(96,'e842980120da8915fa3a93d1a5dbb5c2',915,4,23450.00,'2018-01-15 08:29:48','??????',''),(100,'8b5bca83d9cfbfcfc3161e1ee3daedb4',913,1,49000.00,'2018-01-15 09:30:23','??????',''),(101,'bf6543fc6da2c6a83eee26552e732b78',914,1,34590.00,'2018-01-15 10:44:59','?????',''),(102,'bf6543fc6da2c6a83eee26552e732b78',913,1,49000.00,'2018-01-15 10:45:06','??????',''),(104,'bf6543fc6da2c6a83eee26552e732b78',915,1,23450.00,'2018-01-15 10:45:18','??????',''),(105,'08e8a93c5a7686afa8e085dbfc8275d7',915,2,23450.00,'2018-01-15 10:45:57','??????',''),(108,'08e8a93c5a7686afa8e085dbfc8275d7',914,3,34590.00,'2018-01-15 10:47:06','?????',''),(109,'176687cb6932169ba53fad4a984c20a4',914,2,34590.00,'2018-01-15 12:43:35','?????',''),(110,'176687cb6932169ba53fad4a984c20a4',913,1,49000.00,'2018-01-15 12:44:33','??????','L'),(111,'a6658d8f499e6364f6c6e3405ca49448',914,2,34590.00,'2018-01-15 20:11:19','?????',''),(112,'a6658d8f499e6364f6c6e3405ca49448',915,1,23450.00,'2018-01-15 20:27:22','??????',''),(113,'176687cb6932169ba53fad4a984c20a4',919,1,25000.00,'2018-01-18 21:12:33','?????',''),(114,'e842980120da8915fa3a93d1a5dbb5c2',913,12,49000.00,'2018-01-21 19:36:47','??????',''),(117,'fd2f2f29ddb53fad0d970ff1294742d9',913,1,49000.00,'2018-01-21 21:17:05','??????',''),(118,'fd2f2f29ddb53fad0d970ff1294742d9',915,1,23450.00,'2018-01-21 21:17:09','??????',''),(119,'56ac98f66d2041804dfa190f48cc4ac7',914,2,34590.00,'2018-01-22 13:30:37','?????',''),(120,'9a4d4940056d2140752e7b05bdbe9909',914,3,34590.00,'2018-02-28 18:44:17','?????',''),(122,'be9474ac70c2451379f5981dfc50fc6d',914,1,34590.00,'2018-03-02 07:57:52','?????',''),(123,'a080785970997de22644a81b16dfbf9b',913,1,49000.00,'2018-03-02 08:28:21','??????',''),(125,'a080785970997de22644a81b16dfbf9b',919,1,25000.00,'2018-03-02 11:22:30','?????',''),(126,'a080785970997de22644a81b16dfbf9b',914,2,34590.00,'2018-03-02 11:23:09','?????',''),(127,'a080785970997de22644a81b16dfbf9b',914,1,34590.00,'2018-03-02 12:39:03','?????','S'),(128,'5ab28ca55034e4475452104c1e6bd66a',914,2,34590.00,'2018-03-02 12:41:02','?????','S'),(129,'5ab28ca55034e4475452104c1e6bd66a',913,1,49000.00,'2018-03-02 12:41:23','?????',''),(130,'5ab28ca55034e4475452104c1e6bd66a',914,1,34590.00,'2018-03-02 12:52:46','?????','XS'),(132,'822c0b031df5916503727164ef54143d',914,1,34590.00,'2018-03-07 10:45:22','?????','M'),(138,'f8f4592cd99a69aa8f6c87bb6ae9b52a',914,5,34590.00,'2018-03-10 07:17:49','?????','M'),(139,'f8f4592cd99a69aa8f6c87bb6ae9b52a',919,1,25000.00,'2018-03-10 07:17:55','?????',''),(140,'f8f4592cd99a69aa8f6c87bb6ae9b52a',913,1,49000.00,'2018-03-10 07:17:59','??????','L'),(141,'f8f4592cd99a69aa8f6c87bb6ae9b52a',915,1,23450.00,'2018-03-10 07:18:04','??????','XS'),(142,'e899bc5f1679e6d2b077d3f818be5541',914,2,34590.00,'2018-03-10 07:31:09','?????','M'),(143,'e899bc5f1679e6d2b077d3f818be5541',919,1,25000.00,'2018-03-10 07:31:12','?????',''),(144,'e899bc5f1679e6d2b077d3f818be5541',913,1,49000.00,'2018-03-10 07:31:19','??????','L'),(145,'a701024827610ecf5b92a782bd3fd134',913,1,49000.00,'2018-03-10 07:38:39','??????','L'),(146,'a701024827610ecf5b92a782bd3fd134',915,1,23450.00,'2018-03-10 07:38:42','??????','XS'),(150,'8ade6ced32ea301a46f3d09732a4bc96',919,1,25000.00,'2018-03-12 09:37:38','?????',''),(151,'89d7e8860595ae556e085aef2866d769',913,1,49000.00,'2018-03-12 10:08:40','??????','L'),(152,'89d7e8860595ae556e085aef2866d769',915,1,23450.00,'2018-03-12 10:09:00','??????','XS'),(160,'451c5433024d6a161637dddc0be7f12f',914,1,34590.00,'2018-03-16 11:17:23','??????','L'),(162,'1d37d229279d51e083c3ba0e68011356',914,1,34590.00,'2018-03-19 11:35:52','??????','M'),(164,'1d37d229279d51e083c3ba0e68011356',915,1,23450.00,'2018-03-19 14:58:43','??????','XS'),(167,'a169cc960d2bb2bdfbc0927c1e4fa4d3',919,1,25000.00,'2018-03-23 15:11:05','??????? ?????',''),(168,'cce2849f983d0cfd035dc5acc769f125',929,1,44000.00,'2018-03-25 14:56:03','??????? ','L'),(170,'a169cc960d2bb2bdfbc0927c1e4fa4d3',914,1,72000.00,'2018-03-27 10:09:24','??????? ?????','M'),(171,'cb4ac71944b7399a1c0b2b2b48b3687b',914,2,72000.00,'2018-03-28 09:20:38','??????-?????','M'),(173,'35dea771c08308bcd6f55d5f713b249d',914,1,72000.00,'2018-04-02 06:54:33','snow white','M'),(174,'ab77cf1c6ad762e2f04099de5e0ce35e',995,1,60000.00,'2018-04-03 09:19:31','???????? ?????','S'),(176,'00c28c362f9d4c4bdc4ec233b9da2392',976,1,40000.00,'2018-04-25 10:03:27','?????','S'),(178,'4cc2025eb9e737c7119b793d7fae32f9',914,1,92000.00,'2018-06-14 11:27:23','??????-?????','M'),(179,'f23763c935fa4cdd8a6ff006a2707b53',914,1,92000.00,'2018-06-14 12:46:16','??????-?????','M'),(180,'242bac5cd7d710c56d6d86910cf69b98',913,1,45000.00,'2018-06-14 12:51:35','?????????','S'),(181,'5ddc28672728153461e49d1e97adb90c',915,1,76000.00,'2018-06-20 07:35:50','???????','S'),(185,'3e7b8ee29fbd17a4b46ac2d3f7501afa',926,2,18000.00,'2018-07-19 10:08:05','???????','S'),(187,'5f58765f19e394ea1dd486f9799d7b4e',950,2,260000.00,'2018-07-19 10:13:42','?????????','S'),(188,'83780463a95601b300e93f51d8433c34',914,1,92000.00,'2018-07-20 15:02:09','??????-?????','M'),(189,'6ddd2ad953fd0907ac6a55f83780cde9',926,1,18000.00,'2018-07-23 09:55:08','???????','S'),(194,'3e7b8ee29fbd17a4b46ac2d3f7501afa',915,1,76000.00,'2018-07-25 13:43:10','???????','S'),(195,'2640b2dca550ada186aaac423e3ae3c4',915,1,76000.00,'2018-07-25 13:43:29','???????','S'),(196,'9987315ad0b0d989f450138c5b10a3fa',915,1,76000.00,'2018-07-25 13:45:16','???????','S'),(197,'73fb719a0797af959c2a5beef619a372',915,1,76000.00,'2018-07-25 13:45:41','???????','S'),(198,'5cc32ca791a047592bbf68c6f0797d94',915,1,76000.00,'2018-07-25 13:46:22','???????','S'),(214,'20dd50b6b2b9920c431f0c6906be27f3',998,1,220000.00,'2018-08-03 14:23:43','','S'),(218,'38388169fba2a4445b6de15733a7e658',995,1,60000.00,'2018-08-08 13:45:02','???????? ?????','S'),(222,'109d328f06bb0aa13065b0360ff4a4f9',915,1,76000.00,'2018-08-16 11:04:21','???????','S'),(223,'f2ea7907e2fe4387f24a22a644fc1fea',1102,1,78000.00,'2018-08-16 11:30:32','?????????','S'),(227,'3a76ff37dc98a27f73dfc13b8969f326',914,1,80000.00,'2018-09-07 12:04:15','??????-?????','M'),(236,'b862c8ea9eb6923f334d0dfdd4970e9d',915,1,76000.00,'2018-09-26 12:44:03','???????','S'),(237,'b862c8ea9eb6923f334d0dfdd4970e9d',914,1,80000.00,'2018-09-26 12:44:51','??????-?????','M'),(239,'7f11af89100d2069ee83c69c00ba56f1',950,1,260000.00,'2018-09-26 12:51:33','?????????','M'),(241,'1116ae8bafd3f8e8202028060fcd6257',914,1,80000.00,'2018-09-26 13:42:50','??????-?????','M'),(243,'36a80d628283bbee6573f76d36400721',914,1,80000.00,'2018-09-26 14:19:04','??????-?????','M'),(245,'94f13b4292760331777ec9da70c0d15b',914,1,80000.00,'2018-09-26 14:26:44','??????-?????','M'),(258,'5dbb23c8c85805ebe8745e49eb1fd437',993,1,22000.00,'2018-11-12 23:37:12','???????? ?????','S'),(259,'8bbc9f110fd5b5c8e642d236c32ebd7e',950,1,130000.00,'2018-11-16 08:07:55','?????????','M'),(260,'b536aa779f6195fd152bd5c7c8d83393',1012,1,94000.00,'2018-12-08 10:10:26','mix','XS'),(261,'054ac34aac53671c950f6127091065db',914,1,55000.00,'2019-01-14 11:21:41','??????-?????','M'),(268,'0404c8efe1c10248486d28ead51c2828',914,2,55000.00,'2019-04-11 13:19:28','??????-?????','M'),(271,'308981c9ae9d2a722d136a6785cd7ecc',950,1,82000.00,'2019-04-18 11:31:37','?????????','M'),(273,'e8e89381f193b0445aeae14a0dac8b41',1025,1,22000.00,'2019-04-18 12:03:20','???????? ?????','S'),(275,'2b0d216d90b6b7ed27086ceff6443de3',1089,2,27000.00,'2019-04-18 20:05:26','','S'),(280,'f321088e33bc73974329a24d8d702be5',1126,1,11000.00,'2019-04-20 21:58:57','???????','S'),(284,'f41c0bf249572a35e06a0751010e024a',1082,1,9000.00,'2019-05-05 14:17:30','','M'),(297,'14ceaeff7eb448693cbec199974ab144',1141,1,6000.00,'2019-05-12 01:02:03','????','S'),(302,'c3c56d3f8d61f5e7dd00bd28b1bd24f1',1141,1,6000.00,'2019-05-15 10:01:55','????','S'),(304,'7ba1b77c0cd992a9d15f95549d611112',1124,1,10500.00,'2019-06-25 15:21:03','?????','S'),(305,'54d516ba13822e490745d121cb1f897b',1065,1,12000.00,'2019-08-03 14:34:21','????????-???????','S'),(312,'fbd668ff76a735d713d73dc4b2217690',1113,1,9000.00,'2019-08-18 18:39:32','???????','M'),(314,'b51b66bfb318f7d9f00ac527c0d6ba7d',914,1,32000.00,'2019-08-30 21:01:22','??????-?????','M'),(318,'41091ac7946fc35b4639db091116d33b',1141,1,6000.00,'2019-10-15 08:07:18','????','S'),(322,'6989f7f8b4b26fb06471cd8366a35c39',950,1,62000.00,'2019-11-17 11:35:13','?????????','M'),(329,'2bfbfccfc6cd094434992bf84f759621',1071,1,19000.00,'2020-07-21 09:22:15','???????? ?????','S'),(330,'2bfbfccfc6cd094434992bf84f759621',977,1,13000.00,'2020-07-21 09:28:07','???????','S'),(332,'2bfbfccfc6cd094434992bf84f759621',999,1,49000.00,'2020-07-21 09:29:48','?????','M'),(334,'c8e3e41fa8a58152120a19c8a0e2f3a3',913,1,18000.00,'2020-08-24 17:28:40','?????????','S'),(335,'c8e3e41fa8a58152120a19c8a0e2f3a3',931,1,12000.00,'2020-09-04 09:55:57','???????','S'),(336,'aa8bd8cadeb7da1566a73ce1502cdc14',1103,1,107000.00,'2020-12-08 16:28:28','????????','S'),(338,'2377d6db695f35a584e6c401feecbe46',914,1,32000.00,'2021-01-22 19:04:55','??????-?????','M'),(339,'1fcdee286b74dd31ffe81a44480fef63',985,1,16000.00,'2021-02-02 11:09:34','????','S'),(340,'78172e5010c1dd1c6afa5d3efaa115e1',931,1,15000.00,'2021-06-25 21:46:00','???????','S'),(341,'787d202e12f7a3839b2897e072e2d774',926,1,8000.00,'2021-11-19 13:29:37','???????','S'),(343,'91c59b00c999a303afae8102d66dbd05',913,1,18000.00,'2022-01-23 10:02:14','?????????','S'),(344,'8689ac79dfd9ef5af65abf636f02bad4',1099,1,57000.00,'2022-04-16 04:21:42','ivory','S'),(345,'358d1d7e4d13bb14209657705b463aea',984,1,49000.00,'2023-03-07 07:51:28','???????','M'),(346,'358d1d7e4d13bb14209657705b463aea',913,1,18000.00,'2023-03-07 07:52:12','?????????','S'),(347,'fded37b32c7123c80cd08102a7ad2f27',931,1,15000.00,'2023-03-23 13:02:37','???????','S'),(348,'fded37b32c7123c80cd08102a7ad2f27',914,1,32000.00,'2023-03-23 13:04:10','??????-?????','M'),(349,'22ece23bc4e6fefed84e0965aa3920c6',1099,1,57000.00,'2023-04-21 08:37:12','???????? ?????','S');
/*!40000 ALTER TABLE `cart` ENABLE KEYS */;
UNLOCK TABLES;

--
-- Table structure for table `cart_vars`
--

DROP TABLE IF EXISTS `cart_vars`;
/*!40101 SET @saved_cs_client     = @@character_set_client */;
/*!40101 SET character_set_client = utf8 */;
CREATE TABLE `cart_vars` (
  `cart_id` int(11) NOT NULL,
  `var_id` int(11) NOT NULL,
  PRIMARY KEY (`cart_id`,`var_id`),
  KEY `var_id` (`var_id`),
  CONSTRAINT `cart_vars_ibfk_1` FOREIGN KEY (`cart_id`) REFERENCES `cart` (`id`) ON DELETE CASCADE ON UPDATE CASCADE,
  CONSTRAINT `cart_vars_ibfk_2` FOREIGN KEY (`var_id`) REFERENCES `items_vars_values` (`id`) ON DELETE CASCADE ON UPDATE CASCADE
) ENGINE=InnoDB DEFAULT CHARSET=utf8;
/*!40101 SET character_set_client = @saved_cs_client */;

--
-- Dumping data for table `cart_vars`
--

LOCK TABLES `cart_vars` WRITE;
/*!40000 ALTER TABLE `cart_vars` DISABLE KEYS */;
/*!40000 ALTER TABLE `cart_vars` ENABLE KEYS */;
UNLOCK TABLES;

--
-- Table structure for table `categories`
--

DROP TABLE IF EXISTS `categories`;
/*!40101 SET @saved_cs_client     = @@character_set_client */;
/*!40101 SET character_set_client = utf8 */;
CREATE TABLE `categories` (
  `id` int(11) NOT NULL AUTO_INCREMENT,
  `name` varchar(255) NOT NULL,
  `anchor` varchar(255) NOT NULL,
  `parent` int(11) unsigned NOT NULL DEFAULT '0',
  `alias` varchar(255) NOT NULL,
  `menuimages` text NOT NULL,
  `images` text NOT NULL,
  `small` text NOT NULL,
  `text` longtext NOT NULL,
  `vis` int(11) NOT NULL DEFAULT '1',
  `posled` int(11) NOT NULL DEFAULT '999',
  `menu` int(11) NOT NULL DEFAULT '0',
  `main` int(11) NOT NULL DEFAULT '0',
  `_customfields` text NOT NULL,
  `_system` int(11) NOT NULL DEFAULT '0',
  PRIMARY KEY (`id`),
  KEY `parent` (`parent`)
) ENGINE=InnoDB AUTO_INCREMENT=50 DEFAULT CHARSET=utf8;
/*!40101 SET character_set_client = @saved_cs_client */;

--
-- Dumping data for table `categories`
--

LOCK TABLES `categories` WRITE;
/*!40000 ALTER TABLE `categories` DISABLE KEYS */;
INSERT INTO `categories` VALUES (20,'BESPOKE','',0,'svadebnaya','8QShRzzv2MLixNXkwMIe7AswL9KiiJtc.jpg;','Zh-HUjaOsQYqMnBZ1vFNEb71n3Yy_3AO.jpg;','Your special bespoke gown. To discuss possibilities, please send us an inquiry with your wishes.','<p>Your special&nbsp;bespoke gown. To discuss possibilities, please send us an inquiry with your wishes.</p>\r\n',1,2,1,1,'[]',0),(21,'dresses','',20,'platya','','','','',1,999,1,0,'[]',0),(22,'SEMI-BESPOKE','',0,'vechernyaya','2-Q_DzTuhSNhCy22wxTcXprJs6RGrYlU.jpg;','ZUfK1_qdIBUwIZVDUiPdfeGdavKzevEA.jpg;','All gowns and accessories of collection are eligible for semi-bespoke alterations. To discuss possibilities, please send us an inquiry with your wishes.','',1,3,1,1,'[]',0),(23,'dresses','',22,'platya-2','kvyjSlQlrxVz-pAW0HftXIRiyF07fVW6.jpg;','ZiM7irmjatSob-E7tZOExdyiCfkLmXH8.jpg;','','',1,999,1,0,'[]',0),(24,'converted','converted',0,'povsednevnaya','Q9HkR4SYW6qYzdz9R8mN1kHKCsopVDEj.jpg;','zks4pf0hBl71OP-kvjlkXlwvTlXLlbas.jpg;','Converted goods.     Mirror of time.\r\nAll goods unique, each in a single copy. ','<p>Converted goods. Mirror of time.<br />\r\nAll goods unique, each in a single copy.</p>\r\n',1,4,1,1,'[]',0),(27,'dresses','',24,'kostyumy1','','','','',1,999,1,0,'[]',0),(28,' accessories','',25,'yubki','','','','',1,3,1,0,'[]',0),(32,'Tops','',22,'kostyumy-2','','','','',1,999,1,0,'[]',0),(33,'skirts','',22,'yubki-shlejfy-2','','','','',1,999,1,0,'[]',0),(34,' accessories','',22,'bryuki-2','','','','',1,999,1,0,'[]',0),(35,'dresses','??????? ??????',25,'platya-4','','','','',1,1,1,0,'[]',0),(39,' complement','',20,'aksesuary','','','','',1,999,1,0,'[]',0),(40,'Tops','',24,'topy-bluzy','','','','',1,999,1,0,'[]',0),(42,'skirts','',24,'accessories','','','','',1,999,1,0,'[]',0),(43,'Home','',22,'aksessuary','','','','',1,999,1,0,'[]',0),(44,'accessories','',24,'yubki','','','','',1,999,1,0,'[]',0),(46,'wedding dresses','',47,'svadebnye-platya','','','','',1,999,1,0,'[]',0),(47,'occasion','',0,'sale','','','','',1,999,1,1,'[]',0),(48,'Cocktail dresses','',47,'cocktail-dresses','','','','',1,999,1,0,'',0),(49,'casual','',47,'casual','','','','',1,999,1,0,'[]',0);
/*!40000 ALTER TABLE `categories` ENABLE KEYS */;
UNLOCK TABLES;

--
-- Table structure for table `categoriestoitems`
--

DROP TABLE IF EXISTS `categoriestoitems`;
/*!40101 SET @saved_cs_client     = @@character_set_client */;
/*!40101 SET character_set_client = utf8 */;
CREATE TABLE `categoriestoitems` (
  `category_id` int(11) NOT NULL,
  `item_id` int(11) NOT NULL,
  PRIMARY KEY (`category_id`,`item_id`),
  KEY `item_id` (`item_id`),
  CONSTRAINT `categoriestoitems_ibfk_1` FOREIGN KEY (`category_id`) REFERENCES `categories` (`id`) ON DELETE CASCADE ON UPDATE CASCADE,
  CONSTRAINT `categoriestoitems_ibfk_2` FOREIGN KEY (`item_id`) REFERENCES `items` (`id`) ON DELETE CASCADE ON UPDATE CASCADE
) ENGINE=InnoDB DEFAULT CHARSET=utf8;
/*!40101 SET character_set_client = @saved_cs_client */;

--
-- Dumping data for table `categoriestoitems`
--

LOCK TABLES `categoriestoitems` WRITE;
/*!40000 ALTER TABLE `categoriestoitems` DISABLE KEYS */;
INSERT INTO `categoriestoitems` VALUES (47,913),(48,913),(46,914),(47,914),(22,915),(23,915),(47,919),(48,919),(47,926),(48,926),(47,927),(48,927),(22,929),(23,929),(47,931),(48,931),(47,933),(48,933),(46,950),(47,950),(47,951),(48,951),(47,955),(48,955),(47,961),(48,961),(47,970),(48,970),(47,976),(48,976),(47,977),(48,977),(22,984),(23,984),(47,985),(48,985),(47,987),(48,987),(20,989),(21,989),(20,993),(46,995),(47,995),(47,996),(48,996),(22,997),(23,997),(20,998),(21,998),(22,999),(23,999),(20,1000),(21,1000),(20,1001),(20,1002),(46,1006),(47,1006),(46,1009),(47,1009),(46,1010),(47,1010),(46,1011),(47,1011),(20,1012),(21,1012),(46,1012),(47,1015),(48,1015),(46,1024),(47,1024),(46,1025),(47,1025),(46,1027),(47,1027),(46,1028),(47,1028),(20,1030),(21,1030),(20,1032),(21,1032),(22,1033),(23,1033),(20,1035),(22,1041),(23,1041),(20,1042),(21,1042),(20,1043),(21,1043),(47,1063),(48,1063),(47,1065),(48,1065),(47,1067),(48,1067),(46,1071),(47,1071),(47,1072),(48,1072),(22,1082),(23,1082),(22,1089),(32,1089),(20,1091),(46,1092),(47,1092),(20,1094),(21,1094),(22,1094),(23,1094),(46,1094),(22,1095),(23,1095),(20,1097),(21,1097),(46,1097),(20,1099),(21,1099),(46,1099),(20,1100),(21,1100),(22,1100),(23,1100),(20,1101),(46,1101),(20,1102),(46,1102),(46,1103),(47,1103),(20,1104),(21,1104),(22,1105),(23,1105),(20,1107),(21,1107),(22,1107),(23,1107),(22,1111),(23,1111),(47,1112),(49,1112),(47,1113),(48,1113),(22,1114),(23,1114),(47,1114),(48,1114),(47,1117),(48,1117),(46,1124),(47,1126),(48,1126),(46,1128),(22,1131),(34,1131),(22,1133),(34,1133),(22,1134),(34,1134),(22,1135),(34,1135),(22,1136),(23,1136),(47,1141),(48,1141),(46,1143),(47,1143),(20,1144),(21,1144),(22,1144),(23,1144),(22,1145),(23,1145),(22,1146),(23,1146),(22,1147),(32,1147),(33,1147);
/*!40000 ALTER TABLE `categoriestoitems` ENABLE KEYS */;
UNLOCK TABLES;

--
-- Table structure for table `colors`
--

DROP TABLE IF EXISTS `colors`;
/*!40101 SET @saved_cs_client     = @@character_set_client */;
/*!40101 SET character_set_client = utf8 */;
CREATE TABLE `colors` (
  `id` int(11) NOT NULL AUTO_INCREMENT,
  `name` varchar(255) NOT NULL,
  `vis` int(11) NOT NULL DEFAULT '1',
  `posled` int(11) NOT NULL DEFAULT '999',
  PRIMARY KEY (`id`)
) ENGINE=InnoDB AUTO_INCREMENT=19 DEFAULT CHARSET=utf8;
/*!40101 SET character_set_client = @saved_cs_client */;

--
-- Dumping data for table `colors`
--

LOCK TABLES `colors` WRITE;
/*!40000 ALTER TABLE `colors` DISABLE KEYS */;
INSERT INTO `colors` VALUES (1,'??????? ?????',1,999),(2,'??????',1,999),(3,'???????',1,999),(4,'??????',1,999),(5,'??????',1,999),(6,'????',1,999),(7,'????????-???????',1,999),(8,'????',1,999),(9,'????????',1,999),(10,'?????',1,999),(11,'???????',1,999),(12,'??????? ',1,999),(13,'?????',1,999),(14,'???????',1,999),(15,'??????????',1,999),(16,'??????? ',1,999),(17,'???????',1,999),(18,'??????????',1,999);
/*!40000 ALTER TABLE `colors` ENABLE KEYS */;
UNLOCK TABLES;

--
-- Table structure for table `comments`
--

DROP TABLE IF EXISTS `comments`;
/*!40101 SET @saved_cs_client     = @@character_set_client */;
/*!40101 SET character_set_client = utf8 */;
CREATE TABLE `comments` (
  `id` int(11) NOT NULL AUTO_INCREMENT,
  `date` timestamp NOT NULL DEFAULT CURRENT_TIMESTAMP,
  `model` varchar(255) NOT NULL,
  `post_id` int(11) NOT NULL,
  `name` varchar(255) NOT NULL,
  `email` varchar(255) NOT NULL,
  `text` text NOT NULL,
  `pid` int(11) NOT NULL DEFAULT '0',
  `vis` int(11) NOT NULL DEFAULT '1',
  PRIMARY KEY (`id`),
  KEY `post_id` (`post_id`),
  KEY `pid` (`pid`)
) ENGINE=InnoDB DEFAULT CHARSET=utf8;
/*!40101 SET character_set_client = @saved_cs_client */;

--
-- Dumping data for table `comments`
--

LOCK TABLES `comments` WRITE;
/*!40000 ALTER TABLE `comments` DISABLE KEYS */;
/*!40000 ALTER TABLE `comments` ENABLE KEYS */;
UNLOCK TABLES;

--
-- Table structure for table `countries`
--

DROP TABLE IF EXISTS `countries`;
/*!40101 SET @saved_cs_client     = @@character_set_client */;
/*!40101 SET character_set_client = utf8 */;
CREATE TABLE `countries` (
  `id` int(11) NOT NULL AUTO_INCREMENT,
  `name` varchar(255) NOT NULL,
  `alias` varchar(255) NOT NULL,
  `images` text NOT NULL,
  `vis` int(11) NOT NULL DEFAULT '1',
  `posled` int(11) NOT NULL DEFAULT '999',
  `_customfields` text NOT NULL,
  `_system` int(11) NOT NULL DEFAULT '0',
  PRIMARY KEY (`id`)
) ENGINE=InnoDB AUTO_INCREMENT=5 DEFAULT CHARSET=utf8;
/*!40101 SET character_set_client = @saved_cs_client */;

--
-- Dumping data for table `countries`
--

LOCK TABLES `countries` WRITE;
/*!40000 ALTER TABLE `countries` DISABLE KEYS */;
INSERT INTO `countries` VALUES (4,'??????','rossiya','',1,999,'',0);
/*!40000 ALTER TABLE `countries` ENABLE KEYS */;
UNLOCK TABLES;

--
-- Table structure for table `currency`
--

DROP TABLE IF EXISTS `currency`;
/*!40101 SET @saved_cs_client     = @@character_set_client */;
/*!40101 SET character_set_client = utf8 */;
CREATE TABLE `currency` (
  `id` int(11) NOT NULL AUTO_INCREMENT,
  `name` varchar(255) NOT NULL,
  `symbol` varchar(255) NOT NULL,
  `value` double(12,2) NOT NULL,
  `before` int(11) NOT NULL DEFAULT '0',
  `code_cbr` varchar(255) NOT NULL,
  PRIMARY KEY (`id`)
) ENGINE=InnoDB AUTO_INCREMENT=4 DEFAULT CHARSET=utf8;
/*!40101 SET character_set_client = @saved_cs_client */;

--
-- Dumping data for table `currency`
--

LOCK TABLES `currency` WRITE;
/*!40000 ALTER TABLE `currency` DISABLE KEYS */;
INSERT INTO `currency` VALUES (1,'?????','?',1.00,0,'RUR'),(2,'??????','$',81.27,1,'USD'),(3,'????','€',75.00,0,'EUR');
/*!40000 ALTER TABLE `currency` ENABLE KEYS */;
UNLOCK TABLES;

--
-- Table structure for table `custom_fields`
--

DROP TABLE IF EXISTS `custom_fields`;
/*!40101 SET @saved_cs_client     = @@character_set_client */;
/*!40101 SET character_set_client = utf8 */;
CREATE TABLE `custom_fields` (
  `id` int(11) NOT NULL AUTO_INCREMENT,
  `code` varchar(255) NOT NULL,
  `name` varchar(255) NOT NULL,
  `class` varchar(255) NOT NULL,
  PRIMARY KEY (`id`),
  KEY `class` (`class`)
) ENGINE=InnoDB DEFAULT CHARSET=utf8;
/*!40101 SET character_set_client = @saved_cs_client */;

--
-- Dumping data for table `custom_fields`
--

LOCK TABLES `custom_fields` WRITE;
/*!40000 ALTER TABLE `custom_fields` DISABLE KEYS */;
/*!40000 ALTER TABLE `custom_fields` ENABLE KEYS */;
UNLOCK TABLES;

--
-- Table structure for table `deliveries`
--

DROP TABLE IF EXISTS `deliveries`;
/*!40101 SET @saved_cs_client     = @@character_set_client */;
/*!40101 SET character_set_client = utf8 */;
CREATE TABLE `deliveries` (
  `id` int(11) NOT NULL AUTO_INCREMENT,
  `name` varchar(255) NOT NULL,
  `price` int(11) NOT NULL,
  `vis` int(11) NOT NULL DEFAULT '1',
  `posled` int(11) NOT NULL DEFAULT '999',
  PRIMARY KEY (`id`)
) ENGINE=InnoDB AUTO_INCREMENT=3 DEFAULT CHARSET=utf8;
/*!40101 SET character_set_client = @saved_cs_client */;

--
-- Dumping data for table `deliveries`
--

LOCK TABLES `deliveries` WRITE;
/*!40000 ALTER TABLE `deliveries` DISABLE KEYS */;
INSERT INTO `deliveries` VALUES (1,'????????? ?? ??????',0,1,1),(2,'???????? ?? ??????',1500,1,2);
/*!40000 ALTER TABLE `deliveries` ENABLE KEYS */;
UNLOCK TABLES;

--
-- Table structure for table `deliveries_prices`
--

DROP TABLE IF EXISTS `deliveries_prices`;
/*!40101 SET @saved_cs_client     = @@character_set_client */;
/*!40101 SET character_set_client = utf8 */;
CREATE TABLE `deliveries_prices` (
  `id` int(11) NOT NULL AUTO_INCREMENT,
  `delivery_id` int(11) NOT NULL,
  `price` double(12,2) NOT NULL,
  `condition` varchar(255) NOT NULL,
  `cart_price` double(12,2) NOT NULL,
  PRIMARY KEY (`id`),
  KEY `delivery_id` (`delivery_id`),
  CONSTRAINT `deliveries_prices_ibfk_1` FOREIGN KEY (`delivery_id`) REFERENCES `deliveries` (`id`) ON DELETE CASCADE ON UPDATE CASCADE
) ENGINE=InnoDB AUTO_INCREMENT=5 DEFAULT CHARSET=utf8;
/*!40101 SET character_set_client = @saved_cs_client */;

--
-- Dumping data for table `deliveries_prices`
--

LOCK TABLES `deliveries_prices` WRITE;
/*!40000 ALTER TABLE `deliveries_prices` DISABLE KEYS */;
INSERT INTO `deliveries_prices` VALUES (4,2,0.00,'>',10000.00);
/*!40000 ALTER TABLE `deliveries_prices` ENABLE KEYS */;
UNLOCK TABLES;

--
-- Table structure for table `deliveriespayments`
--

DROP TABLE IF EXISTS `deliveriespayments`;
/*!40101 SET @saved_cs_client     = @@character_set_client */;
/*!40101 SET character_set_client = utf8 */;
CREATE TABLE `deliveriespayments` (
  `delivery_id` int(11) NOT NULL,
  `payment_id` int(11) NOT NULL,
  PRIMARY KEY (`delivery_id`,`payment_id`),
  KEY `payment_id` (`payment_id`),
  CONSTRAINT `deliveriespayments_ibfk_1` FOREIGN KEY (`delivery_id`) REFERENCES `deliveries` (`id`) ON DELETE CASCADE ON UPDATE CASCADE,
  CONSTRAINT `deliveriespayments_ibfk_2` FOREIGN KEY (`payment_id`) REFERENCES `payments` (`id`) ON DELETE CASCADE ON UPDATE CASCADE
) ENGINE=InnoDB DEFAULT CHARSET=utf8;
/*!40101 SET character_set_client = @saved_cs_client */;

--
-- Dumping data for table `deliveriespayments`
--

LOCK TABLES `deliveriespayments` WRITE;
/*!40000 ALTER TABLE `deliveriespayments` DISABLE KEYS */;
/*!40000 ALTER TABLE `deliveriespayments` ENABLE KEYS */;
UNLOCK TABLES;

--
-- Table structure for table `deliverycities`
--

DROP TABLE IF EXISTS `deliverycities`;
/*!40101 SET @saved_cs_client     = @@character_set_client */;
/*!40101 SET character_set_client = utf8 */;
CREATE TABLE `deliverycities` (
  `id` int(11) NOT NULL AUTO_INCREMENT,
  `country_id` int(11) NOT NULL,
  `name` varchar(255) NOT NULL,
  `vis` int(11) NOT NULL DEFAULT '1',
  `posled` int(11) NOT NULL DEFAULT '999',
  `price` double(12,2) NOT NULL DEFAULT '0.00',
  PRIMARY KEY (`id`),
  KEY `country_id` (`country_id`),
  CONSTRAINT `deliverycities_ibfk_1` FOREIGN KEY (`country_id`) REFERENCES `deliverycountries` (`id`)
) ENGINE=InnoDB AUTO_INCREMENT=92 DEFAULT CHARSET=utf8;
/*!40101 SET character_set_client = @saved_cs_client */;

--
-- Dumping data for table `deliverycities`
--

LOCK TABLES `deliverycities` WRITE;
/*!40000 ALTER TABLE `deliverycities` DISABLE KEYS */;
INSERT INTO `deliverycities` VALUES (1,1,'??????',1,999,2550.00),(11,1,'??????',1,999,1100.00),(12,1,'??????',1,999,1250.00),(13,1,'???????',1,999,800.00),(14,1,'?????????',1,999,1250.00),(15,1,'??????????',1,999,1250.00),(16,1,'?????-?????????',1,999,550.00),(17,1,'??????',1,999,1250.00),(18,1,'???????',1,999,1250.00),(19,1,'?????',1,999,1100.00),(20,1,'????????????',1,999,1100.00),(21,1,'???????????',1,999,1550.00),(22,1,'?????? ????????',1,999,1100.00),(23,1,'????',1,999,1550.00),(24,1,'????????',1,999,1250.00),(25,1,'????',1,999,1100.00),(26,1,'?????',1,999,1250.00),(27,1,'?????',1,999,1250.00),(28,1,'?????????????-??????????',1,999,2550.00),(29,1,'????????',1,999,2000.00),(30,1,'???????????',1,999,800.00),(31,1,'?????-?????????',1,999,1750.00),(32,1,'?????????',1,999,2000.00),(33,1,'????????',1,999,1550.00),(34,1,'?????????',1,999,1250.00),(35,1,'?????????',1,999,1250.00),(36,1,'????',1,999,2000.00),(37,1,'??????',1,999,1550.00),(38,1,'????-?????????',1,999,2000.00),(39,1,'???',1,999,1250.00),(40,1,'?????????',1,999,1250.00),(41,1,'????',1,999,1250.00),(42,1,'????????',1,999,1100.00),(43,1,'??????',1,999,1100.00),(44,1,'?????',1,999,1100.00),(45,1,'?????',1,999,1550.00),(46,1,'??????',1,999,1550.00),(47,1,'????',1,999,1100.00),(48,1,'????-???',1,999,1550.00),(49,1,'???????',1,999,1250.00),(50,1,'??????-???',1,999,1250.00),(51,1,'????????',1,999,1800.00),(52,1,'???????????',1,999,1750.00),(53,1,'????????',1,999,1100.00),(54,1,'?????????',1,999,1250.00),(55,1,'???????',1,999,1100.00),(56,1,'???????',1,999,1100.00),(57,1,'??????? ????????',1,999,1100.00),(58,1,'?????-???????',1,999,1550.00),(59,1,'???????',1,999,1250.00),(60,1,'???????????',1,999,1550.00),(61,1,'??????????',1,999,2000.00),(62,1,'??????',1,999,1750.00),(63,1,'???????????',1,999,1250.00),(64,1,'?????????',1,999,1250.00),(65,1,'???????',1,999,2550.00),(66,1,'????????',1,999,1100.00),(67,1,'????????????',1,999,2000.00),(68,1,'??????',1,999,1100.00),(69,1,'??????? ',1,999,1550.00),(70,1,'????????????',1,999,1250.00),(71,1,'???????',1,999,1100.00),(72,1,'??????',1,999,1250.00),(73,1,'?????',1,999,800.00),(74,1,'?????',1,999,1450.00),(75,1,'??????',1,999,1100.00),(76,1,'??????',1,999,1550.00),(77,1,'?????????',1,999,1250.00),(78,1,'?????',1,999,1550.00),(79,1,'???????',1,999,2550.00),(80,1,'????????',1,999,1100.00),(81,1,'??????????',1,999,1550.00),(82,1,'??????',1,999,1250.00),(83,1,'???????',1,999,1550.00),(84,1,'??????-???',1,999,1050.00),(85,1,'??????',1,999,1250.00),(86,1,'???????????',1,999,1250.00),(87,1,'??????',1,999,1100.00),(88,1,'????????',1,999,1550.00),(89,1,'?????',1,999,1100.00),(90,1,'??????',1,999,370.00),(91,1,'?????????',1,999,350.00);
/*!40000 ALTER TABLE `deliverycities` ENABLE KEYS */;
UNLOCK TABLES;

--
-- Table structure for table `deliverycountries`
--

DROP TABLE IF EXISTS `deliverycountries`;
/*!40101 SET @saved_cs_client     = @@character_set_client */;
/*!40101 SET character_set_client = utf8 */;
CREATE TABLE `deliverycountries` (
  `id` int(11) NOT NULL AUTO_INCREMENT,
  `name` varchar(255) NOT NULL,
  `vis` int(11) NOT NULL DEFAULT '1',
  `posled` int(11) NOT NULL DEFAULT '999',
  `price` double(12,2) NOT NULL DEFAULT '0.00',
  PRIMARY KEY (`id`)
) ENGINE=InnoDB AUTO_INCREMENT=59 DEFAULT CHARSET=utf8;
/*!40101 SET character_set_client = @saved_cs_client */;

--
-- Dumping data for table `deliverycountries`
--

LOCK TABLES `deliverycountries` WRITE;
/*!40000 ALTER TABLE `deliverycountries` DISABLE KEYS */;
INSERT INTO `deliverycountries` VALUES (1,'??????',1,999,0.00),(2,'???',1,999,5000.00),(3,'???????',1,999,2900.00),(4,'???????????',1,999,2550.00),(5,'???????',1,999,2900.00),(6,'???????',1,999,2900.00),(7,'???????',1,999,2550.00),(8,'????????',1,999,2550.00),(9,'???????',1,999,2900.00),(10,'????????',1,999,2900.00),(11,'?????? ? ???????????',1,999,2900.00),(12,'???????',1,999,2900.00),(13,'??????????????',1,999,2900.00),(14,'???????',1,999,2900.00),(15,'????????',1,999,2900.00),(16,'??????',1,999,2900.00),(17,'??????',1,999,2550.00),(18,'?????',1,999,2900.00),(19,'????????',1,999,3500.00),(20,'????????',1,999,3500.00),(21,'???????',1,999,2900.00),(22,'??????',1,999,2900.00),(23,'?????????',1,999,2550.00),(24,'????',1,999,3500.00),(25,'??????',1,999,2900.00),(26,'?????',1,999,2900.00),(27,'???????????',1,999,2900.00),(28,'??????????',1,999,2900.00),(29,'??????',1,999,3500.00),(30,'???????',1,999,2550.00),(31,'??????',1,999,2900.00),(32,'??????????',1,999,2900.00),(33,'???????',1,999,2900.00),(34,'?????? ? ???????????',1,999,2900.00),(35,'????????',1,999,2900.00),(36,'???????',1,999,2900.00),(37,'?????????',1,999,1.00),(38,'???????',1,999,2550.00),(39,'?????????',1,999,1.00),(40,'?????',1,999,1.00),(41,'???????',1,999,2900.00),(42,'??????????',1,999,1.00),(43,'???????',1,999,1.00),(44,'?????????',1,999,2900.00),(45,'???????',1,999,2900.00),(46,'????????',1,999,2900.00),(47,'??????????',1,999,2900.00),(48,'??????? ??????????',1,999,2900.00),(49,'?????????',1,999,2900.00),(50,'??????',1,999,2900.00),(51,'???????',1,999,2900.00),(52,'?????',1,999,4850.00),(53,'??????',1,999,4250.00),(54,'??????',1,999,4850.00),(55,'???????????? ???????? ???????',1,999,4250.00),(56,'????',1,999,4250.00),(57,'?????????? ??????',1,999,4250.00),(58,'???????',1,999,4850.00);
/*!40000 ALTER TABLE `deliverycountries` ENABLE KEYS */;
UNLOCK TABLES;

--
-- Table structure for table `emailer`
--

DROP TABLE IF EXISTS `emailer`;
/*!40101 SET @saved_cs_client     = @@character_set_client */;
/*!40101 SET character_set_client = utf8 */;
CREATE TABLE `emailer` (
  `id` int(11) NOT NULL AUTO_INCREMENT,
  `date` timestamp NOT NULL DEFAULT CURRENT_TIMESTAMP,
  `last_send` timestamp NOT NULL DEFAULT '0000-00-00 00:00:00',
  `subject` varchar(255) NOT NULL,
  `emails` text NOT NULL,
  `files` text NOT NULL,
  `text` text NOT NULL,
  `status` int(11) NOT NULL DEFAULT '1',
  PRIMARY KEY (`id`)
) ENGINE=InnoDB DEFAULT CHARSET=utf8;
/*!40101 SET character_set_client = @saved_cs_client */;

--
-- Dumping data for table `emailer`
--

LOCK TABLES `emailer` WRITE;
/*!40000 ALTER TABLE `emailer` DISABLE KEYS */;
/*!40000 ALTER TABLE `emailer` ENABLE KEYS */;
UNLOCK TABLES;

--
-- Table structure for table `faces`
--

DROP TABLE IF EXISTS `faces`;
/*!40101 SET @saved_cs_client     = @@character_set_client */;
/*!40101 SET character_set_client = utf8 */;
CREATE TABLE `faces` (
  `id` int(11) NOT NULL AUTO_INCREMENT,
  `name` varchar(255) NOT NULL,
  `post` varchar(255) NOT NULL,
  `vk` varchar(255) NOT NULL,
  `fb` varchar(255) NOT NULL,
  `phone` varchar(255) NOT NULL,
  `email` varchar(255) NOT NULL,
  `images` text NOT NULL,
  `bigimages` text NOT NULL,
  `text` text NOT NULL,
  `vis` int(11) NOT NULL DEFAULT '1',
  `posled` int(11) NOT NULL DEFAULT '999',
  `_customfields` text NOT NULL,
  `_system` int(11) NOT NULL DEFAULT '0',
  PRIMARY KEY (`id`)
) ENGINE=InnoDB AUTO_INCREMENT=2 DEFAULT CHARSET=utf8;
/*!40101 SET character_set_client = @saved_cs_client */;

--
-- Dumping data for table `faces`
--

LOCK TABLES `faces` WRITE;
/*!40000 ALTER TABLE `faces` DISABLE KEYS */;
INSERT INTO `faces` VALUES (1,'123','123','','','','','','','',1,999,'',0);
/*!40000 ALTER TABLE `faces` ENABLE KEYS */;
UNLOCK TABLES;

--
-- Table structure for table `faq`
--

DROP TABLE IF EXISTS `faq`;
/*!40101 SET @saved_cs_client     = @@character_set_client */;
/*!40101 SET character_set_client = utf8 */;
CREATE TABLE `faq` (
  `id` int(11) NOT NULL AUTO_INCREMENT,
  `name` text NOT NULL,
  `text` text NOT NULL,
  `vis` int(11) NOT NULL DEFAULT '1',
  `posled` int(11) NOT NULL DEFAULT '999',
  `_customfields` text NOT NULL,
  `_system` int(11) NOT NULL DEFAULT '0',
  PRIMARY KEY (`id`)
) ENGINE=InnoDB AUTO_INCREMENT=4 DEFAULT CHARSET=utf8;
/*!40101 SET character_set_client = @saved_cs_client */;

--
-- Dumping data for table `faq`
--

LOCK TABLES `faq` WRITE;
/*!40000 ALTER TABLE `faq` DISABLE KEYS */;
INSERT INTO `faq` VALUES (2,'??? ??????? ??????','<p>????? ? ????? ???????? ????? ???????? ??????, ?????? ???????????? ????? ? ???????? ??? ? ???????. ????? ????????? ?????? ? ???????. ????? ????? ??? ?? ????? ?????? ?????????? ?????? ?????? ? ??? ???????? ? ???? ??? ????????? ???? ???????.</p>\r\n\r\n<p>???? ??????????? ???????? ??? ????? ? ?????????? ?????????.</p>\r\n',1,999,'',0),(3,'???? ?? ? ??? ???-????','<p>??, ? ??? ???? ??????????? ??????? ? ?? ?????? ????????? ? ???? ??????????? ????? ??? ???????????? ? ???????.</p>\r\n',1,999,'',0);
/*!40000 ALTER TABLE `faq` ENABLE KEYS */;
UNLOCK TABLES;

--
-- Table structure for table `filters`
--

DROP TABLE IF EXISTS `filters`;
/*!40101 SET @saved_cs_client     = @@character_set_client */;
/*!40101 SET character_set_client = utf8 */;
CREATE TABLE `filters` (
  `id` int(11) NOT NULL AUTO_INCREMENT,
  `name` varchar(255) NOT NULL,
  `type_id` int(11) NOT NULL,
  `showtype_id` int(11) NOT NULL,
  `static` int(11) NOT NULL DEFAULT '0',
  `alias` varchar(255) NOT NULL,
  `ext` varchar(255) NOT NULL,
  `vis` int(11) NOT NULL DEFAULT '1',
  `posled` int(11) NOT NULL DEFAULT '999',
  PRIMARY KEY (`id`),
  KEY `type_id` (`type_id`),
  KEY `showtype_id` (`showtype_id`),
  CONSTRAINT `filters_ibfk_1` FOREIGN KEY (`type_id`) REFERENCES `filters_types` (`id`),
  CONSTRAINT `filters_ibfk_2` FOREIGN KEY (`showtype_id`) REFERENCES `filters_showtypes` (`id`)
) ENGINE=InnoDB DEFAULT CHARSET=utf8;
/*!40101 SET character_set_client = @saved_cs_client */;

--
-- Dumping data for table `filters`
--

LOCK TABLES `filters` WRITE;
/*!40000 ALTER TABLE `filters` DISABLE KEYS */;
/*!40000 ALTER TABLE `filters` ENABLE KEYS */;
UNLOCK TABLES;

--
-- Table structure for table `filters_categories`
--

DROP TABLE IF EXISTS `filters_categories`;
/*!40101 SET @saved_cs_client     = @@character_set_client */;
/*!40101 SET character_set_client = utf8 */;
CREATE TABLE `filters_categories` (
  `filter_id` int(11) NOT NULL,
  `category_id` int(11) NOT NULL,
  PRIMARY KEY (`filter_id`,`category_id`),
  KEY `category_id` (`category_id`),
  CONSTRAINT `filters_categories_ibfk_1` FOREIGN KEY (`filter_id`) REFERENCES `filters` (`id`) ON DELETE CASCADE ON UPDATE CASCADE,
  CONSTRAINT `filters_categories_ibfk_2` FOREIGN KEY (`category_id`) REFERENCES `categories` (`id`) ON DELETE CASCADE ON UPDATE CASCADE
) ENGINE=InnoDB DEFAULT CHARSET=utf8;
/*!40101 SET character_set_client = @saved_cs_client */;

--
-- Dumping data for table `filters_categories`
--

LOCK TABLES `filters_categories` WRITE;
/*!40000 ALTER TABLE `filters_categories` DISABLE KEYS */;
/*!40000 ALTER TABLE `filters_categories` ENABLE KEYS */;
UNLOCK TABLES;

--
-- Table structure for table `filters_showtypes`
--

DROP TABLE IF EXISTS `filters_showtypes`;
/*!40101 SET @saved_cs_client     = @@character_set_client */;
/*!40101 SET character_set_client = utf8 */;
CREATE TABLE `filters_showtypes` (
  `id` int(11) NOT NULL AUTO_INCREMENT,
  `name` varchar(255) NOT NULL,
  PRIMARY KEY (`id`)
) ENGINE=InnoDB AUTO_INCREMENT=6 DEFAULT CHARSET=utf8;
/*!40101 SET character_set_client = @saved_cs_client */;

--
-- Dumping data for table `filters_showtypes`
--

LOCK TABLES `filters_showtypes` WRITE;
/*!40000 ALTER TABLE `filters_showtypes` DISABLE KEYS */;
INSERT INTO `filters_showtypes` VALUES (1,'???????'),(2,'??????'),(3,'?????'),(4,'???????'),(5,'????????? ????');
/*!40000 ALTER TABLE `filters_showtypes` ENABLE KEYS */;
UNLOCK TABLES;

--
-- Table structure for table `filters_types`
--

DROP TABLE IF EXISTS `filters_types`;
/*!40101 SET @saved_cs_client     = @@character_set_client */;
/*!40101 SET character_set_client = utf8 */;
CREATE TABLE `filters_types` (
  `id` int(11) NOT NULL AUTO_INCREMENT,
  `name` varchar(255) NOT NULL,
  PRIMARY KEY (`id`)
) ENGINE=InnoDB AUTO_INCREMENT=5 DEFAULT CHARSET=utf8;
/*!40101 SET character_set_client = @saved_cs_client */;

--
-- Dumping data for table `filters_types`
--

LOCK TABLES `filters_types` WRITE;
/*!40000 ALTER TABLE `filters_types` DISABLE KEYS */;
INSERT INTO `filters_types` VALUES (1,'?????'),(2,'??????????????'),(3,'????'),(4,'???????????');
/*!40000 ALTER TABLE `filters_types` ENABLE KEYS */;
UNLOCK TABLES;

--
-- Table structure for table `filters_values`
--

DROP TABLE IF EXISTS `filters_values`;
/*!40101 SET @saved_cs_client     = @@character_set_client */;
/*!40101 SET character_set_client = utf8 */;
CREATE TABLE `filters_values` (
  `id` int(11) NOT NULL AUTO_INCREMENT,
  `filter_id` int(11) NOT NULL,
  `var_showtype_id` int(10) unsigned NOT NULL DEFAULT '0',
  `var_showtype_value_id` int(10) unsigned NOT NULL DEFAULT '0',
  `prop_id` int(11) NOT NULL DEFAULT '0',
  `name` varchar(255) NOT NULL,
  `alias` varchar(255) NOT NULL,
  `h1` varchar(255) NOT NULL,
  `meta_title` varchar(255) NOT NULL,
  `meta_description` varchar(255) NOT NULL,
  `meta_keywords` varchar(255) NOT NULL,
  `vis` int(11) NOT NULL DEFAULT '1',
  `posled` int(11) NOT NULL DEFAULT '999',
  PRIMARY KEY (`id`),
  KEY `filter_id` (`filter_id`),
  KEY `var_showtype_id` (`var_showtype_id`),
  KEY `var_showtype_value_id` (`var_showtype_value_id`),
  KEY `prop_id` (`prop_id`),
  CONSTRAINT `filters_values_ibfk_1` FOREIGN KEY (`filter_id`) REFERENCES `filters` (`id`) ON DELETE CASCADE ON UPDATE CASCADE
) ENGINE=InnoDB DEFAULT CHARSET=utf8;
/*!40101 SET character_set_client = @saved_cs_client */;

--
-- Dumping data for table `filters_values`
--

LOCK TABLES `filters_values` WRITE;
/*!40000 ALTER TABLE `filters_values` DISABLE KEYS */;
/*!40000 ALTER TABLE `filters_values` ENABLE KEYS */;
UNLOCK TABLES;

--
-- Table structure for table `filters_values_props`
--

DROP TABLE IF EXISTS `filters_values_props`;
/*!40101 SET @saved_cs_client     = @@character_set_client */;
/*!40101 SET character_set_client = utf8 */;
CREATE TABLE `filters_values_props` (
  `id` int(11) NOT NULL AUTO_INCREMENT,
  `filter_value_id` int(11) NOT NULL,
  `prop_id` int(11) NOT NULL,
  `from_value` varchar(255) NOT NULL,
  `to_value` varchar(255) NOT NULL,
  PRIMARY KEY (`id`),
  KEY `prop_id` (`prop_id`),
  KEY `filter_value_id` (`filter_value_id`),
  CONSTRAINT `filters_values_props_ibfk_1` FOREIGN KEY (`filter_value_id`) REFERENCES `filters_values` (`id`) ON DELETE CASCADE ON UPDATE CASCADE,
  CONSTRAINT `filters_values_props_ibfk_2` FOREIGN KEY (`prop_id`) REFERENCES `props` (`id`) ON DELETE CASCADE ON UPDATE CASCADE
) ENGINE=InnoDB DEFAULT CHARSET=utf8;
/*!40101 SET character_set_client = @saved_cs_client */;

--
-- Dumping data for table `filters_values_props`
--

LOCK TABLES `filters_values_props` WRITE;
/*!40000 ALTER TABLE `filters_values_props` DISABLE KEYS */;
/*!40000 ALTER TABLE `filters_values_props` ENABLE KEYS */;
UNLOCK TABLES;

--
-- Table structure for table `items`
--

DROP TABLE IF EXISTS `items`;
/*!40101 SET @saved_cs_client     = @@character_set_client */;
/*!40101 SET character_set_client = utf8 */;
CREATE TABLE `items` (
  `id` int(11) NOT NULL AUTO_INCREMENT,
  `parent` int(10) unsigned NOT NULL DEFAULT '0',
  `brand_id` int(11) NOT NULL,
  `status_id` int(11) NOT NULL,
  `currency_id` int(11) NOT NULL DEFAULT '1',
  `categoryData` text NOT NULL,
  `name` varchar(255) NOT NULL,
  `alias` varchar(255) NOT NULL,
  `text` text NOT NULL,
  `price` double(12,2) NOT NULL DEFAULT '0.00',
  `_system_dynamic_price` double(12,2) NOT NULL DEFAULT '0.00',
  `old_price` double(12,2) NOT NULL,
  `percent` float NOT NULL DEFAULT '0',
  `images` text NOT NULL,
  `weight` float NOT NULL DEFAULT '0',
  `box_type` int(11) NOT NULL DEFAULT '1',
  `box_weight` float NOT NULL DEFAULT '0',
  `vis` int(11) NOT NULL DEFAULT '1',
  `posled` int(11) NOT NULL DEFAULT '999',
  `special` int(11) NOT NULL DEFAULT '0',
  `new` int(11) NOT NULL DEFAULT '0',
  `best` int(11) NOT NULL DEFAULT '0',
  `day_item` int(11) NOT NULL DEFAULT '0',
  `rating` set('1','2','3','4','5') NOT NULL DEFAULT '5',
  `date` timestamp NOT NULL DEFAULT CURRENT_TIMESTAMP,
  `meta_data` text NOT NULL,
  `_customfields` text NOT NULL,
  `_system` int(11) NOT NULL DEFAULT '0',
  PRIMARY KEY (`id`),
  KEY `alias` (`alias`),
  KEY `brand_id` (`brand_id`),
  KEY `status_id` (`status_id`),
  KEY `parent` (`parent`),
  KEY `currency_id` (`currency_id`),
  CONSTRAINT `items_ibfk_1` FOREIGN KEY (`brand_id`) REFERENCES `brands` (`id`),
  CONSTRAINT `items_ibfk_2` FOREIGN KEY (`status_id`) REFERENCES `items_status` (`id`),
  CONSTRAINT `items_ibfk_3` FOREIGN KEY (`currency_id`) REFERENCES `currency` (`id`)
) ENGINE=InnoDB AUTO_INCREMENT=1148 DEFAULT CHARSET=utf8;
/*!40101 SET character_set_client = @saved_cs_client */;

--
-- Dumping data for table `items`
--

LOCK TABLES `items` WRITE;
/*!40000 ALTER TABLE `items` DISABLE KEYS */;
INSERT INTO `items` VALUES (913,0,9,1,1,'{\"id\":47,\"name\":\"SALE\",\"anchor\":\"\",\"parent\":0,\"alias\":\"sale\",\"menuimages\":\"\",\"images\":\"\",\"small\":\"\",\"text\":\"\",\"vis\":1,\"posled\":999,\"menu\":1,\"main\":1,\"_customfields\":\"[]\",\"_system\":0}','?????? LEAVES II','leavs-ipt','<p>?????? ? 3? ???????? ?????????? ????????, ???????? ??????, ?????????? ??????.</p>\r\n\r\n<p>&nbsp;</p>\r\n',18000.00,18000.00,56000.00,41000,'e356c2b1bf99c73bab143c8f227c2de976752a78.jpg::????? ????;58a2f3b22a0380f0a4a983d41056de3150bb95cf.jpg;f5015affc8b8b37c0e0c9ef720123d4c82b9b146.jpg;ac0478cc3d97f6c92a3422fedab0662e04089613.jpg;625ec4356318a7678b037cefa8c80f714861cc2e.jpg;c604c4cee06df059279e7618b39f4f421a040a74.jpg;e5de8139f17c0ce6b40d8bbb7f11e61e4cafc1ee.jpg;ea2955c5f4794bd18dba7cb5fdc00692647fbd9c.jpg;ab925b09991f96a658d4a3cd3b92eff4739247c5.jpg;',0,1,0,1,1,1,1,1,1,'4','2017-12-08 14:36:18','{\"h1--lc--s:?\":\"leaves ii ??????\"}','[]',0),(914,0,10,1,1,'{\"id\":47,\"name\":\"SALE\",\"anchor\":\"\",\"parent\":0,\"alias\":\"sale\",\"menuimages\":\"\",\"images\":\"\",\"small\":\"\",\"text\":\"\",\"vis\":1,\"posled\":999,\"menu\":1,\"main\":1,\"_customfields\":\"[]\",\"_system\":0}','?????? LOVE','belo-pat','<p>????????? ?????? &quot;?????&quot; ? ?????? ?????? - ?????? ??????? ?? ????? ????. ?????? ????? ???????? ?? ??????? ???????.</p>\r\n',32000.00,32000.00,92000.00,15,'905caf55842a45715e54b66a8bbb71412a602c85.jpg;fc96c0c985e0fa99782ead428db2d849ecf94087.jpg;b84833221f0227e529c7c327ade0d48a44bd3f57.jpg;31c6b9637a5c22f5d8bc8e355805b9c57b0ffd1a.jpg;',0,1,0,1,1,1,1,1,1,'4','2017-12-12 15:26:39','{\"h1--lc--s:?\":\"????? ?????? \"}','[]',0),(915,0,11,2,1,'{\"id\":22,\"name\":\"????????\",\"anchor\":\"\",\"parent\":0,\"alias\":\"vechernyaya\",\"menuimages\":\"DgsppK2DyKXvKAkavkO-zQG7IxxY-ieB.jpg;\",\"images\":\"l8oZkBWATklPiWRzfx_vBexiLzARkIJp.jpg;\",\"small\":\"???????? ? ?????????? ?????? MANIA modeler ????????? ? ?????? ????????? demi couture. ???????????? ?????, ??????? ?????? ???????, ????????? ??????????? ? ????????????? ??????? ? ??????? ?????????? ???????????????? ? ???????? ???????????? ?????.\",\"text\":\"<p>???????? ? ?????????? ?????? MANIA modeler ????????? ? ?????? ????????? demi couture. ???????????? ?????, ??????? ?????? ???????, ????????? ??????????? ? ????????????? ??????? ? ??????? ?????????? ???????????????? ? ???????? ???????????? ?????.</p>\\r\\n\",\"vis\":1,\"posled\":3,\"menu\":1,\"main\":1,\"_customfields\":\"[]\",\"_system\":0}','?????? GREY WINGS','vechrn-plat','<p>?????? ????????? ?????? ? ??????? ? ???????? ???????.</p>\r\n',92000.00,92000.00,0.00,0,'740cbd4c0bc4819d4df2b4e51966d48d46c462fe.jpg;17e5cc20843a34697add1dea179e4361a880135e.jpg;426a12d6ac8b13d5f23c1e3f435714c69a592fcf.jpg;0ddc69cb9721afa81e616c3f687babab97a4ff39.jpg;c0847116b168e40a7142878e3a4fdb48bd9c125f.jpg;214d3fb3137817a689a4fa9a37fcb44339e4a1fe.jpg;e89b4294054c9c22e3cd10462b314985c3274647.jpg;d5d8623dd0f4fbacfa4a8d63d89a281969299c65.jpg;',0,1,0,0,2,0,1,1,1,'1','2017-12-12 15:43:32','{\"h1--lc--s:?\":\"???????? ?????? \"}','[]',0),(919,0,10,2,1,'{\"id\":47,\"name\":\"SALE\",\"anchor\":\"\",\"parent\":0,\"alias\":\"sale\",\"menuimages\":\"\",\"images\":\"\",\"small\":\"\",\"text\":\"\",\"vis\":1,\"posled\":999,\"menu\":1,\"main\":1,\"_customfields\":\"[]\",\"_system\":0}','?????? FLOWER','detsko-pla','',25000.00,25000.00,72000.00,0,'6983ad77cf3e028a224bf58bbb06f75073f7c8ca.jpg;aafcea0d1767fc35610940ce263db11e742df3c1.jpg;e543f7c5a3ae3d05027dabb0be554db666348aeb.jpg;c61191d8c5e307c15ac3bab0f7c13c87907a210e.jpg;84ab7011c7b9189f4be66dd43870c30fed3d56b9.jpg;e1c39f08a99d6f54c72e1dc0621e3114b4fa2184.jpg;a0bde08aee0b215cf1ed401875a1fb2666749d96.jpg;',0,1,0,1,0,1,1,1,1,'5','2017-12-13 09:21:31','{\"h1--lc--s:?\":\"??????? ??????\"}','[]',0),(926,0,12,1,1,'{\"id\":47,\"name\":\"SALE\",\"anchor\":\"\",\"parent\":0,\"alias\":\"sale\",\"menuimages\":\"\",\"images\":\"\",\"small\":\"\",\"text\":\"\",\"vis\":1,\"posled\":999,\"menu\":1,\"main\":1,\"_customfields\":\"[]\",\"_system\":0}','???? MINT','mint','',8000.00,8000.00,44000.00,0,'87e7fec83f897f54ef812c92a9a9527b2de03410.jpg;b7f7a5752f8fa84b5f1c0a1d3e5dc7f5e9aeded0.jpg;e5f73481a81e9cbc29acf9df1924ea6e88048f84.jpg;66aca2283b862689dcdac1ecaf2cc59bbef80286.jpg;b1b3989fd19eac989392b37b5f7fb057c51aeccc.jpg;6365870418d894de0954dbb464a7972e9220558c.jpg;004add250ff9b186f5643b70e529f043497edf1f.jpg;',0,1,0,1,999,1,0,0,0,'5','2018-03-23 15:46:41','{\"h1--lc--s:?\":\"???? mint\"}','[]',0),(927,0,12,1,1,'{\"id\":47,\"name\":\"SALE\",\"anchor\":\"\",\"parent\":0,\"alias\":\"sale\",\"menuimages\":\"\",\"images\":\"\",\"small\":\"\",\"text\":\"\",\"vis\":1,\"posled\":999,\"menu\":1,\"main\":1,\"_customfields\":\"[]\",\"_system\":0}',' ?????? ASH','ash','',18000.00,18000.00,65000.00,0,'0b4978375ee9731d1cf40fc09c262afbaee06a7f.jpg;40fefa3961264098257451a6495c28f59b4c2610.jpg;01ba2599552cfc09c996426fc32ce9aec55bdd88.jpg;3bfc5c9c4cb92e62214a4afcab3920eef783e306.jpg;85d2a066302bf37c6d48329442776c7d25c95ce8.jpg;f3c4147458ee49d01a7406ca1d3f936c2e7dc10b.jpg;9e0d6e4e3ef8e4d84ec8b013a12edc5289fa8add.jpg;e263d43f8a57867a279a1aee1bdf24f8a7d07f4c.jpg;',0,1,0,1,999,1,0,0,0,'5','2018-03-23 15:50:14','{\"h1--lc--s:?\":\"ash\"}','[]',0),(929,0,12,2,1,'{\"id\":22,\"name\":\"????????\",\"anchor\":\"\",\"parent\":0,\"alias\":\"vechernyaya\",\"menuimages\":\"DgsppK2DyKXvKAkavkO-zQG7IxxY-ieB.jpg;\",\"images\":\"l8oZkBWATklPiWRzfx_vBexiLzARkIJp.jpg;\",\"small\":\"???????? ? ?????????? ?????? MANIA modeler ????????? ? ?????? ????????? demi couture. ???????????? ?????, ??????? ?????? ???????, ????????? ??????????? ? ????????????? ??????? ? ??????? ?????????? ???????????????? ? ???????? ???????????? ?????.\",\"text\":\"<p>???????? ? ?????????? ?????? MANIA modeler ????????? ? ?????? ????????? demi couture. ???????????? ?????, ??????? ?????? ???????, ????????? ??????????? ? ????????????? ??????? ? ??????? ?????????? ???????????????? ? ???????? ???????????? ?????.</p>\\r\\n\",\"vis\":1,\"posled\":3,\"menu\":1,\"main\":1,\"_customfields\":\"[]\",\"_system\":0}',' ?????? DUST','dust','',44000.00,44000.00,0.00,0,'77cc0b84e4c6cd079033fee6aff047292f1a8cbd.jpg;3e345a5bd884255147484ecc36e32d1b82ec4a50.jpg;b38aac419cd86117e1bf8c9202d8474fecfc42ac.jpg;f200e948401d928178e3fcb09641000af2510de3.jpg;97d8c6b0f80e493ba5226d34d7659b5294319751.jpg;7ad4af65d62ffd7ecd8ba496cee7771ff67589a0.jpg;1a0b3cd27f9ef0be694dfbc9508087f4a3792ebc.jpg;',0,1,0,1,999,0,0,0,0,'5','2018-03-23 16:00:58','{\"h1--lc--s:?\":\"dust\"}','[]',0),(931,0,12,1,1,'{\"id\":47,\"name\":\"SALE\",\"anchor\":\"\",\"parent\":0,\"alias\":\"sale\",\"menuimages\":\"\",\"images\":\"\",\"small\":\"\",\"text\":\"\",\"vis\":1,\"posled\":999,\"menu\":1,\"main\":1,\"_customfields\":\"[]\",\"_system\":0}','?????? HONEY','honey','',15000.00,15000.00,55500.00,0,'41d4c0f51c57c1088d117aea4d029ba099285078.jpg;912e776151865aabb8796c8abcc57bde229c01de.jpg;4630eabbe9ee409b518e72d07e6550c5208cd8a4.jpg;8f1c1bd71a53f20c0b58602d7d3f7587bbdfa5fa.jpg;85b273be1225edaa0ac7d837fb9015aafdd5a7e8.jpg;187a712be7caad00b1e3390f5f6d813cdf49c990.jpg;e2f892f9fe814a37304e280a76a70587a9529b08.jpg;',0,1,0,1,999,1,0,0,0,'5','2018-03-23 16:11:42','{\"h1--lc--s:?\":\"honey\"}','[]',0),(933,0,12,1,1,'{\"id\":47,\"name\":\"SALE\",\"anchor\":\"\",\"parent\":0,\"alias\":\"sale\",\"menuimages\":\"\",\"images\":\"\",\"small\":\"\",\"text\":\"\",\"vis\":1,\"posled\":999,\"menu\":1,\"main\":1,\"_customfields\":\"[]\",\"_system\":0}','?????? POWDER','powder','',18000.00,18000.00,48000.00,0,'eef5a4d9107c95e09e329cf523d757dbf7be221a.jpg;7c47868d86fcb8d5d83a643298656d4ea1819706.jpg;95a13d40b4a6e8e7b58c87ab9a91e000056ce0f2.jpg;3337a2ced88c9527d826c32103b98e9086050dbf.jpg;d155f4e4ef30a969b4b71d2ce7f4e12cc2b7dba9.jpg;6b81a7793f8167d843635cf4774ec6a6408c3add.jpg;',0,1,0,1,999,1,0,0,0,'5','2018-03-23 16:37:47','{\"h1--lc--s:?\":\"powder\"}','[]',0),(950,0,9,1,1,'{\"id\":47,\"name\":\"SALE\",\"anchor\":\"\",\"parent\":0,\"alias\":\"sale\",\"menuimages\":\"\",\"images\":\"\",\"small\":\"\",\"text\":\"\",\"vis\":1,\"posled\":999,\"menu\":1,\"main\":1,\"_customfields\":\"[]\",\"_system\":0}','?????? DESERT','plat-edsr','',62000.00,62000.00,260000.00,0,'c3ad6060156a17f659ea20883acc7d68ab5b8ef9.jpg;cd810e22405a648334ef33ceaf13c42947a6325c.jpg;04f6ca2cf4476318b048aaf2642951da8ec74802.jpg;44786b8efacd5004c9bde87ca3e5ca7976583045.jpg;31c09d414d6486a0d5d843ea917259e7fdaec58e.jpg;900ad7473bb02bcc27eaa0dd87f8360231d4d46a.jpg;b291ee474bdc8b452c180a1cdd3497ef73209a31.jpg;fc86b0a7782afb58fd58245a9b110f3faef9c04b.jpg;376f92b93fa93617a990794626d684a1d72f2f81.jpg;',0,2,0,1,999,1,0,0,0,'5','2018-03-27 11:04:35','{\"h1--lc--s:?\":\"?????? desert\"}','[]',0),(951,0,9,1,1,'{\"id\":47,\"name\":\"SALE\",\"anchor\":\"\",\"parent\":0,\"alias\":\"sale\",\"menuimages\":\"\",\"images\":\"\",\"small\":\"\",\"text\":\"\",\"vis\":1,\"posled\":999,\"menu\":1,\"main\":1,\"_customfields\":\"[]\",\"_system\":0}','?????? GOLD GARDEN','plat-egodrn','',32000.00,32000.00,96000.00,0,'92e96516897d7bfe017f1e52906b7de0b9e76625.jpg;041450d357aed605575d67768c181370898df73d.jpg;1bf23061b98d937b12d5ba1eb4931a7ff4b6181e.jpg;6211ec4fd7768c7950a8d8d40eaa0221abc5834f.jpg;137fa394f7c5bf367c77dbc9f11b6568b9e23034.jpg;f95c52da9e4b86e2bf3d8973a457af3c35064605.jpg;3526a321b49d0ba48e2e4a304fe4cae4ce2aea8a.jpg;6c31a00704b6b7782359ccb0f0f1e6ae2b0f8242.jpg;',0,1,0,1,999,1,0,0,0,'5','2018-03-27 11:13:13','{\"h1--lc--s:?\":\"?????? gold garden\"}','[]',0),(955,0,9,1,1,'{\"id\":47,\"name\":\"SALE\",\"anchor\":\"\",\"parent\":0,\"alias\":\"sale\",\"menuimages\":\"\",\"images\":\"\",\"small\":\"\",\"text\":\"\",\"vis\":1,\"posled\":999,\"menu\":1,\"main\":1,\"_customfields\":\"[]\",\"_system\":0}','?????? LILU','plat-lily','',11000.00,11000.00,48000.00,0,'3297580888b391142defd22c7bb69ea3578dd605.jpg;6c72759f4ac054c4117ab715db2a75207b40c6f9.jpg;a1a30927786e5e374645a2a801027f00392ecace.jpg;fbeda965939b2fb3fb9c71d0162efaf67637a148.jpg;4572ecce157a27c61af81b9ed05445be52900feb.jpg;9c04f2b8ba948d75fe81eeee4ff7e6b053b4d8b7.jpg;7a596846eaba9c157775185fa2712aa7f57229c9.jpg;',0,1,0,1,999,1,0,0,0,'5','2018-03-27 12:27:30','{\"h1--lc--s:?\":\"?????? lily\"}','[]',0),(961,0,10,1,1,'{\"id\":47,\"name\":\"SALE\",\"anchor\":\"\",\"parent\":0,\"alias\":\"sale\",\"menuimages\":\"\",\"images\":\"\",\"small\":\"\",\"text\":\"\",\"vis\":1,\"posled\":999,\"menu\":1,\"main\":1,\"_customfields\":\"[]\",\"_system\":0}','?????? ALICE','plat-eic','',23000.00,23000.00,72000.00,0,'b07f7b3cffd637af3adb43570a898b0485a31b76.jpg;dd6ccbd6cc710ab3cd6adbbb6f97c040e11b03d1.jpg;5709a9d33fd4bc021f28ba6ec784e5dd87f0273d.jpg;533c65fcdaa900fa4901f9e5b6293a904ef4399b.jpg;cf54826110d6affdb9f6fbacc3c2c6630430fb74.jpg;3c70e1ca8359be5cac666e86e62f43c3a65746b9.jpg;94e2ac8bfce223e6d18d01aec596dcc46c99bb81.jpg;88d917e262bd3a15c2e6f9e0f14bd5892afad6b4.jpg;a05cebedf4518c310349fd2e641f471edde659b2.jpg;75b9a83386526bfe405bc0ecf36e6388f257da70.jpg;6879faaab3a0dc809784ca83a524974b14476dbf.jpg;',0,1,0,1,999,1,0,0,0,'5','2018-03-27 13:41:40','{\"h1--lc--s:?\":\"?????? alice\"}','[]',0),(970,0,10,1,1,'{\"id\":47,\"name\":\"SALE\",\"anchor\":\"\",\"parent\":0,\"alias\":\"sale\",\"menuimages\":\"\",\"images\":\"\",\"small\":\"\",\"text\":\"\",\"vis\":1,\"posled\":999,\"menu\":1,\"main\":1,\"_customfields\":\"[]\",\"_system\":0}','?????? ARIEL','plat-eri','',32000.00,32000.00,90000.00,0,'6dbf8d338b4ba51a8d7bbfb2acc8d9091744f7dd.jpg;4ce7f3b76a6f61f5315bb13f045458fd03be4459.jpg;9b293911b199bd123b5a1cf96131250f79c4bd88.jpg;515dd9ec8232c9ff087ee98645a46959150bf901.jpg;4e44aed934769855a8dda8ea1541a4c7182e0fa9.jpg;9e741adf503b595991f3dfe22f1b22e187e881c2.jpg;9b9b1a4ebce8c7954000e99809d2f5a91fa3fd6a.jpg;469613841b5985995dd05f9f0c259366352c9bb2.jpg;82d49ea1783c80936d654c507a16e0a848ec73ec.jpg;',0,1,0,1,999,1,0,0,0,'5','2018-03-27 14:27:38','{\"h1--lc--s:?\":\"?????? ariel\"}','[]',0),(976,0,11,1,1,'{\"id\":47,\"name\":\"SALE\",\"anchor\":\"\",\"parent\":0,\"alias\":\"sale\",\"menuimages\":\"\",\"images\":\"\",\"small\":\"\",\"text\":\"\",\"vis\":1,\"posled\":999,\"menu\":1,\"main\":1,\"_customfields\":\"[]\",\"_system\":0}','?????? BLUE BIRD','plate-blue-bird-976','',17000.00,17000.00,44000.00,0,'75a623a20d9090f4c8fd980430199d57775d01f1.JPG;a4be66bd1275780a5a9dba1a7b23726642857e17.jpg;27f5d37df462d5999893290bc423cd2071b9fee2.JPG;a390dbe2f275f2d2da0e5e09af917e361e61de9c.jpg;a805faf86320a7361941e5b399704428797f44e3.jpg;7d3043233cfc8ded4ac00d224b788d88a162955e.jpg;606083f6ba70b0fb186abbe5b91ff154e4d44be1.jpg;37fd141994bd033a41c6c7ccf58c29b797371fa8.jpg;c4de16f56a47e056202852f122591dea3635b0f5.jpg;',0,1,0,1,999,1,0,0,0,'5','2018-03-27 14:47:16','{\"h1--lc--s:?\":\"?????? blue bird\"}','[]',0),(977,0,11,1,1,'{\"id\":47,\"name\":\"SALE\",\"anchor\":\"\",\"parent\":0,\"alias\":\"sale\",\"menuimages\":\"\",\"images\":\"\",\"small\":\"\",\"text\":\"\",\"vis\":1,\"posled\":999,\"menu\":1,\"main\":1,\"_customfields\":\"[]\",\"_system\":0}','?????? BUDGIE','plate-budgie-977','',13000.00,13000.00,86000.00,0,'9bcf0ca397bbb2b261e50b418249714c65ef5397.jpg;d492621326be6650539248ea6b33fa5ec069c09e.jpg;c71316725bf8eec45f61d49cdb7e22755f5f915c.jpg;54dbe7e9e805bae8a890d6f492d0d6d6cf2010ee.jpg;cac91fd985078b02618fb670c5e9f34d4a003164.jpg;2704d85adbc6a90fb924eef8bf73ca716170e3a4.jpg;642cadcf8d3a6a16c74477214e7cea637889da74.jpg;8ea0c00d447aebbbab98ed64d8824899c1473ba3.jpg;85c4fa53dc5a97c06405377a86a4804c188a4e42.jpg;',0,2,0,1,999,1,0,0,0,'5','2018-03-27 14:51:12','{\"h1--lc--s:?\":\"?????? budgie\"}','[]',0),(984,0,11,1,1,'{\"id\":22,\"name\":\"????????\",\"anchor\":\"\",\"parent\":0,\"alias\":\"vechernyaya\",\"menuimages\":\"DgsppK2DyKXvKAkavkO-zQG7IxxY-ieB.jpg;\",\"images\":\"l8oZkBWATklPiWRzfx_vBexiLzARkIJp.jpg;\",\"small\":\"???????? ? ?????????? ?????? MANIA modeler ????????? ? ?????? ????????? demi couture. ???????????? ?????, ??????? ?????? ???????, ????????? ??????????? ? ????????????? ??????? ? ??????? ?????????? ???????????????? ? ???????? ???????????? ?????.\",\"text\":\"<p>???????? ? ?????????? ?????? MANIA modeler ????????? ? ?????? ????????? demi couture. ???????????? ?????, ??????? ?????? ???????, ????????? ??????????? ? ????????????? ??????? ? ??????? ?????????? ???????????????? ? ???????? ???????????? ?????.</p>\\r\\n\",\"vis\":1,\"posled\":3,\"menu\":1,\"main\":1,\"_customfields\":\"[]\",\"_system\":0}','?????? ROBIN BIRD','plate-robin-bird-984','',49000.00,49000.00,74000.00,0,'74c4b8765d43a47f069de9208dde34e2aca750bb.jpg;2853acfe364917bd7530497a9b8bef8b8cc22935.jpg;d6bc94e80f6a1a69194e092ebdbd3570c2053318.jpg;dce36fb49483134e598886332f59e758ba87b2d1.jpg;05370b5953d7ae8b4eff4b5ebc424d1ce49a0c79.jpg;1213377f748fda786b0703e6363eb74956951ac6.jpg;a2d7e85e76a441755342e56e9e946576224015b2.jpg;efd303d373b7770a5b714ae48d716b2e17248543.jpg;',0,1,0,1,999,1,0,0,0,'5','2018-03-27 15:27:18','{\"h1--lc--s:?\":\"?????? robin bird\"}','[]',0),(985,0,11,1,1,'{\"id\":47,\"name\":\"SALE\",\"anchor\":\"\",\"parent\":0,\"alias\":\"sale\",\"menuimages\":\"\",\"images\":\"\",\"small\":\"\",\"text\":\"\",\"vis\":1,\"posled\":999,\"menu\":1,\"main\":1,\"_customfields\":\"[]\",\"_system\":0}','?????? SMOKY GARDEN','plate-smoky-garden-985','',16000.00,16000.00,68000.00,0,'fd3124b2116534c7df4ceefe019c067cd2466526.jpg;3f2c9de20bcae77f01b87d55feff568c3b220689.jpg;82b908596cfb7a5837d7b34d3b93d5b839169da2.jpg;c490d874ed955c064290bbaa769dd85f3f704daf.jpg;695f03be320137c6531cb3ecd825d10e1e5059c5.jpg;725fd6fc17e70882113698512b8660a572f00da6.jpg;16a53693c8ce4051656c48f5d05cf804d8de52af.jpg;7dc27cda336360d18838330358936487fed4a53e.jpg;',0,1,0,1,999,1,0,0,0,'5','2018-03-27 15:33:03','{\"h1--lc--s:?\":\"?????? smoky garden\"}','[]',0),(987,0,11,1,1,'{\"id\":47,\"name\":\"SALE\",\"anchor\":\"\",\"parent\":0,\"alias\":\"sale\",\"menuimages\":\"\",\"images\":\"\",\"small\":\"\",\"text\":\"\",\"vis\":1,\"posled\":999,\"menu\":1,\"main\":1,\"_customfields\":\"[]\",\"_system\":0}','?????? TAUP PETALS','plate-taup-petals-987','',17000.00,17000.00,95000.00,0,'8e2faed588c302b8dc18afd3871d3157501eb94f.jpg;c17352f7d25693678c6ae96e97197e2a9b72f240.jpg;81f0beaa708de973053e5169dfcf637def581970.jpg;cf54e2cc0cf0e3d85ac75b5ed016bec3ca3e65eb.jpg;bdc4e4cc36c480b42e5f7b14b5366aa139f9c866.jpg;f416620d5183af19e7d3eddc736a3ba0d4b283ae.jpg;7b8e21405d85df349b61b12f0e8bdf981f645af6.jpg;68a635b839f6b29d6969c5963bd63d3fdbe75662.jpg;',0,2,0,1,999,1,0,0,0,'5','2018-03-27 15:44:31','{\"h1--lc--s:?\":\"?????? taup petals\"}','[]',0),(989,0,8,2,1,'{\"id\":20,\"name\":\"ICONIC\",\"anchor\":\"\",\"parent\":0,\"alias\":\"svadebnaya\",\"menuimages\":\"8QShRzzv2MLixNXkwMIe7AswL9KiiJtc.jpg;\",\"images\":\"Zh-HUjaOsQYqMnBZ1vFNEb71n3Yy_3AO.jpg;\",\"small\":\"\",\"text\":\"\",\"vis\":1,\"posled\":2,\"menu\":1,\"main\":1,\"_customfields\":\"[]\",\"_system\":0}','????-?????? PRINCESSE DE MONACO','mini-plate-princess-de-monaco-989','',33000.00,33000.00,0.00,0,'c097ff8f483918dcf232ba85a5e4081ab57b5a2e.jpg;ec87702781a4d8a29019f626ffa81eacc53f64d3.jpg;97b1c5cd38c7b44f273840e96310d29fabfff345.jpg;fcd8d1fdbbea4f0715e33aa1f9cafa2caf42e289.jpg;8206478c2dc4bb03357740400ba57276abd184de.jpg;99c5207b936b8fd9e8218b69bb5fd71bc1816fdd.jpg;abdc767509c1e3671383a5e8f0cd7f3ff7030101.jpg;8158d8b5aa6bfcac5afe32831a115ff11b7f7fb7.jpg;',0,1,0,1,999,0,0,0,0,'5','2018-03-27 15:55:27','{\"h1--lc--s:?\":\"????-?????? princess de monaco\"}','[]',0),(993,0,8,2,1,'{\"id\":20,\"name\":\"ICONS\",\"anchor\":\"ICONS\",\"parent\":0,\"alias\":\"svadebnaya\",\"menuimages\":\"8QShRzzv2MLixNXkwMIe7AswL9KiiJtc.jpg;\",\"images\":\"Zh-HUjaOsQYqMnBZ1vFNEb71n3Yy_3AO.jpg;\",\"small\":\"?????????, ? ? ???? ????? ????????? ?????? ????????? ??????? MANIA modeler ?????????????? ????? ?????? ????????????? ???????? ???????. ????? ?????????????? ?????? ??? ?????? ??????? ???.\\r\\n\",\"text\":\"<p>&nbsp;</p>\\r\\n\\r\\n<p><meta charset=\\\"utf-8\\\" /></p>\\r\\n\\r\\n<p dir=\\\"ltr\\\"><b id=\\\"docs-internal-guid-f455abac-52b9-faab-e723-c82f7720279b\\\">?????????, ? ? ???? ????? ????????? ?????? ????????? ??????? MANIA modeler ?????????????? ????? ?????? ????????????? ???????? ???????. ????? ?????????????? ?????? ??? ?????? ??????? ???.</b></p>\\r\\n\",\"vis\":1,\"posled\":2,\"menu\":1,\"main\":1,\"_customfields\":\"[]\",\"_system\":0}','?????? ???? ?? ?????? PRINCESSE DE MONACO','pyshnaya-yubka-iz-fatina-princesse-de-monaco-993','',19000.00,19000.00,0.00,0,'2dc6551360da9b5f99c8d79de776fcdc2099700b.jpg;57b27bb2eb1e6183bcd7160da8d658ae6f543cc6.jpg;595814eba0cfe16acbca64230bd866f097b69a78.jpg;',0,1,0,1,999,0,0,0,0,'5','2018-03-27 16:12:02','{\"h1--lc--s:?\":\"?????? ???? ?? ?????? princesse de monaco\"}','[]',0),(995,0,16,1,1,'{\"id\":47,\"name\":\"SALE\",\"anchor\":\"\",\"parent\":0,\"alias\":\"sale\",\"menuimages\":\"\",\"images\":\"\",\"small\":\"\",\"text\":\"\",\"vis\":1,\"posled\":999,\"menu\":1,\"main\":1,\"_customfields\":\"[]\",\"_system\":0}','?????? MILA','plate-mila-995','',35000.00,35000.00,60000.00,0,'28c365f5c4558212920c9bb691eadf37d3e3526e.jpg;bec4f2125e5557f41eff2319ed0212eaeaf3047f.jpg;85999fe1b6a10194222826a527791601eba43964.jpg;2051345cd08f07b75907e1ce755217b96f1d4a42.jpg;',0,1,0,1,999,1,0,0,0,'5','2018-04-02 13:51:51','{\"h1--lc--s:?\":\"?????? mila\"}','[]',0),(996,0,16,1,1,'{\"id\":47,\"name\":\"SALE\",\"anchor\":\"\",\"parent\":0,\"alias\":\"sale\",\"menuimages\":\"\",\"images\":\"\",\"small\":\"\",\"text\":\"\",\"vis\":1,\"posled\":999,\"menu\":1,\"main\":1,\"_customfields\":\"[]\",\"_system\":0}','?????? BRILLIANT','plate-brilliant-996','',27000.00,27000.00,160000.00,0,'ab220aa52c63011e3aaf8ae66ab7ba65919de401.jpg;4bb467bc6969019e2c01c9635460d95fac3a47f7.jpg;91138065618fc0c0add4c02a0f818211cc1a0d82.jpg;88f51b359558a1c84c796b7851da827c1ebcba0e.jpg;13b13a25c399cff9ce9234ca962086ffaec3f768.jpg;6539578134d930614d801cf0e8ec9f007152d46e.jpg;af09081a81eefa67400fff1884e6183bec107730.jpg;31acec62085e31b5ced8e4342e9b60963d48d511.jpg;',0,2,0,1,999,1,0,0,0,'5','2018-04-02 13:55:32','{\"h1--lc--s:?\":\"?????? brilliant\"}','[]',0),(997,0,16,2,1,'{\"id\":22,\"name\":\"HANDMADE\",\"anchor\":\"HANDMADE\",\"parent\":0,\"alias\":\"vechernyaya\",\"menuimages\":\"DgsppK2DyKXvKAkavkO-zQG7IxxY-ieB.jpg;\",\"images\":\"l8oZkBWATklPiWRzfx_vBexiLzARkIJp.jpg;\",\"small\":\"???????? ? ?????????? ?????? MANIA modeler ????????? ? ?????? ????????? demi couture. ???????????? ?????, ??????? ?????? ???????, ????????? ??????????? ? ????????????? ??????? ? ??????? ?????????? ???????????????? ? ???????? ???????????? ?????.\",\"text\":\"<p>???????? ? ?????????? ?????? MANIA modeler ????????? ? ?????? ????????? demi couture. ???????????? ?????, ??????? ?????? ???????, ????????? ??????????? ? ????????????? ??????? ? ??????? ?????????? ???????????????? ? ???????? ???????????? ?????.</p>\\r\\n\",\"vis\":1,\"posled\":3,\"menu\":1,\"main\":1,\"_customfields\":\"[]\",\"_system\":0}','?????? LOVE IS','plate-love-is-997','',84000.00,84000.00,0.00,0,'1f4f0adcb6952787033e59ea0492483a4ebfff7e.jpg;ed6c377d905a052b9ac3af48507e4d5b276672c6.jpg;7c604b7fd5c56bc983652ef5b80fda08491e50aa.jpg;4f4c9af89e9e2f0cf128029e72c44428d027e00e.jpg;7aa26b2889a89afba2e70dd9b30dd107e55010a9.jpg;',0,1,0,1,999,0,0,0,0,'5','2018-04-02 14:01:38','{\"h1--lc--s:?\":\"?????? love is\"}','[]',0),(998,0,16,2,1,'{\"id\":20,\"name\":\"?????????\",\"anchor\":\"\",\"parent\":0,\"alias\":\"svadebnaya\",\"menuimages\":\"8QShRzzv2MLixNXkwMIe7AswL9KiiJtc.jpg;\",\"images\":\"Zh-HUjaOsQYqMnBZ1vFNEb71n3Yy_3AO.jpg;\",\"small\":\"?????????, ? ? ???? ????? ????????? ?????? ????????? ??????? MANIA modeler ?????????????? ????? ?????? ????????????? ???????? ???????. ????? ?????????????? ?????? ??? ?????? ??????? ???.\\r\\n\",\"text\":\"<p>&nbsp;</p>\\r\\n\\r\\n<p><meta charset=\\\"utf-8\\\" /></p>\\r\\n\\r\\n<p dir=\\\"ltr\\\"><b id=\\\"docs-internal-guid-f455abac-52b9-faab-e723-c82f7720279b\\\">?????????, ? ? ???? ????? ????????? ?????? ????????? ??????? MANIA modeler ?????????????? ????? ?????? ????????????? ???????? ???????. ????? ?????????????? ?????? ??? ?????? ??????? ???.</b></p>\\r\\n\",\"vis\":1,\"posled\":2,\"menu\":1,\"main\":1,\"_customfields\":\"[]\",\"_system\":0}','?????? FLY&LOVE','plate-fly-love-998','',220000.00,220000.00,0.00,0,'5a6e1ec861546bead814a154a41912ff7a5959fc.jpg;2d1fb99e32c8f4b794388daf0a3be7654bd5f1ed.jpg;3f0649fea0aa3accbb9d67203bcf7e6a642e49b1.jpg;bfb3f672e0b4d0b3749c8d9f1e01df960e75e673.jpg;339b56d41c2c0cdc1428b8d14bcce084a69ce1bb.jpg;fb55fde2e251e826885d73f1d6ab9caf41787921.jpg;f01d17d1ec85d2df3dc459564884940c214f1d64.jpg;89e6cfc71d4ba043ac211a68f8aebf8a6d7e9091.jpg;5a0ba8159dd79cccb5dd214c2a3096979f4c3f06.jpg;1aa44431cdf0f48eaa981f23c912ca85bb69176f.jpg;',0,1,0,0,999,0,0,0,0,'5','2018-04-02 14:03:12','{\"h1--lc--s:?\":\"?????? fly&love\"}','[]',0),(999,0,16,1,1,'{\"id\":22,\"name\":\"????????\",\"anchor\":\"\",\"parent\":0,\"alias\":\"vechernyaya\",\"menuimages\":\"DgsppK2DyKXvKAkavkO-zQG7IxxY-ieB.jpg;\",\"images\":\"l8oZkBWATklPiWRzfx_vBexiLzARkIJp.jpg;\",\"small\":\"???????? ? ?????????? ?????? MANIA modeler ????????? ? ?????? ????????? demi couture. ???????????? ?????, ??????? ?????? ???????, ????????? ??????????? ? ????????????? ??????? ? ??????? ?????????? ???????????????? ? ???????? ???????????? ?????.\",\"text\":\"<p>???????? ? ?????????? ?????? MANIA modeler ????????? ? ?????? ????????? demi couture. ???????????? ?????, ??????? ?????? ???????, ????????? ??????????? ? ????????????? ??????? ? ??????? ?????????? ???????????????? ? ???????? ???????????? ?????.</p>\\r\\n\",\"vis\":1,\"posled\":3,\"menu\":1,\"main\":1,\"_customfields\":\"[]\",\"_system\":0}','?????? FLY','plate-fly-999','',82000.00,82000.00,0.00,0,'6d5cd21014f8c5d5fa7e93a45a3909befc6c0b7c.jpg;6bed164b4b263a8ba44cd20d18abf7733f9f8cdf.jpg;2fb4eaf9b49f2117b9eca5392a0a6145dbab365d.jpg;878a4908c512e4fac6bcb7dcaff5dad7a6042abd.jpg;c668a55141fd900062288132c3c9332f66bf5c68.jpg;c832794d1f6560e4f425bb00be3b8d0b1da00a16.jpg;',0,1,0,0,999,0,0,0,0,'5','2018-04-02 14:07:18','{\"h1--lc--s:?\":\"?????? fly\"}','[]',0),(1000,0,16,2,1,'{\"id\":20,\"name\":\"ICONIC\",\"anchor\":\"\",\"parent\":0,\"alias\":\"svadebnaya\",\"menuimages\":\"8QShRzzv2MLixNXkwMIe7AswL9KiiJtc.jpg;\",\"images\":\"Zh-HUjaOsQYqMnBZ1vFNEb71n3Yy_3AO.jpg;\",\"small\":\"\",\"text\":\"\",\"vis\":1,\"posled\":2,\"menu\":1,\"main\":1,\"_customfields\":\"[]\",\"_system\":0}','????-?????? PRINCESS DE CLEVES','mini-plate-princess-de-cleves-1000','',42000.00,42000.00,0.00,0,'0474b2259451c82ae9b3d986ad373ff055e72e74.jpg;2acd9767281dfe45e700f38537b007d93290aed8.jpg;129d096f709b8813c0219d5aec55f2cccb0f015d.jpg;',0,1,0,1,999,0,0,0,0,'5','2018-04-02 14:17:25','{\"h1--lc--s:?\":\"????-?????? princess de cleves\"}','[]',0),(1001,0,16,2,1,'{\"id\":20,\"name\":\"?????????\",\"anchor\":\"\",\"parent\":0,\"alias\":\"svadebnaya\",\"menuimages\":\"8QShRzzv2MLixNXkwMIe7AswL9KiiJtc.jpg;\",\"images\":\"Zh-HUjaOsQYqMnBZ1vFNEb71n3Yy_3AO.jpg;\",\"small\":\"?????????, ? ? ???? ????? ????????? ?????? ????????? ??????? MANIA modeler ?????????????? ????? ?????? ????????????? ???????? ???????. ????? ?????????????? ?????? ??? ?????? ??????? ???.\\r\\n\",\"text\":\"<p>&nbsp;</p>\\r\\n\\r\\n<p><meta charset=\\\"utf-8\\\" /></p>\\r\\n\\r\\n<p dir=\\\"ltr\\\"><b id=\\\"docs-internal-guid-f455abac-52b9-faab-e723-c82f7720279b\\\">?????????, ? ? ???? ????? ????????? ?????? ????????? ??????? MANIA modeler ?????????????? ????? ?????? ????????????? ???????? ???????. ????? ?????????????? ?????? ??? ?????? ??????? ???.</b></p>\\r\\n\",\"vis\":1,\"posled\":2,\"menu\":1,\"main\":1,\"_customfields\":\"[]\",\"_system\":0}','?????? ???? PRINCESS DE CLEVES','pyshnaya-yubka-princess-de-cleves-1001','',15000.00,15000.00,0.00,0,'f1ad88aebde878ae54517d89d3c39e6703a2b996.jpg;3f7ac6103343ccc8d99b4198a7a0b992a19025c5.jpg;',0,1,0,1,999,0,0,0,0,'5','2018-04-02 14:26:47','{\"h1--lc--s:?\":\"?????? ???? princess de cleves\"}','[]',0),(1002,0,16,2,1,'{\"id\":20,\"name\":\"?????????\",\"anchor\":\"\",\"parent\":0,\"alias\":\"svadebnaya\",\"menuimages\":\"8QShRzzv2MLixNXkwMIe7AswL9KiiJtc.jpg;\",\"images\":\"Zh-HUjaOsQYqMnBZ1vFNEb71n3Yy_3AO.jpg;\",\"small\":\"?????????, ? ? ???? ????? ????????? ?????? ????????? ??????? MANIA modeler ?????????????? ????? ?????? ????????????? ???????? ???????. ????? ?????????????? ?????? ??? ?????? ??????? ???.\\r\\n\",\"text\":\"<p>&nbsp;</p>\\r\\n\\r\\n<p><meta charset=\\\"utf-8\\\" /></p>\\r\\n\\r\\n<p dir=\\\"ltr\\\"><b id=\\\"docs-internal-guid-f455abac-52b9-faab-e723-c82f7720279b\\\">?????????, ? ? ???? ????? ????????? ?????? ????????? ??????? MANIA modeler ?????????????? ????? ?????? ????????????? ???????? ???????. ????? ?????????????? ?????? ??? ?????? ??????? ???.</b></p>\\r\\n\",\"vis\":1,\"posled\":2,\"menu\":1,\"main\":1,\"_customfields\":\"[]\",\"_system\":0}','????? PRINCESS DE CLEVES','shlejf-princess-de-cleves-1002','',120000.00,120000.00,0.00,0,'4db0d51464e6a8f317a9df9381437b47712b8549.jpg;a3ff0cb55338c97da8450f60c1490394f5986e58.jpg;99a862375ab885d21a4947c09da2f01891df1d1f.jpg;76baee43156e68c6624ae4ec338e9f3c2f5fe496.jpg;3fdc7a90849e66c95891098c00ae9f54d432c2f3.jpg;',0,1,0,1,999,0,0,0,0,'5','2018-04-02 14:29:07','{\"h1--lc--s:?\":\"????? princess de cleves\"}','[]',0),(1006,0,16,1,1,'{\"id\":47,\"name\":\"SALE\",\"anchor\":\"\",\"parent\":0,\"alias\":\"sale\",\"menuimages\":\"\",\"images\":\"\",\"small\":\"\",\"text\":\"\",\"vis\":1,\"posled\":999,\"menu\":1,\"main\":1,\"_customfields\":\"[]\",\"_system\":0}','?????? LILY','plate-lily-1006','',29000.00,29000.00,78000.00,0,'457cff5ce7a8ed57e6b82a6e91aa21c96d8e182d.jpg;2b2ab5e3683dfed0b2d422531dcf66c96cd5df58.jpg;46fcf3447fc40419ee8fa22503379c336e75b69d.jpg;4434f11ebd74559dcff9856cc244217a76dbca31.jpg;faf9a645703a0d3795cdb846047ae56510ef7d83.jpg;346a3f93ff936c1f87e899a04cb33c635fe206cb.jpg;',0,1,0,1,999,1,0,0,0,'5','2018-04-02 14:51:57','{\"h1--lc--s:?\":\"?????? lily\"}','[]',0),(1009,0,16,1,1,'{\"id\":47,\"name\":\"SALE\",\"anchor\":\"\",\"parent\":0,\"alias\":\"sale\",\"menuimages\":\"\",\"images\":\"\",\"small\":\"\",\"text\":\"\",\"vis\":1,\"posled\":999,\"menu\":1,\"main\":1,\"_customfields\":\"[]\",\"_system\":0}','?????? PRINCESSE DE CLEVES dress white','plate-princesse-de-cleves-dress-white-1009','',23000.00,23000.00,78000.00,0,'8d8415ce3ec71181b731557b8ab4e277e7bbc735.jpg;abf07f3ff7e78ea29c64414b6e800cef59446d8f.jpg;5039e7cff4dfc4182e775bfcbc0b154716bc6b1a.jpg;5f98866c676c921444ae8bcf7b9bb945f171687d.jpg;d113cfd447b6d1ceec6e431a9008eb629501c832.jpg;e35ae07756a0571f73eb3932e23814bb225a4004.jpg;bd0f52e81fffacdbdeb57ee6a77a02421d0e7709.jpg;',0,1,0,1,999,1,0,0,0,'5','2018-04-02 15:32:40','{\"h1--lc--s:?\":\"?????? princesse de cleves dress white\"}','[]',0),(1010,0,16,1,1,'{\"id\":47,\"name\":\"SALE\",\"anchor\":\"\",\"parent\":0,\"alias\":\"sale\",\"menuimages\":\"\",\"images\":\"\",\"small\":\"\",\"text\":\"\",\"vis\":1,\"posled\":999,\"menu\":1,\"main\":1,\"_customfields\":\"[]\",\"_system\":0}','??? LOVE IS','top-love-is-1010','',7300.00,7300.00,35000.00,0,'190c0908f91532f64f1607cb0c86a95be8681ac7.jpg;2362395148e67be92ddaeca9260d6e6b173be503.jpg;8f2eea81cc659eec84a64a7630e13c6377e05857.jpg;1e3c87c64748a82ad0741bbd29df0d2827a5193f.jpg;99a3efa24f6092caa6e56964429a403b22749ee5.jpg;',0,1,0,1,999,1,0,0,0,'5','2018-04-02 16:01:35','{\"h1--lc--s:?\":\"??? love is\"}','[]',0),(1011,0,16,1,1,'{\"id\":47,\"name\":\"SALE\",\"anchor\":\"\",\"parent\":0,\"alias\":\"sale\",\"menuimages\":\"\",\"images\":\"\",\"small\":\"\",\"text\":\"\",\"vis\":1,\"posled\":999,\"menu\":1,\"main\":1,\"_customfields\":\"[]\",\"_system\":0}','???? LOVE IS','yubka-love-is-1011','',7000.00,7000.00,22000.00,0,'bc3fd4d6a12e20a1ebf2a4428777c3a1e712c167.jpg;aa638804f27bebca18dddb535d721c1f5779c910.jpg;1a76a910ec525cf5bc9de802aa4986c45586c08c.jpg;f6536da6535cf93a0216b72f885679ac883e3136.jpg;4bd0e856216f9b9692cad689fd4f0779d45bf099.jpg;c771fed45ec987dd98401df9239dfb7f2d62b590.jpg;7332e2ded7e76b2da7dff3968e03a284f531c475.jpg;ffd38fcdf0720708a25b0ea473b0342ba977a487.jpg;',0,1,0,1,999,1,0,0,0,'5','2018-04-02 16:08:02','{\"h1--lc--s:?\":\"???? love is\"}','[]',0),(1012,0,10,1,1,'{\"id\":20,\"name\":\"?????????\",\"anchor\":\"\",\"parent\":0,\"alias\":\"svadebnaya\",\"menuimages\":\"8QShRzzv2MLixNXkwMIe7AswL9KiiJtc.jpg;\",\"images\":\"Zh-HUjaOsQYqMnBZ1vFNEb71n3Yy_3AO.jpg;\",\"small\":\"?????????, ? ? ???? ????? ????????? ?????? ????????? ??????? MANIA modeler ?????????????? ????? ?????? ????????????? ???????? ???????. ????? ?????????????? ?????? ??? ?????? ??????? ???.\\r\\n\",\"text\":\"<p>&nbsp;</p>\\r\\n\\r\\n<p><meta charset=\\\"utf-8\\\" /></p>\\r\\n\\r\\n<p dir=\\\"ltr\\\"><b id=\\\"docs-internal-guid-f455abac-52b9-faab-e723-c82f7720279b\\\">?????????, ? ? ???? ????? ????????? ?????? ????????? ??????? MANIA modeler ?????????????? ????? ?????? ????????????? ???????? ???????. ????? ?????????????? ?????? ??? ?????? ??????? ???.</b></p>\\r\\n\",\"vis\":1,\"posled\":2,\"menu\":1,\"main\":1,\"_customfields\":\"[]\",\"_system\":0}','?????? FIREFLY','plate-firefly-1012','',85000.00,85000.00,158000.00,0,'ea4f1ee4ee921776dbd8d4e6aab8b73a6205d875.jpg;ae8f8be0aea839dde939e4cd93b693cc8bf10bb6.jpg;8cb1a2616db8516ebd75da6577c7366bc64c9dbd.jpg;95be11b20d78ef67ae7a0639c93ca07861caaa7e.jpg;184ac34184e27ba5703a0103dc606faee54b74b9.jpg;b0cc16f08324b1f6c51e668e38b113aee6378640.jpg;a191e440a2f0bccb68d5c62e989a4fcc7f001b82.jpg;701284ee8fc1cf06f6d47a057f98956d57af6e81.jpg;',0,1,0,1,999,1,0,0,0,'5','2018-04-02 16:18:01','{\"h1--lc--s:?\":\"?????? firefly\"}','[]',0),(1015,0,16,1,1,'{\"id\":47,\"name\":\"SALE\",\"anchor\":\"\",\"parent\":0,\"alias\":\"sale\",\"menuimages\":\"\",\"images\":\"\",\"small\":\"\",\"text\":\"\",\"vis\":1,\"posled\":999,\"menu\":1,\"main\":1,\"_customfields\":\"[]\",\"_system\":0}','?????? MARGARITA','plate-margarita-1015','',17000.00,17000.00,54000.00,0,'2f3b56fb19fa861562555601db9643f6fbe98195.jpg;99f1b20761320d4b38c3dbc1f953c5ae25e3ce04.jpg;550d970f34b6267734a332809a89809b60ad7338.jpg;5b3ef93fa44cc7cad5fefb10d805a1fecb590f04.jpg;',0,1,0,1,999,1,0,0,0,'5','2018-04-03 11:39:17','{\"h1--lc--s:?\":\"?????? margarita\"}','[]',0),(1024,0,9,1,1,'{\"id\":47,\"name\":\"SALE\",\"anchor\":\"\",\"parent\":0,\"alias\":\"sale\",\"menuimages\":\"\",\"images\":\"\",\"small\":\"\",\"text\":\"\",\"vis\":1,\"posled\":999,\"menu\":1,\"main\":1,\"_customfields\":\"[]\",\"_system\":0}','?????? HONEY','plate-honey-1024','',16000.00,16000.00,86000.00,0,'ed8b302c4aefc38e26d01a506edb3b9aa9c77952.jpg;1d1824973a152c1d41b6952236bfb75abc2c8a0e.jpg;462bbc260a52f9ee60f1cb0fff156393c336280f.jpg;2d62fcc4d621ad19465a46212f9f6ed12a2da389.jpg;d0797a9700bbdd6c32fed34eb9f68cd061b275f4.jpg;',0,1,0,1,999,1,0,0,0,'5','2018-04-03 12:51:20','{\"h1--lc--s:?\":\"?????? honey\"}','[]',0),(1025,0,9,1,1,'{\"id\":47,\"name\":\"SALE\",\"anchor\":\"\",\"parent\":0,\"alias\":\"sale\",\"menuimages\":\"\",\"images\":\"\",\"small\":\"\",\"text\":\"\",\"vis\":1,\"posled\":999,\"menu\":1,\"main\":1,\"_customfields\":\"[]\",\"_system\":0}','????? HONEY','shlejf-honey-1025','',11000.00,11000.00,44000.00,0,'6696c19806c8f8877ca332ec49fc5a2aac0fc04b.jpg;c97caf4d22a0bf2ef59d4d13d001f7b794628098.jpg;33d2ce6038a28bddee262a97bfc2d2a1446fbd4f.jpg;',0,2,0,1,999,1,0,0,0,'5','2018-04-03 13:04:44','{\"h1--lc--s:?\":\"????? honey\"}','[]',0),(1027,0,9,1,1,'{\"id\":47,\"name\":\"SALE\",\"anchor\":\"\",\"parent\":0,\"alias\":\"sale\",\"menuimages\":\"\",\"images\":\"\",\"small\":\"\",\"text\":\"\",\"vis\":1,\"posled\":999,\"menu\":1,\"main\":1,\"_customfields\":\"[]\",\"_system\":0}','?????? HEART II','plate-heart-ii-1027','',24000.00,24000.00,80000.00,0,'85fed96f32478871c3853d5dbebef6db2e0dccf4.jpg;dad51c113a045f70b96a3f1ccaa08b51444c8178.jpg;81903042aa92c756ec8a89a6664b3ac072a5d3e6.jpg;d7c0dc76da9131d5d22ef1e141669a55aa7659eb.jpg;7577f7275ab50d8fdf0458b6d90a06a985de06cd.jpg;',0,2,0,1,999,1,0,0,0,'5','2018-04-03 13:17:32','{\"h1--lc--s:?\":\"?????? heart ii\"}','[]',0),(1028,0,9,1,1,'{\"id\":47,\"name\":\"SALE\",\"anchor\":\"\",\"parent\":0,\"alias\":\"sale\",\"menuimages\":\"\",\"images\":\"\",\"small\":\"\",\"text\":\"\",\"vis\":1,\"posled\":999,\"menu\":1,\"main\":1,\"_customfields\":\"[]\",\"_system\":0}','????? HEART II','shlejf-heart-ii-1028','',22000.00,22000.00,90000.00,0,'a9829498c32c7c275bb5eacdfd3cd21afcd1a22d.jpg;95628bb0b32a70ecd0ba8ec16491a861055b6ddb.jpg;64ad4980544847760a854078eaf160bc4d541b34.jpg;4e8d2cc71b54901722ad0ba3c430dae37a1aaf96.jpg;',0,2,0,1,999,1,0,0,0,'5','2018-04-03 13:19:45','{\"h1--lc--s:?\":\"????? heart ii\"}','[]',0),(1030,0,9,2,1,'{\"id\":20,\"name\":\"?????????\",\"anchor\":\"\",\"parent\":0,\"alias\":\"svadebnaya\",\"menuimages\":\"YQeEdc0C5epWw6ROw5Clvj8Lk_59z9Y-.jpg;\",\"images\":\"zTowDJwTFPtc-SCuM-DdlLn54h2WRIJW.jpg;\",\"small\":\"?????????, ? ? ???? ????? ????????? ?????? ????????? ??????? MANIA modeler ?????????????? ????? ?????? ????????????? ???????? ???????. ????? ?????????????? ?????? ??? ?????? ??????? ???.\\r\\n\",\"text\":\"<p>&nbsp;</p>\\r\\n\\r\\n<p><meta charset=\\\"utf-8\\\" /></p>\\r\\n\\r\\n<p dir=\\\"ltr\\\"><b id=\\\"docs-internal-guid-f455abac-52b9-faab-e723-c82f7720279b\\\">?????????, ? ? ???? ????? ????????? ?????? ????????? ??????? MANIA modeler ?????????????? ????? ?????? ????????????? ???????? ???????. ????? ?????????????? ?????? ??? ?????? ??????? ???.</b></p>\\r\\n\",\"vis\":1,\"posled\":2,\"menu\":1,\"main\":1,\"_customfields\":\"[]\",\"_system\":0}','?????? TENDERNESS','plate-tenderness-1030','',58000.00,58000.00,0.00,0,'8f280e2b977e9dadf8a4f3dceb2a43a24740fb4b.jpg;c157a4e530c85db3da5ebcdde2a64ddf0c1dde24.jpg;8d18bd00b531afa652e5091213d2097ee3cc3262.jpg;cab7ce17f568f98634fadd4c7235cf060c8fd4b4.jpg;346e018695755a4402ca50f8b31963e3d269774d.jpg;239efde23b09f1fed26ed54c049e003adb7be937.jpg;7f2e630f8639dd4e655c6c7773b60082e2ed49db.jpg;2126c9cf6e5be4d422b3778cdf6220024180fa1e.jpg;12affd090dba9d7d9bd0204e61dec4d6abc46a63.jpg;e65b46a8fefe91dfd1ded0986b287aa42eac0007.jpg;b2622b6feb6afda6268e2daf8cbf824d6e49b457.jpg;',0,1,0,1,999,0,0,0,0,'5','2018-04-03 13:58:35','{\"h1--lc--s:?\":\"?????? tenderness\"}','[]',0),(1032,0,11,2,1,'{\"id\":20,\"name\":\"ICONS\",\"anchor\":\"ICONS\",\"parent\":0,\"alias\":\"svadebnaya\",\"menuimages\":\"8QShRzzv2MLixNXkwMIe7AswL9KiiJtc.jpg;\",\"images\":\"Zh-HUjaOsQYqMnBZ1vFNEb71n3Yy_3AO.jpg;\",\"small\":\"?????????, ? ? ???? ????? ????????? ?????? ????????? ??????? MANIA modeler ?????????????? ????? ?????? ????????????? ???????? ???????. ????? ?????????????? ?????? ??? ?????? ??????? ???.\\r\\n\",\"text\":\"<p>&nbsp;</p>\\r\\n\\r\\n<p><meta charset=\\\"utf-8\\\" /></p>\\r\\n\\r\\n<p dir=\\\"ltr\\\"><b id=\\\"docs-internal-guid-f455abac-52b9-faab-e723-c82f7720279b\\\">?????????, ? ? ???? ????? ????????? ?????? ????????? ??????? MANIA modeler ?????????????? ????? ?????? ????????????? ???????? ???????. ????? ?????????????? ?????? ??? ?????? ??????? ???.</b></p>\\r\\n\",\"vis\":1,\"posled\":2,\"menu\":1,\"main\":1,\"_customfields\":\"[]\",\"_system\":0}','?????? KING PEONY','plate-king-peony-1032','',155000.00,155000.00,0.00,0,'50b1e241607a60dc90ad1ca689007c52b8c576d3.jpg;315b6b82a9039ee3dfc136f374fced3fbbcb0c36.jpg;75a7192750f2f7943989ff087bcf05a0dd484463.jpg;',0,2,0,1,999,0,0,0,0,'5','2018-04-03 14:06:53','{\"h1--lc--s:?\":\"?????? king peony\"}','[]',0),(1033,0,11,2,1,'{\"id\":22,\"name\":\"????????\",\"anchor\":\"\",\"parent\":0,\"alias\":\"vechernyaya\",\"menuimages\":\"DgsppK2DyKXvKAkavkO-zQG7IxxY-ieB.jpg;\",\"images\":\"l8oZkBWATklPiWRzfx_vBexiLzARkIJp.jpg;\",\"small\":\"???????? ? ?????????? ?????? MANIA modeler ????????? ? ?????? ????????? demi couture. ???????????? ?????, ??????? ?????? ???????, ????????? ??????????? ? ????????????? ??????? ? ??????? ?????????? ???????????????? ? ???????? ???????????? ?????.\",\"text\":\"<p>???????? ? ?????????? ?????? MANIA modeler ????????? ? ?????? ????????? demi couture. ???????????? ?????, ??????? ?????? ???????, ????????? ??????????? ? ????????????? ??????? ? ??????? ?????????? ???????????????? ? ???????? ???????????? ?????.</p>\\r\\n\",\"vis\":1,\"posled\":3,\"menu\":1,\"main\":1,\"_customfields\":\"[]\",\"_system\":0}','?????? DUSTY FLAMINGO','plate-dusty-flamingo-1033','',84000.00,84000.00,0.00,0,'7ddb0440ae407e7824befab82ecca8f210d3a149.jpg;556556b99e1ea03f8473b8d855e75eb69bfd8d00.jpg;affa5473fb2e5ea3cbfc39fd89b48a3b9d3ef5f3.jpg;a2aee84da7d8f3bcc9c1aafd33239e83e855c135.jpg;41d0756577878182945af763635e19dd0a53f25c.jpg;02afdd0b4b8047b47ce3a5e7a6234d57c29b2392.jpg;8b9e7505ff27547c74820b72cffbe67812df04b9.jpg;17b09064e8409892e7b762681611531a7f75e83a.jpg;8634e67b1d8627ab0434e19e1e031761adc318f6.jpg;',0,1,0,1,999,0,0,0,0,'5','2018-04-03 14:09:17','{\"h1--lc--s:?\":\"?????? dusty flamingo\"}','[]',0),(1035,0,8,2,1,'{\"id\":20,\"name\":\"ICONS\",\"anchor\":\"ICONS\",\"parent\":0,\"alias\":\"svadebnaya\",\"menuimages\":\"8QShRzzv2MLixNXkwMIe7AswL9KiiJtc.jpg;\",\"images\":\"Zh-HUjaOsQYqMnBZ1vFNEb71n3Yy_3AO.jpg;\",\"small\":\"?????????, ? ? ???? ????? ????????? ?????? ????????? ??????? MANIA modeler ?????????????? ????? ?????? ????????????? ???????? ???????. ????? ?????????????? ?????? ??? ?????? ??????? ???.\\r\\n\",\"text\":\"<p>&nbsp;</p>\\r\\n\\r\\n<p><meta charset=\\\"utf-8\\\" /></p>\\r\\n\\r\\n<p dir=\\\"ltr\\\"><b id=\\\"docs-internal-guid-f455abac-52b9-faab-e723-c82f7720279b\\\">?????????, ? ? ???? ????? ????????? ?????? ????????? ??????? MANIA modeler ?????????????? ????? ?????? ????????????? ???????? ???????. ????? ?????????????? ?????? ??? ?????? ??????? ???.</b></p>\\r\\n\",\"vis\":1,\"posled\":2,\"menu\":1,\"main\":1,\"_customfields\":\"[]\",\"_system\":0}','?????? PRINCESSE DE MONACO II','korset-princesse-de-monaco-ii-1035','',36000.00,36000.00,0.00,0,'c40601ec4513766d52bed063eac835d3507028fb.jpg;94649fe11ebf945fa1285e9b534266b6a5ab4103.jpg;',0,1,0,1,999,0,0,0,0,'5','2018-04-03 14:25:44','{\"h1--lc--s:?\":\"?????? princesse de monaco ii\"}','[]',0),(1041,0,9,2,1,'{\"id\":22,\"name\":\"????????\",\"anchor\":\"\",\"parent\":0,\"alias\":\"vechernyaya\",\"menuimages\":\"DgsppK2DyKXvKAkavkO-zQG7IxxY-ieB.jpg;\",\"images\":\"l8oZkBWATklPiWRzfx_vBexiLzARkIJp.jpg;\",\"small\":\"???????? ? ?????????? ?????? MANIA modeler ????????? ? ?????? ????????? demi couture. ???????????? ?????, ??????? ?????? ???????, ????????? ??????????? ? ????????????? ??????? ? ??????? ?????????? ???????????????? ? ???????? ???????????? ?????.\",\"text\":\"<p>???????? ? ?????????? ?????? MANIA modeler ????????? ? ?????? ????????? demi couture. ???????????? ?????, ??????? ?????? ???????, ????????? ??????????? ? ????????????? ??????? ? ??????? ?????????? ???????????????? ? ???????? ???????????? ?????.</p>\\r\\n\",\"vis\":1,\"posled\":3,\"menu\":1,\"main\":1,\"_customfields\":\"[]\",\"_system\":0}','?????? IDEAL','plate-ideal-1041','',68000.00,68000.00,0.00,0,'a8762bb0c0591b3933e0a561f1e7fbed15ba5482.jpg;3e4826811289ab69252872dae911d309cb117b00.jpg;bcdfc2315b6a495135f56d2b92a2ba9b60c38b7e.jpg;',0,1,0,1,999,0,0,0,0,'5','2018-04-13 12:56:48','{\"h1--lc--s:?\":\"?????? ideal\"}','[]',0),(1042,0,9,2,1,'{\"id\":20,\"name\":\"?????????\",\"anchor\":\"\",\"parent\":0,\"alias\":\"svadebnaya\",\"menuimages\":\"8QShRzzv2MLixNXkwMIe7AswL9KiiJtc.jpg;\",\"images\":\"Zh-HUjaOsQYqMnBZ1vFNEb71n3Yy_3AO.jpg;\",\"small\":\"?????????, ? ? ???? ????? ????????? ?????? ????????? ??????? MANIA modeler ?????????????? ????? ?????? ????????????? ???????? ???????. ????? ?????????????? ?????? ??? ?????? ??????? ???.\\r\\n\",\"text\":\"<p>&nbsp;</p>\\r\\n\\r\\n<p><meta charset=\\\"utf-8\\\" /></p>\\r\\n\\r\\n<p dir=\\\"ltr\\\"><b id=\\\"docs-internal-guid-f455abac-52b9-faab-e723-c82f7720279b\\\">?????????, ? ? ???? ????? ????????? ?????? ????????? ??????? MANIA modeler ?????????????? ????? ?????? ????????????? ???????? ???????. ????? ?????????????? ?????? ??? ?????? ??????? ???.</b></p>\\r\\n\",\"vis\":1,\"posled\":2,\"menu\":1,\"main\":1,\"_customfields\":\"[]\",\"_system\":0}','?????? ANGEL','plate-angel-1042','',500000.00,500000.00,0.00,0,'cb99d2a07393a4d06b094cfc00420eb69474fe6f.jpg;c37cde7babf590951f45af564e2b03bdbc5d2fca.jpg;139e861c590d07e023f3184a2bf93c105e684d60.jpg;9a2a2c79e39262762fcdd7c3754a18850f73cc66.jpg;bd275a3fa8551c8a72e5719dcde814981c1c4378.jpg;9492bb7e46180e727e4c1a2cf788e933eb56044f.jpg;f7d20efd4239e91306f24fe1a9faf8e80025e4b5.jpg;28be05efb3af160cd328cdbe9b1138f25b34ea00.jpg;5f2cb2b717ec4dc021cead677c085e8aa798b6cd.jpg;',0,1,0,1,999,0,0,0,0,'5','2018-04-13 13:31:29','{\"h1--lc--s:?\":\"?????? angel\"}','[]',0),(1043,0,9,2,1,'{\"id\":20,\"name\":\"?????????\",\"anchor\":\"\",\"parent\":0,\"alias\":\"svadebnaya\",\"menuimages\":\"8QShRzzv2MLixNXkwMIe7AswL9KiiJtc.jpg;\",\"images\":\"Zh-HUjaOsQYqMnBZ1vFNEb71n3Yy_3AO.jpg;\",\"small\":\"?????????, ? ? ???? ????? ????????? ?????? ????????? ??????? MANIA modeler ?????????????? ????? ?????? ????????????? ???????? ???????. ????? ?????????????? ?????? ??? ?????? ??????? ???.\\r\\n\",\"text\":\"<p>&nbsp;</p>\\r\\n\\r\\n<p><meta charset=\\\"utf-8\\\" /></p>\\r\\n\\r\\n<p dir=\\\"ltr\\\"><b id=\\\"docs-internal-guid-f455abac-52b9-faab-e723-c82f7720279b\\\">?????????, ? ? ???? ????? ????????? ?????? ????????? ??????? MANIA modeler ?????????????? ????? ?????? ????????????? ???????? ???????. ????? ?????????????? ?????? ??? ?????? ??????? ???.</b></p>\\r\\n\",\"vis\":1,\"posled\":2,\"menu\":1,\"main\":1,\"_customfields\":\"[]\",\"_system\":0}','?????? SLOW ','plate-slow-1043','',230000.00,230000.00,0.00,0,'971cd6df2758209d08f62bb65e6de9c61d4378b8.jpg;fb55150a329fa7480cb175112595337607738cf4.jpg;6c27182f0ba313c0363bbe4e1531098c6bf49b6f.jpg;127e340c0a6182b4b31a473a40cc8ba28330889f.jpg;14c7239a1932758fd3dcc6ebbb9812a311766365.jpg;442939ad53e129e16dfeab3ceea17e14c3c9ba5f.jpg;9ab49dfad739ce2bfa31742cb2e647d6ccdf8751.jpg;ba81cdf0ca4f8cf29af0fbc32881612dec59e80a.jpg;327def1465f29a47d60d1358f465bacf9139d920.jpg;7a3e138461c02f73114c2600c2e4d76e1b045bab.jpg;2c24970140f0dafd00c5ac96ef92e11dd8f697dc.jpg;9a7bf33201a174834599a33c354eb01100c4629c.jpg;e183fb9e86a970cf0a4ec3e5562b107113edda4b.jpg;ea8d3a33a73529d92ca5a0a321cc4c82557bd39d.jpg;',0,1,0,1,999,0,0,0,0,'5','2018-04-13 13:47:31','{\"h1--lc--s:?\":\"?????? slow \"}','[]',0),(1063,0,12,2,1,'{\"id\":47,\"name\":\"SALE\",\"anchor\":\"\",\"parent\":0,\"alias\":\"sale\",\"menuimages\":\"\",\"images\":\"\",\"small\":\"\",\"text\":\"\",\"vis\":1,\"posled\":999,\"menu\":1,\"main\":1,\"_customfields\":\"[]\",\"_system\":0}','?????? PINK WINGS','plate-pink-wings-1063','',78000.00,78000.00,0.00,0,'5999be2d4a1a710607065cb3cccca8a757269b61.jpg;54de6bd295613edb9874911c215397c7952d3ea2.jpg;2ae0343efc997434a9747ea1e8988d65b010d3f2.jpg;085f0054c949d61920b27f262719453d93138ce1.jpg;',0,1,0,0,999,0,0,0,0,'5','2018-04-13 15:34:14','{\"h1--lc--s:?\":\"?????? pink wings\"}','[]',0),(1065,0,12,1,1,'{\"id\":47,\"name\":\"SALE\",\"anchor\":\"\",\"parent\":0,\"alias\":\"sale\",\"menuimages\":\"\",\"images\":\"\",\"small\":\"\",\"text\":\"\",\"vis\":1,\"posled\":999,\"menu\":1,\"main\":1,\"_customfields\":\"[]\",\"_system\":0}','?????? NECTAR','plate-nectar-1065','',12000.00,12000.00,29000.00,0,'3fc2b8b8fa6aa5168364aba2beebf97d188301ce.jpg;5460eb4b96d8702cd5497df62a1cfa8362bb1f8d.jpg;6e1a65b09f5b84d7f70148ac6d47920d924743d1.jpg;f93bef8e9a7861225fd0390c5bbcdf55926cb3e7.jpg;',0,1,0,1,999,1,0,0,0,'5','2018-04-13 15:38:21','{\"h1--lc--s:?\":\"?????? nectar\"}','[]',0),(1067,0,12,2,1,'{\"id\":47,\"name\":\"SALE\",\"anchor\":\"\",\"parent\":0,\"alias\":\"sale\",\"menuimages\":\"\",\"images\":\"\",\"small\":\"\",\"text\":\"\",\"vis\":1,\"posled\":999,\"menu\":1,\"main\":1,\"_customfields\":\"[]\",\"_system\":0}','?????? LODDIGESIA','plate-loddigesia-1067','',15000.00,15000.00,51000.00,0,'d9292d9daa76a90c02793394981779f7f15b57a6.jpg;84526df37dae99489f447683bae680fd5293c8b0.jpg;8d99271fe723883b494c8ed9327df8cf2f10cce7.jpg;2be6b88ef8f567ba0cc25e72a90f01bfe3399c81.jpg;',0,1,0,1,999,1,0,0,0,'5','2018-04-13 15:43:22','{\"h1--lc--s:?\":\"?????? loddigesia\"}','[]',0),(1071,0,12,1,1,'{\"id\":47,\"name\":\"SALE\",\"anchor\":\"\",\"parent\":0,\"alias\":\"sale\",\"menuimages\":\"\",\"images\":\"\",\"small\":\"\",\"text\":\"\",\"vis\":1,\"posled\":999,\"menu\":1,\"main\":1,\"_customfields\":\"[]\",\"_system\":0}','?????? WHITE MAGNOLIA','plate-white-magnolia-1071','',19000.00,19000.00,63000.00,0,'003111fbc55baa789026784416e2480f9e02cab4.jpg;2d9e7c1f2121b62f7357f4db1b8b528b3f0d4e62.jpg;2179d360130fc1edbeaf357f27a256ed6d1540f8.jpg;5288e499222af9c95e17590fe8e442d2759f8f1c.jpg;abb426c6d2dfe8e84f7efbe132f0735bc5b10cce.jpg;6f9593794cab30993248cddac4cf81ba6dc3867d.jpg;',0,1,0,1,999,1,0,0,0,'5','2018-04-13 16:06:17','{\"h1--lc--s:?\":\"?????? white magnolia\"}','[]',0),(1072,0,12,1,1,'{\"id\":47,\"name\":\"SALE\",\"anchor\":\"\",\"parent\":0,\"alias\":\"sale\",\"menuimages\":\"\",\"images\":\"\",\"small\":\"\",\"text\":\"\",\"vis\":1,\"posled\":999,\"menu\":1,\"main\":1,\"_customfields\":\"[]\",\"_system\":0}','?????? (?? ???????? ????????) TAIL','plate-so-semnymi-shnurkami-tail-1072','',14000.00,14000.00,38000.00,0,'b486ada618d2a25301885431197d71ef3bf3df8b.jpg;ce3c524ae5c7136acab64e6c7949372eec64e51e.jpg;26f8e546eb647ac1365d5404e607a5fbf6386282.jpg;bfbcacf5c3e273f1bce7c043708b20ffdfea9a4f.jpg;',0,1,0,1,999,1,0,0,0,'5','2018-04-13 16:12:14','{\"h1--lc--s:?\":\"?????? (?? ???????? ????????) tail\"}','[]',0),(1082,0,12,1,1,'{\"id\":22,\"name\":\"????????\",\"anchor\":\"\",\"parent\":0,\"alias\":\"vechernyaya\",\"menuimages\":\"DgsppK2DyKXvKAkavkO-zQG7IxxY-ieB.jpg;\",\"images\":\"l8oZkBWATklPiWRzfx_vBexiLzARkIJp.jpg;\",\"small\":\"???????? ? ?????????? ?????? MANIA modeler ????????? ? ?????? ????????? demi couture. ???????????? ?????, ??????? ?????? ???????, ????????? ??????????? ? ????????????? ??????? ? ??????? ?????????? ???????????????? ? ???????? ???????????? ?????.\",\"text\":\"<p>???????? ? ?????????? ?????? MANIA modeler ????????? ? ?????? ????????? demi couture. ???????????? ?????, ??????? ?????? ???????, ????????? ??????????? ? ????????????? ??????? ? ??????? ?????????? ???????????????? ? ???????? ???????????? ?????.</p>\\r\\n\",\"vis\":1,\"posled\":3,\"menu\":1,\"main\":1,\"_customfields\":\"[]\",\"_system\":0}','?????? RILL','plate-rill-1082','',9000.00,9000.00,32000.00,0,'853d7ba645be69424168995530b371c2b7d2e203.jpg;aed36435b9a4c9bcaf91eb5f64244d177554ac7a.jpg;2de288ee4cf093240da188b4e1b352705f8a99fd.jpg;0c90508654ff4213073eee7e9f94391aade13036.jpg;',0,1,0,1,999,1,0,0,0,'5','2018-04-19 16:04:02','{\"h1--lc--s:?\":\"?????? rill\"}','[]',0),(1089,0,12,1,1,'{\"id\":22,\"name\":\"????????\",\"anchor\":\"\",\"parent\":0,\"alias\":\"vechernyaya\",\"menuimages\":\"DgsppK2DyKXvKAkavkO-zQG7IxxY-ieB.jpg;\",\"images\":\"l8oZkBWATklPiWRzfx_vBexiLzARkIJp.jpg;\",\"small\":\"???????? ? ?????????? ?????? MANIA modeler ????????? ? ?????? ????????? demi couture. ???????????? ?????, ??????? ?????? ???????, ????????? ??????????? ? ????????????? ??????? ? ??????? ?????????? ???????????????? ? ???????? ???????????? ?????.\",\"text\":\"<p>???????? ? ?????????? ?????? MANIA modeler ????????? ? ?????? ????????? demi couture. ???????????? ?????, ??????? ?????? ???????, ????????? ??????????? ? ????????????? ??????? ? ??????? ?????????? ???????????????? ? ???????? ???????????? ?????.</p>\\r\\n\",\"vis\":1,\"posled\":3,\"menu\":1,\"main\":1,\"_customfields\":\"[]\",\"_system\":0}','?????? BELL','bluzka-bell-1089','',9000.00,9000.00,27000.00,0,'732bc240e4d09201877a6ae5f1a7c8a2f605d06a.jpg;3a974f016fb25ca96a2d2e41de3e3036fe0960e9.jpg;',0,1,0,1,999,1,0,0,0,'5','2018-04-19 16:52:17','{\"h1--lc--s:?\":\"?????? bell\"}','[]',0),(1091,0,8,2,1,'{\"id\":20,\"name\":\"?????????\",\"anchor\":\"\",\"parent\":0,\"alias\":\"svadebnaya\",\"menuimages\":\"8QShRzzv2MLixNXkwMIe7AswL9KiiJtc.jpg;\",\"images\":\"Zh-HUjaOsQYqMnBZ1vFNEb71n3Yy_3AO.jpg;\",\"small\":\"?????????, ? ? ???? ????? ????????? ?????? ????????? ??????? MANIA modeler ?????????????? ????? ?????? ????????????? ???????? ???????. ????? ?????????????? ?????? ??? ?????? ??????? ???.\\r\\n\",\"text\":\"<p>&nbsp;</p>\\r\\n\\r\\n<p><meta charset=\\\"utf-8\\\" /></p>\\r\\n\\r\\n<p dir=\\\"ltr\\\"><b id=\\\"docs-internal-guid-f455abac-52b9-faab-e723-c82f7720279b\\\">?????????, ? ? ???? ????? ????????? ?????? ????????? ??????? MANIA modeler ?????????????? ????? ?????? ????????????? ???????? ???????. ????? ?????????????? ?????? ??? ?????? ??????? ???.</b></p>\\r\\n\",\"vis\":1,\"posled\":2,\"menu\":1,\"main\":1,\"_customfields\":\"[]\",\"_system\":0}','????????  PRINCESSE DE MONACO','lepestki-princesse-de-monaco-1091','',150000.00,150000.00,0.00,0,'cbe9c9b2655ec940b4bd51584c8ea06655aaab75.jpg;547e8ad8838e8ec12ba0ca50bee5e69c4d3f7305.jpg;4613afd3dcfca74dd4d7e314f75cfc600ef94365.jpg;',0,1,0,1,999,0,0,0,0,'5','2018-05-29 09:53:37','{\"h1--lc--s:?\":\"????????  princesse de monaco\"}','[]',0),(1092,0,10,1,1,'{\"id\":47,\"name\":\"SALE\",\"anchor\":\"\",\"parent\":0,\"alias\":\"sale\",\"menuimages\":\"\",\"images\":\"\",\"small\":\"\",\"text\":\"\",\"vis\":1,\"posled\":999,\"menu\":1,\"main\":1,\"_customfields\":\"[]\",\"_system\":0}','????? CLOUDY','shlejf-clody-1092','',50000.00,50000.00,90000.00,0,'61738a83d87aea7391937b0e67f8e8e7125385be.jpg;742d3fe2529f7a3c3c50d5186472a05efca488e2.jpg;c21f4677895e1f17133ae20f66aeb222d24c4fa1.jpg;',0,1,0,1,999,1,0,0,0,'5','2018-05-29 09:56:34','{\"h1--lc--s:?\":\"????? clody\"}','[]',0),(1094,0,17,1,1,'{\"id\":20,\"name\":\"?????????\",\"anchor\":\"\",\"parent\":0,\"alias\":\"svadebnaya\",\"menuimages\":\"8QShRzzv2MLixNXkwMIe7AswL9KiiJtc.jpg;\",\"images\":\"Zh-HUjaOsQYqMnBZ1vFNEb71n3Yy_3AO.jpg;\",\"small\":\"?????????, ? ? ???? ????? ????????? ?????? ????????? ??????? MANIA modeler ?????????????? ????? ?????? ????????????? ???????? ???????. ????? ?????????????? ?????? ??? ?????? ??????? ???.\\r\\n\",\"text\":\"<p>&nbsp;</p>\\r\\n\\r\\n<p><meta charset=\\\"utf-8\\\" /></p>\\r\\n\\r\\n<p dir=\\\"ltr\\\"><b id=\\\"docs-internal-guid-f455abac-52b9-faab-e723-c82f7720279b\\\">?????????, ? ? ???? ????? ????????? ?????? ????????? ??????? MANIA modeler ?????????????? ????? ?????? ????????????? ???????? ???????. ????? ?????????????? ?????? ??? ?????? ??????? ???.</b></p>\\r\\n\",\"vis\":1,\"posled\":2,\"menu\":1,\"main\":1,\"_customfields\":\"[]\",\"_system\":0}','?????? CHRYSANTHEMUM','plate-chrysanthemum-1094','',200000.00,200000.00,0.00,0,'d076b8ed44515a1cbc0dc89d5d923aac9ad3d3d1.jpg;8712876ca5a402b20369697a5627153aafbe5797.jpg;47c541d9b9cf9b6744c01391544a13a18568459b.jpg;dea6ffd57ebf1607aaec25f29a67f5bc3e78f51c.jpg;f31390c5f0d967165de6c4b3fbcc4ac41952dc81.jpg;e86d657ae72ce39a8425cf93c416eb7afed696d1.jpg;1afa7fada93317744ccb3b39847c58c0c70789b3.jpg;c8e7da215811c0f179f63244854d6a0281c4831e.jpg;47b82ac8555474c84edb593496144c2e7ee54fb9.jpg;',0,1,0,0,999,0,0,0,0,'5','2018-06-10 11:35:34','{\"h1--lc--s:?\":\"?????? chrysanthemum\"}','[]',0),(1095,0,17,1,1,'{\"id\":22,\"name\":\"????????\",\"anchor\":\"\",\"parent\":0,\"alias\":\"vechernyaya\",\"menuimages\":\"DgsppK2DyKXvKAkavkO-zQG7IxxY-ieB.jpg;\",\"images\":\"l8oZkBWATklPiWRzfx_vBexiLzARkIJp.jpg;\",\"small\":\"???????? ? ?????????? ?????? MANIA modeler ????????? ? ?????? ????????? demi couture. ???????????? ?????, ??????? ?????? ???????, ????????? ??????????? ? ????????????? ??????? ? ??????? ?????????? ???????????????? ? ???????? ???????????? ?????.\",\"text\":\"<p>???????? ? ?????????? ?????? MANIA modeler ????????? ? ?????? ????????? demi couture. ???????????? ?????, ??????? ?????? ???????, ????????? ??????????? ? ????????????? ??????? ? ??????? ?????????? ???????????????? ? ???????? ???????????? ?????.</p>\\r\\n\",\"vis\":1,\"posled\":3,\"menu\":1,\"main\":1,\"_customfields\":\"[]\",\"_system\":0}','?????? SILK PETALS','plate-silk-petals-1095','',37000.00,37000.00,68000.00,0,'bebb2a8b4a90f630370acd56599c80dc413345cb.jpg;3621f966a055682a0759e4990f557a778dd202ed.jpg;2ab082c41c2c9479c640d05d52dd55d6c734da07.jpg;f8ab271f0ccb690d15c1fcce5ce4844b282fd6a8.jpg;04a5d87652171b293bcccea0e14fd83a2739b824.jpg;67ec206dfdd0fa0f62c19f9b6d7a9ab246fbca3c.jpg;e266d4b8b108b85ca8db5fc1131392a8e32e28a8.jpg;',0,1,0,1,999,1,0,0,0,'5','2018-06-10 11:38:23','{\"h1--lc--s:?\":\"?????? silk petals\"}','[]',0),(1097,0,17,1,1,'{\"id\":20,\"name\":\"?????????\",\"anchor\":\"\",\"parent\":0,\"alias\":\"svadebnaya\",\"menuimages\":\"8QShRzzv2MLixNXkwMIe7AswL9KiiJtc.jpg;\",\"images\":\"Zh-HUjaOsQYqMnBZ1vFNEb71n3Yy_3AO.jpg;\",\"small\":\"?????????, ? ? ???? ????? ????????? ?????? ????????? ??????? MANIA modeler ?????????????? ????? ?????? ????????????? ???????? ???????. ????? ?????????????? ?????? ??? ?????? ??????? ???.\\r\\n\",\"text\":\"<p>&nbsp;</p>\\r\\n\\r\\n<p><meta charset=\\\"utf-8\\\" /></p>\\r\\n\\r\\n<p dir=\\\"ltr\\\"><b id=\\\"docs-internal-guid-f455abac-52b9-faab-e723-c82f7720279b\\\">?????????, ? ? ???? ????? ????????? ?????? ????????? ??????? MANIA modeler ?????????????? ????? ?????? ????????????? ???????? ???????. ????? ?????????????? ?????? ??? ?????? ??????? ???.</b></p>\\r\\n\",\"vis\":1,\"posled\":2,\"menu\":1,\"main\":1,\"_customfields\":\"[]\",\"_system\":0}','?????? NEW PEONY','plate-new-peony-1097','',59000.00,59000.00,95000.00,0,'c321cb9d22b57571e6ff5a308c9ca813a4bc4128.jpg;5a2c32bd665300acf8f1f36bf0c03f0d74ac188f.jpg;62efc8d0ef202dcb981e3cb9bef8bd1f5792cf6c.jpg;63fc729bb5d1a6669cd012c34c7bb8799f52713d.jpg;7ed59d9a9eb3a4117add14f2321e8cc3e47178ae.jpg;',0,1,0,1,999,1,0,0,0,'5','2018-06-10 11:49:59','{\"h1--lc--s:?\":\"?????? new peony\"}','[]',0),(1099,0,17,1,1,'{\"id\":20,\"name\":\"?????????\",\"anchor\":\"\",\"parent\":0,\"alias\":\"svadebnaya\",\"menuimages\":\"8QShRzzv2MLixNXkwMIe7AswL9KiiJtc.jpg;\",\"images\":\"Zh-HUjaOsQYqMnBZ1vFNEb71n3Yy_3AO.jpg;\",\"small\":\"?????????, ? ? ???? ????? ????????? ?????? ????????? ??????? MANIA modeler ?????????????? ????? ?????? ????????????? ???????? ???????. ????? ?????????????? ?????? ??? ?????? ??????? ???.\\r\\n\",\"text\":\"<p>&nbsp;</p>\\r\\n\\r\\n<p><meta charset=\\\"utf-8\\\" /></p>\\r\\n\\r\\n<p dir=\\\"ltr\\\"><b id=\\\"docs-internal-guid-f455abac-52b9-faab-e723-c82f7720279b\\\">?????????, ? ? ???? ????? ????????? ?????? ????????? ??????? MANIA modeler ?????????????? ????? ?????? ????????????? ???????? ???????. ????? ?????????????? ?????? ??? ?????? ??????? ???.</b></p>\\r\\n\",\"vis\":1,\"posled\":2,\"menu\":1,\"main\":1,\"_customfields\":\"[]\",\"_system\":0}','?????? CLOUD','plate-cloud-1099','',57000.00,57000.00,80000.00,0,'04c1314019ea9fa121c10c4cba99fa652f838da3.jpg;637afc2e12cd6d1f0437c211e63b514666e31859.jpg;f0e40efba1f675c485c94a3633cb5fa9e634e4d8.jpg;51d14e553dc5e21e2696be0aa901feeb926c1234.jpg;',0,1,0,1,999,1,0,0,0,'5','2018-06-10 12:06:34','{\"h1--lc--s:?\":\"?????? cloud\"}','[]',0),(1100,0,17,2,1,'{\"id\":20,\"name\":\"?????????\",\"anchor\":\"\",\"parent\":0,\"alias\":\"svadebnaya\",\"menuimages\":\"8QShRzzv2MLixNXkwMIe7AswL9KiiJtc.jpg;\",\"images\":\"Zh-HUjaOsQYqMnBZ1vFNEb71n3Yy_3AO.jpg;\",\"small\":\"?????????, ? ? ???? ????? ????????? ?????? ????????? ??????? MANIA modeler ?????????????? ????? ?????? ????????????? ???????? ???????. ????? ?????????????? ?????? ??? ?????? ??????? ???.\\r\\n\",\"text\":\"<p>&nbsp;</p>\\r\\n\\r\\n<p><meta charset=\\\"utf-8\\\" /></p>\\r\\n\\r\\n<p dir=\\\"ltr\\\"><b id=\\\"docs-internal-guid-f455abac-52b9-faab-e723-c82f7720279b\\\">?????????, ? ? ???? ????? ????????? ?????? ????????? ??????? MANIA modeler ?????????????? ????? ?????? ????????????? ???????? ???????. ????? ?????????????? ?????? ??? ?????? ??????? ???.</b></p>\\r\\n\",\"vis\":1,\"posled\":2,\"menu\":1,\"main\":1,\"_customfields\":\"[]\",\"_system\":0}','????-?????? PRINCESSE DE BROGLIE','mini-plate-princess-1100','',56000.00,56000.00,0.00,0,'efd55b40741a5e47a270aa1a168521070030d5ae.jpg;bd9268b76127f95d67f6dc4e3c8b784cd356727f.jpg;bf1bf60a5c7ba96dcdc8ed6d106efc78fb21ee6c.jpg;',0,1,0,1,999,0,0,0,0,'5','2018-06-15 09:23:31','{\"h1--lc--s:?\":\"????-?????? princesse de broglie\"}','[]',0),(1101,0,17,1,1,'{\"id\":20,\"name\":\"?????????\",\"anchor\":\"\",\"parent\":0,\"alias\":\"svadebnaya\",\"menuimages\":\"8QShRzzv2MLixNXkwMIe7AswL9KiiJtc.jpg;\",\"images\":\"Zh-HUjaOsQYqMnBZ1vFNEb71n3Yy_3AO.jpg;\",\"small\":\"?????????, ? ? ???? ????? ????????? ?????? ????????? ??????? MANIA modeler ?????????????? ????? ?????? ????????????? ???????? ???????. ????? ?????????????? ?????? ??? ?????? ??????? ???.\\r\\n\",\"text\":\"<p>&nbsp;</p>\\r\\n\\r\\n<p><meta charset=\\\"utf-8\\\" /></p>\\r\\n\\r\\n<p dir=\\\"ltr\\\"><b id=\\\"docs-internal-guid-f455abac-52b9-faab-e723-c82f7720279b\\\">?????????, ? ? ???? ????? ????????? ?????? ????????? ??????? MANIA modeler ?????????????? ????? ?????? ????????????? ???????? ???????. ????? ?????????????? ?????? ??? ?????? ??????? ???.</b></p>\\r\\n\",\"vis\":1,\"posled\":2,\"menu\":1,\"main\":1,\"_customfields\":\"[]\",\"_system\":0}','?????? ?? ??????? PRINCESSE DE BROGLIE','yubochka-na-koketke-princess-1101','',9000.00,9000.00,14000.00,0,'5aba0e9d1294591921b9ffd2b196d58dc9797979.jpg;16a6e4085a31ed58c884b35ef5a778f4009b1a66.jpg;',0,1,0,1,999,1,0,0,0,'5','2018-06-15 09:24:54','{\"h1--lc--s:?\":\"?????? ?? ??????? princesse de broglie\"}','[]',0),(1102,0,17,1,1,'{\"id\":20,\"name\":\"?????????\",\"anchor\":\"\",\"parent\":0,\"alias\":\"svadebnaya\",\"menuimages\":\"8QShRzzv2MLixNXkwMIe7AswL9KiiJtc.jpg;\",\"images\":\"Zh-HUjaOsQYqMnBZ1vFNEb71n3Yy_3AO.jpg;\",\"small\":\"?????????, ? ? ???? ????? ????????? ?????? ????????? ??????? MANIA modeler ?????????????? ????? ?????? ????????????? ???????? ???????. ????? ?????????????? ?????? ??? ?????? ??????? ???.\\r\\n\",\"text\":\"<p>&nbsp;</p>\\r\\n\\r\\n<p><meta charset=\\\"utf-8\\\" /></p>\\r\\n\\r\\n<p dir=\\\"ltr\\\"><b id=\\\"docs-internal-guid-f455abac-52b9-faab-e723-c82f7720279b\\\">?????????, ? ? ???? ????? ????????? ?????? ????????? ??????? MANIA modeler ?????????????? ????? ?????? ????????????? ???????? ???????. ????? ?????????????? ?????? ??? ?????? ??????? ???.</b></p>\\r\\n\",\"vis\":1,\"posled\":2,\"menu\":1,\"main\":1,\"_customfields\":\"[]\",\"_system\":0}','????? PRINCESSE DE BROGLIE','shlejf-princess-1102','',67000.00,67000.00,78000.00,0,'1fa472ce3203d53e678fa1a83a5da348376ae984.jpg;21cce2cb6c79229fb8aae5d96c5e0bed861dcc12.jpg;5e62af97810bb3c44ca9d9d374d0dce27836d51f.jpg;744317315cdf4adac4f4ffa3dae99d2768093450.jpg;42e66802ed38d2e37405f2e2835a46d8f86e9927.jpg;9122e05cb6dc710e6628c0d5f03f4049c7f8d2e3.jpg;',0,1,0,1,999,1,0,0,0,'5','2018-06-15 09:26:28','{\"h1--lc--s:?\":\"????? princesse de broglie\"}','[]',0),(1103,0,17,1,1,'{\"id\":47,\"name\":\"SALE\",\"anchor\":\"\",\"parent\":0,\"alias\":\"sale\",\"menuimages\":\"\",\"images\":\"\",\"small\":\"\",\"text\":\"\",\"vis\":1,\"posled\":999,\"menu\":1,\"main\":1,\"_customfields\":\"[]\",\"_system\":0}','?????? INFINITY','plate-infinity-1103','',107000.00,107000.00,180000.00,0,'b974a8ad9512841a6ca4cecc391ed50edd1e2824.jpg;9052cd50f30648e134508a4a509132263cc00dcc.jpg;44e6d30e7b36abeb1e82b9c0cc93c0cc2e6a7e0f.jpg;70f6fe38aca3802b31cb25ef8b3209c009f62eed.jpg;3dfb3f310c861a6b1451f5c13f5136ad0fbef5ff.jpg;1efc981d9b397b096d90e0657144ab84c939f60d.jpg;bb46fe77e653173209dbdfb2848224ddf4d03e44.jpg;b3d19aeca5d7f7964b58dea0a1911a606f3f600f.jpg;55be963b4deca7f3cc13514e3274db20d284599c.jpg;',0,1,0,1,999,1,0,0,0,'5','2018-06-22 12:16:56','{\"h1--lc--s:?\":\"?????? infinity\"}','[]',0),(1104,0,17,2,1,'{\"id\":20,\"name\":\"?????????\",\"anchor\":\"\",\"parent\":0,\"alias\":\"svadebnaya\",\"menuimages\":\"8QShRzzv2MLixNXkwMIe7AswL9KiiJtc.jpg;\",\"images\":\"Zh-HUjaOsQYqMnBZ1vFNEb71n3Yy_3AO.jpg;\",\"small\":\"?????????, ? ? ???? ????? ????????? ?????? ????????? ??????? MANIA modeler ?????????????? ????? ?????? ????????????? ???????? ???????. ????? ?????????????? ?????? ??? ?????? ??????? ???.\\r\\n\",\"text\":\"<p>&nbsp;</p>\\r\\n\\r\\n<p><meta charset=\\\"utf-8\\\" /></p>\\r\\n\\r\\n<p dir=\\\"ltr\\\"><b id=\\\"docs-internal-guid-f455abac-52b9-faab-e723-c82f7720279b\\\">?????????, ? ? ???? ????? ????????? ?????? ????????? ??????? MANIA modeler ?????????????? ????? ?????? ????????????? ???????? ???????. ????? ?????????????? ?????? ??? ?????? ??????? ???.</b></p>\\r\\n\",\"vis\":1,\"posled\":2,\"menu\":1,\"main\":1,\"_customfields\":\"[]\",\"_system\":0}','?????? FAIRY SKY','plate-fairy-sky-1104','',160000.00,160000.00,0.00,0,'bc6e1e652d120a4da7b9698a72c77f23e50b1f16.jpg;d358258acd72833d6459526a1733d5f7818943bd.jpg;7626f7b7ded987c64c00ad17ed5587c20f158efd.jpg;2c2603d3ef1aae8d034d0de6a9e8cc3861c89af2.jpg;1417b3b00f146e6558dbc49245e88a9cc83bfac0.jpg;c5dc6e0ed9f89176905885f30cbba36a2a9c568a.jpg;5a7dafd8936a9000f6ec8d5d1b22317137601bff.jpg;a9772ebf21682fe4af97a84205d82f4bf7858b97.jpg;8d4bf2935479aa55fbc7c6efa8363cdc53e17f11.jpg;18cb1f1d7b0dd2fb9cf73c40df6dc1ad6a35d102.jpg;',0,1,0,1,999,0,0,0,0,'5','2018-06-22 12:26:26','{\"h1--lc--s:?\":\"?????? fairy sky\"}','[]',0),(1105,0,17,1,1,'{\"id\":22,\"name\":\"????????\",\"anchor\":\"\",\"parent\":0,\"alias\":\"vechernyaya\",\"menuimages\":\"DgsppK2DyKXvKAkavkO-zQG7IxxY-ieB.jpg;\",\"images\":\"l8oZkBWATklPiWRzfx_vBexiLzARkIJp.jpg;\",\"small\":\"???????? ? ?????????? ?????? MANIA modeler ????????? ? ?????? ????????? demi couture. ???????????? ?????, ??????? ?????? ???????, ????????? ??????????? ? ????????????? ??????? ? ??????? ?????????? ???????????????? ? ???????? ???????????? ?????.\",\"text\":\"<p>???????? ? ?????????? ?????? MANIA modeler ????????? ? ?????? ????????? demi couture. ???????????? ?????, ??????? ?????? ???????, ????????? ??????????? ? ????????????? ??????? ? ??????? ?????????? ???????????????? ? ???????? ???????????? ?????.</p>\\r\\n\",\"vis\":1,\"posled\":3,\"menu\":1,\"main\":1,\"_customfields\":\"[]\",\"_system\":0}','?????? CAPELLA','plate-capella-1105','',17300.00,17300.00,36000.00,0,'32f939c9db5913ea8198932fe84bda45ab49bbdb.jpg;a72c01ab7a9b8ab85cf8fcff34b526d541d6bd64.jpg;4b59b0b6bf3bde24170e9717315acb5e1177b6c8.jpg;35dc6c9006357ae157f14d2b232c526aed962011.jpg;3bd7dcf42445bcced2ec0c92ee031368d2bd6d7a.jpg;0e9adedc777f736eb055870cd992258d32eed2f6.jpg;ab4847aaaac7f3b4e94ec3662736e85be9a50b07.jpg;e4f190b935bda7b0c821a64122b5f43201d33a8a.jpg;',0,1,0,1,999,1,0,0,0,'5','2018-06-29 13:51:44','{\"h1--lc--s:?\":\"?????? capella\"}','[]',0),(1107,0,17,1,1,'{\"id\":20,\"name\":\"ICONIC\",\"anchor\":\"\",\"parent\":0,\"alias\":\"svadebnaya\",\"menuimages\":\"8QShRzzv2MLixNXkwMIe7AswL9KiiJtc.jpg;\",\"images\":\"Zh-HUjaOsQYqMnBZ1vFNEb71n3Yy_3AO.jpg;\",\"small\":\"\",\"text\":\"\",\"vis\":1,\"posled\":2,\"menu\":1,\"main\":1,\"_customfields\":\"[]\",\"_system\":0}','?????? NUT','plate-nut-1107','',110000.00,110000.00,0.00,0,'dd94bc127763b4b9ee3c625ff74275d300976839.jpg;b8fafe4a82c971d6568ad6f6132aceff74a2b3e9.jpg;65a4c99b4402f64993d3d75a11919af4e1ddec7d.jpg;b8383d5e9d729b51cbabaf983ce96ad31150cb16.jpg;0c926f138990eda9f588dc0bc2d2ec2638e0c28a.jpg;3497114e792c22145117f69dbcd1e67f43f7270c.jpg;a5cef6d12861640fda8925213f0073b1a60abfc6.jpg;7d20d8acac2fb78bb0cfa28b08137e813bb54ee3.jpg;f07f0a5870d60b07d4ad5add8cb86cceb1361f8b.jpg;97b160acc2dcb5373e106c71d017e5cae06fb868.jpg;',0,1,0,1,999,0,0,0,0,'5','2018-06-29 14:01:48','{\"h1--lc--s:?\":\"?????? nut\"}','[]',0),(1111,0,17,2,1,'{\"id\":22,\"name\":\"HANDMADE\",\"anchor\":\"HANDMADE\",\"parent\":0,\"alias\":\"vechernyaya\",\"menuimages\":\"DgsppK2DyKXvKAkavkO-zQG7IxxY-ieB.jpg;\",\"images\":\"l8oZkBWATklPiWRzfx_vBexiLzARkIJp.jpg;\",\"small\":\"???????? ? ?????????? ?????? MANIA modeler ????????? ? ?????? ????????? demi couture. ???????????? ?????, ??????? ?????? ???????, ????????? ??????????? ? ????????????? ??????? ? ??????? ?????????? ???????????????? ? ???????? ???????????? ?????.\",\"text\":\"<p>???????? ? ?????????? ?????? MANIA modeler ????????? ? ?????? ????????? demi couture. ???????????? ?????, ??????? ?????? ???????, ????????? ??????????? ? ????????????? ??????? ? ??????? ?????????? ???????????????? ? ???????? ???????????? ?????.</p>\\r\\n\",\"vis\":1,\"posled\":3,\"menu\":1,\"main\":1,\"_customfields\":\"[]\",\"_system\":0}','?????? WIND','plate-wind-1111','',70000.00,70000.00,0.00,0,'cf15ba107abf3b9a6e2ebe5b1cf1c0ece6d847dd.jpg;6ce178264dd932ac251187225720d2c1b68a71b0.jpg;db3476c4c97fd68a0cb6f8b97e8107973638f68b.jpg;1d5feea4c86e3de0f46f4d103ec42a35bb415ef3.jpg;ac957b0826e7e760ff48bfd098b2871befeacb67.jpg;',0,1,0,1,999,0,0,0,0,'5','2018-09-19 11:55:40','{\"h1--lc--s:?\":\"?????? wind\"}','[]',0),(1112,0,17,1,1,'{\"id\":47,\"name\":\"SALE\",\"anchor\":\"\",\"parent\":0,\"alias\":\"sale\",\"menuimages\":\"\",\"images\":\"\",\"small\":\"\",\"text\":\"\",\"vis\":1,\"posled\":999,\"menu\":1,\"main\":1,\"_customfields\":\"[]\",\"_system\":0}','?????? ROSIS','kostyum-rosis-1112','',9000.00,9000.00,22000.00,0,'14c6abde319dc1c120a16086e3423e1b7944c7ce.jpg;760bc40c94f53c69f9ec5034bc0f6899d8f4bb9f.jpg;6be16a65e985b1e6a155aec3badc0d2bed8d9cae.jpg;204b6ff22792cda767687a35ea8144d0dce826c0.jpg;',0,1,0,1,999,1,0,0,0,'5','2018-09-19 11:59:23','{\"h1--lc--s:?\":\"?????? rosis\"}','[]',0),(1113,0,17,1,1,'{\"id\":47,\"name\":\"SALE\",\"anchor\":\"\",\"parent\":0,\"alias\":\"sale\",\"menuimages\":\"\",\"images\":\"\",\"small\":\"\",\"text\":\"\",\"vis\":1,\"posled\":999,\"menu\":1,\"main\":1,\"_customfields\":\"[]\",\"_system\":0}','?????? NIKAH','plate-na-nikah-1113','',9000.00,9000.00,35000.00,0,'76c70783ce771c53bd191972ac916235ac5c44dc.jpg;fd9140343301549e322eb63664cb3336c1e1912f.jpg;9873f1a51a599ce4df2d1edb251b5bb62182d485.jpg;',0,1,0,1,999,1,0,0,0,'5','2018-09-19 12:01:26','{\"h1--lc--s:?\":\"?????? ?? ?????\"}','[]',0),(1114,0,17,1,1,'{\"id\":22,\"name\":\"SEMI-BESPOKE\",\"anchor\":\"\",\"parent\":0,\"alias\":\"vechernyaya\",\"menuimages\":\"2-Q_DzTuhSNhCy22wxTcXprJs6RGrYlU.jpg;\",\"images\":\"ZUfK1_qdIBUwIZVDUiPdfeGdavKzevEA.jpg;\",\"small\":\"All gowns and accessories of collection are eligible for semi-bespoke alterations. To discuss possibilities, please send us an inquiry with your wishes.\",\"text\":\"\",\"vis\":1,\"posled\":3,\"menu\":1,\"main\":1,\"_customfields\":\"[]\",\"_system\":0}','?????? AMARYLLIS','plate-amaryllis-1114','',32000.00,32000.00,42000.00,0,'96060a8282d1384f3c33ed991b093272ae7848e1.jpg;7be2e23ec8c990b544989b2bbe7842721503b104.jpg;ace3c7855cd0ba9cdc9a98fe740267cd059598d4.jpg;1f356d97012fd4f978e9705a3a180bdbedf3cc5b.jpg;39dd523a2739b14e72088d85c0c1605623bde720.jpg;3bf40244eea2192651bb44a8c818792d39d03930.jpg;f4b321944ad6276e55a4e47071d275eedab16a47.jpg;',0,1,0,1,999,1,0,0,0,'5','2018-10-12 10:46:44','{\"h1--lc--s:?\":\"?????? amaryllis\"}','[]',0),(1117,0,17,1,1,'{\"id\":47,\"name\":\"SALE\",\"anchor\":\"\",\"parent\":0,\"alias\":\"sale\",\"menuimages\":\"\",\"images\":\"\",\"small\":\"\",\"text\":\"\",\"vis\":1,\"posled\":999,\"menu\":1,\"main\":1,\"_customfields\":\"[]\",\"_system\":0}','?????? GLORIA ','plate-gloria-1117','',37000.00,37000.00,66000.00,0,'dc465362492c6caa33805d3a0f6e5288d9175535.jpg;49e26d8055d866ed966949c532a56baf759364c6.jpg;aa369087dd8714126fee7b1174618fad8d504a8c.jpg;6664422f895a22f36fe680cbf9695922c605df30.jpg;7d84d9b7b96ddc846fc250086592571e1b97ff62.jpg;ae01f8c7a87c485e280c44101ab5aead937368b6.jpg;',0,1,0,1,999,1,0,0,0,'5','2018-10-27 15:54:15','{\"h1--lc--s:?\":\"?????? gloria \"}','[]',0),(1124,0,18,1,1,'{\"id\":37,\"name\":\"SALE\",\"anchor\":\"\",\"parent\":0,\"alias\":\"sale\",\"menuimages\":\"1kLNK1mAsllwgACtNgRNEQokUKVsPqKL.jpg;\",\"images\":\"STJNsv_QjiUELnA4k8xnon_C0CvYvH1v.jpg;\",\"small\":\"\",\"text\":\"<p>? ?????? ??????? ???????????? ???? ?????? ?? ???????.&nbsp; ?????? ? ????? ??????? ????????? ???????????, ? ??????????? ?? ?????? ? ?????? ?????????.</p>\\r\\n\",\"vis\":1,\"posled\":999,\"menu\":1,\"main\":0,\"_customfields\":\"[]\",\"_system\":0}','????????? ??????? ? ???????? ??????????','barhatnaya-rubashka-s-rogovymi-pugovicami-1124','',10500.00,10500.00,14900.00,0,'e8cc8b24e3c9bc964262b585931a6d670bf29a8a.jpg;12d40639bafd1dcf04ea9740e9baa74197c9b806.jpg;e3eaa8db549b2fe059dbb0e53993837ae594c903.JPG;',0,1,0,1,999,1,0,0,0,'5','2018-11-11 18:13:15','{\"h1--lc--s:?\":\"????????? ??????? ? ???????? ??????????\"}','[]',0),(1126,0,18,1,1,'{\"id\":47,\"name\":\"SALE\",\"anchor\":\"\",\"parent\":0,\"alias\":\"sale\",\"menuimages\":\"\",\"images\":\"\",\"small\":\"\",\"text\":\"\",\"vis\":1,\"posled\":999,\"menu\":1,\"main\":1,\"_customfields\":\"[]\",\"_system\":0}','?????? ?? ????????','plate-so-sborkami-1126','',15500.00,15500.00,0.00,0,'4c31f7609381bb6d736569d25cb089e5bc9dd621.jpg;29a1439e412be688d11c99eec145fb15eb88c350.jpg;',0,1,0,1,999,0,0,0,0,'5','2018-11-14 12:35:12','{\"h1--lc--s:?\":\"?????? ?? ????????\"}','[]',0),(1128,0,18,1,1,'{\"id\":37,\"name\":\"SALE\",\"anchor\":\"\",\"parent\":0,\"alias\":\"sale\",\"menuimages\":\"1kLNK1mAsllwgACtNgRNEQokUKVsPqKL.jpg;\",\"images\":\"STJNsv_QjiUELnA4k8xnon_C0CvYvH1v.jpg;\",\"small\":\"\",\"text\":\"<p>? ?????? ??????? ???????????? ???? ?????? ?? ???????.&nbsp; ?????? ? ????? ??????? ????????? ???????????, ? ??????????? ?? ?????? ? ?????? ?????????.</p>\\r\\n\",\"vis\":1,\"posled\":999,\"menu\":1,\"main\":0,\"_customfields\":\"[]\",\"_system\":0}','??????-???????','palto-blejzer-1128','',4000.00,4000.00,18000.00,0,'2edd70a275cd3ff1f4319559fdcfbe529494c5a6.jpg;13001b49f8d0aeacb7a0f205a2bd6e3d55bddce4.jpg;',0,1,0,1,999,1,0,0,0,'5','2019-03-12 23:35:13','{\"h1--lc--s:?\":\"??????-???????\"}','[]',0),(1131,0,18,1,1,'{\"id\":22,\"name\":\"HANDMADE\",\"anchor\":\"HANDMADE\",\"parent\":0,\"alias\":\"vechernyaya\",\"menuimages\":\"DgsppK2DyKXvKAkavkO-zQG7IxxY-ieB.jpg;\",\"images\":\"l8oZkBWATklPiWRzfx_vBexiLzARkIJp.jpg;\",\"small\":\"???????? ? ?????????? ?????? MANIA modeler ????????? ? ?????? ????????? demi couture. ???????????? ?????, ??????? ?????? ???????, ????????? ??????????? ? ????????????? ??????? ? ??????? ?????????? ???????????????? ? ???????? ???????????? ?????.\",\"text\":\"<p>???????? ? ?????????? ?????? MANIA modeler ????????? ? ?????? ????????? demi couture. ???????????? ?????, ??????? ?????? ???????, ????????? ??????????? ? ????????????? ??????? ? ??????? ?????????? ???????????????? ? ???????? ???????????? ?????.</p>\\r\\n\",\"vis\":1,\"posled\":3,\"menu\":1,\"main\":1,\"_customfields\":\"[]\",\"_system\":0}','????????? ? ???????? ????????','nevidimka-s-barochnym-zhemchugom-1131','',900.00,900.00,0.00,0,'4eb2de0c41c612d4438c4df9f78b59e35aae4ce9.jpg;72f84d2cb375dd296d2024df2e95a33902d5649b.jpg;',0,1,0,1,999,0,0,0,0,'5','2019-03-13 22:37:01','{\"h1--lc--s:?\":\"????????? ? ???????? ????????\"}','[]',0),(1133,0,18,1,1,'{\"id\":22,\"name\":\"HANDMADE\",\"anchor\":\"HANDMADE\",\"parent\":0,\"alias\":\"vechernyaya\",\"menuimages\":\"DgsppK2DyKXvKAkavkO-zQG7IxxY-ieB.jpg;\",\"images\":\"l8oZkBWATklPiWRzfx_vBexiLzARkIJp.jpg;\",\"small\":\"???????? ? ?????????? ?????? MANIA modeler ????????? ? ?????? ????????? demi couture. ???????????? ?????, ??????? ?????? ???????, ????????? ??????????? ? ????????????? ??????? ? ??????? ?????????? ???????????????? ? ???????? ???????????? ?????.\",\"text\":\"<p>???????? ? ?????????? ?????? MANIA modeler ????????? ? ?????? ????????? demi couture. ???????????? ?????, ??????? ?????? ???????, ????????? ??????????? ? ????????????? ??????? ? ??????? ?????????? ???????????????? ? ???????? ???????????? ?????.</p>\\r\\n\",\"vis\":1,\"posled\":3,\"menu\":1,\"main\":1,\"_customfields\":\"[]\",\"_system\":0}','????????? \"??????? ? ??????\"','nevidimka-goroshek-s-kaplej-1133','',1090.00,1090.00,0.00,0,'4e3f257ba8c9629a47fcba45ad1a1ea8abde3ad9.;8cf7f50829bcdcc7a0324f492348d97cb44f16c2.jpg;',0,1,0,1,999,0,0,0,0,'5','2019-04-01 12:27:38','{\"h1--lc--s:?\":\"????????? \\\"??????? ? ??????\\\"\"}','[]',0),(1134,0,18,1,1,'{\"id\":22,\"name\":\"HANDMADE\",\"anchor\":\"HANDMADE\",\"parent\":0,\"alias\":\"vechernyaya\",\"menuimages\":\"DgsppK2DyKXvKAkavkO-zQG7IxxY-ieB.jpg;\",\"images\":\"l8oZkBWATklPiWRzfx_vBexiLzARkIJp.jpg;\",\"small\":\"???????? ? ?????????? ?????? MANIA modeler ????????? ? ?????? ????????? demi couture. ???????????? ?????, ??????? ?????? ???????, ????????? ??????????? ? ????????????? ??????? ? ??????? ?????????? ???????????????? ? ???????? ???????????? ?????.\",\"text\":\"<p>???????? ? ?????????? ?????? MANIA modeler ????????? ? ?????? ????????? demi couture. ???????????? ?????, ??????? ?????? ???????, ????????? ??????????? ? ????????????? ??????? ? ??????? ?????????? ???????????????? ? ???????? ???????????? ?????.</p>\\r\\n\",\"vis\":1,\"posled\":3,\"menu\":1,\"main\":1,\"_customfields\":\"[]\",\"_system\":0}','????????? ?????????','nevidimka-perlamutr-1134','',550.00,550.00,0.00,0,'c5f2b89394e7b27381efc264aaf6ac6487477a4e.jpg;b1a70f2eaa6d248ba9254ee0dfe423bf9d87358a.jpg;',0,1,0,1,999,0,0,0,0,'5','2019-04-01 13:24:13','{\"h1--lc--s:?\":\"????????? ?????????\"}','[]',0),(1135,0,18,1,1,'{\"id\":22,\"name\":\"HANDMADE\",\"anchor\":\"HANDMADE\",\"parent\":0,\"alias\":\"vechernyaya\",\"menuimages\":\"DgsppK2DyKXvKAkavkO-zQG7IxxY-ieB.jpg;\",\"images\":\"l8oZkBWATklPiWRzfx_vBexiLzARkIJp.jpg;\",\"small\":\"???????? ? ?????????? ?????? MANIA modeler ????????? ? ?????? ????????? demi couture. ???????????? ?????, ??????? ?????? ???????, ????????? ??????????? ? ????????????? ??????? ? ??????? ?????????? ???????????????? ? ???????? ???????????? ?????.\",\"text\":\"<p>???????? ? ?????????? ?????? MANIA modeler ????????? ? ?????? ????????? demi couture. ???????????? ?????, ??????? ?????? ???????, ????????? ??????????? ? ????????????? ??????? ? ??????? ?????????? ???????????????? ? ???????? ???????????? ?????.</p>\\r\\n\",\"vis\":1,\"posled\":3,\"menu\":1,\"main\":1,\"_customfields\":\"[]\",\"_system\":0}','????????? \"?????\"','nevidimka-goroh-1135','',1190.00,1190.00,0.00,0,'c7028fa917dc592d0b99d675c68bbce4c3b940f1.jpg;878b18e521da1f933eb72182edb9e8c697735ddb.jpg;',0,1,0,1,999,0,0,0,0,'5','2019-04-01 14:06:26','{\"h1--lc--s:?\":\"????????? \\\"?????\\\"\"}','[]',0),(1136,0,12,1,1,'{\"id\":22,\"name\":\"????????\",\"anchor\":\"\",\"parent\":0,\"alias\":\"vechernyaya\",\"menuimages\":\"DgsppK2DyKXvKAkavkO-zQG7IxxY-ieB.jpg;\",\"images\":\"l8oZkBWATklPiWRzfx_vBexiLzARkIJp.jpg;\",\"small\":\"???????? ? ?????????? ?????? MANIA modeler ????????? ? ?????? ????????? demi couture. ???????????? ?????, ??????? ?????? ???????, ????????? ??????????? ? ????????????? ??????? ? ??????? ?????????? ???????????????? ? ???????? ???????????? ?????.\",\"text\":\"<p>???????? ? ?????????? ?????? MANIA modeler ????????? ? ?????? ????????? demi couture. ???????????? ?????, ??????? ?????? ???????, ????????? ??????????? ? ????????????? ??????? ? ??????? ?????????? ???????????????? ? ???????? ???????????? ?????.</p>\\r\\n\",\"vis\":1,\"posled\":3,\"menu\":1,\"main\":1,\"_customfields\":\"[]\",\"_system\":0}','????????? ?????? (???????????) SMOKE','kruzhevnoe-plate-transformer-smoke-1136','',42000.00,42000.00,96000.00,0,'5c543662123e26e9d71d53a4c8eff1cc5a1e0f58.jpg;b8f6f87344d3d2a29393fff56583c4241f9bd881.jpg;f785be5390c9bb5246405e815a18c73213309f62.jpg;b660c4a6b7f85c3a4bbe0bc541ee90e9b2639a8e.jpg;321a10d3896e61d8a73cb525a286a8b91fb21b17.jpg;64b013050a0b9dbc396cf37048445c65c961bf95.jpg;d4a7aeca10877779fd0164ab30ed2217484dcd31.jpg;c4587870932d17758494d6996b69b92e1323cc38.jpg;0878131bc072b92801a8d74e107c26c15d488643.jpg;',0,1,0,1,999,1,0,0,0,'5','2019-04-19 08:05:24','{\"h1--lc--s:?\":\"????????? ?????? (???????????) smoke\"}','[]',0),(1141,0,12,1,1,'{\"id\":47,\"name\":\"SALE\",\"anchor\":\"\",\"parent\":0,\"alias\":\"sale\",\"menuimages\":\"\",\"images\":\"\",\"small\":\"\",\"text\":\"\",\"vis\":1,\"posled\":999,\"menu\":1,\"main\":1,\"_customfields\":\"[]\",\"_system\":0}','?????? CACAO','plate-cacao-1141','',6000.00,6000.00,25000.00,0,'4a67bda4f6f72d063f3c5962f2abe5186acd3a83.jpg;64eb6b5193dc6626958731ff1ac55151cb850f9d.jpg;',0,1,0,1,999,1,0,0,0,'5','2019-04-19 10:15:22','{\"h1--lc--s:?\":\"?????? cacao\"}','[]',0),(1143,0,16,1,1,'{\"id\":47,\"name\":\"SALE\",\"anchor\":\"\",\"parent\":0,\"alias\":\"sale\",\"menuimages\":\"\",\"images\":\"\",\"small\":\"\",\"text\":\"\",\"vis\":1,\"posled\":999,\"menu\":1,\"main\":1,\"_customfields\":\"[]\",\"_system\":0}','KSUY','ksu-1143','',90000.00,90000.00,180000.00,0,'a8dc3833431cb9fdd263bd49750c44839f9f1b85.jpg;5f988510b70d7ec9ea5f7abcd9f18fcbdda63faf.jpg;dcb4a6fb33f5db383b384484f2f11e5492393047.jpg;36424a4a284abe221109fe40930f49133a0b0cb0.jpg;2b2bbcf58e28f355913d1303bd01941bfc74ee5c.jpg;',0,1,0,1,999,1,0,0,0,'5','2019-04-19 10:37:51','{\"h1--lc--s:?\":\"ksuy\"}','[]',0),(1144,0,18,1,1,'{\"id\":20,\"name\":\"?????????\",\"anchor\":\"\",\"parent\":0,\"alias\":\"svadebnaya\",\"menuimages\":\"8QShRzzv2MLixNXkwMIe7AswL9KiiJtc.jpg;\",\"images\":\"Zh-HUjaOsQYqMnBZ1vFNEb71n3Yy_3AO.jpg;\",\"small\":\"?????????, ? ? ???? ????? ????????? ?????? ????????? ??????? MANIA modeler ?????????????? ????? ?????? ????????????? ???????? ???????. ????? ?????????????? ?????? ??? ?????? ??????? ???.\\r\\n\",\"text\":\"<p>&nbsp;</p>\\r\\n\\r\\n<p><meta charset=\\\"utf-8\\\" /></p>\\r\\n\\r\\n<p dir=\\\"ltr\\\"><b id=\\\"docs-internal-guid-f455abac-52b9-faab-e723-c82f7720279b\\\">?????????, ? ? ???? ????? ????????? ?????? ????????? ??????? MANIA modeler ?????????????? ????? ?????? ????????????? ???????? ???????. ????? ?????????????? ?????? ??? ?????? ??????? ???.</b></p>\\r\\n\",\"vis\":1,\"posled\":2,\"menu\":1,\"main\":1,\"_customfields\":\"[]\",\"_system\":0}','?????? PEARL','n-a-1144','',39000.00,39000.00,0.00,0,'a56948e373b3f53608eb28e9406d25a0296fe659.jpg;ee582fcb2509e271f18a4906bd8e24ef95362452.jpg;7d1e9b07e0107d8781008b31ca92999342114ee3.JPG;',0,1,0,1,999,0,0,0,0,'5','2020-06-23 13:33:15','{\"h1--lc--s:?\":\"?????? pearl\"}','[]',0),(1145,0,18,1,1,'{\"id\":22,\"name\":\"????????\",\"anchor\":\"\",\"parent\":0,\"alias\":\"vechernyaya\",\"menuimages\":\"DgsppK2DyKXvKAkavkO-zQG7IxxY-ieB.jpg;\",\"images\":\"l8oZkBWATklPiWRzfx_vBexiLzARkIJp.jpg;\",\"small\":\"???????? ? ?????????? ?????? MANIA modeler ????????? ? ?????? ????????? demi couture. ???????????? ?????, ??????? ?????? ???????, ????????? ??????????? ? ????????????? ??????? ? ??????? ?????????? ???????????????? ? ???????? ???????????? ?????.\",\"text\":\"<p>???????? ? ?????????? ?????? MANIA modeler ????????? ? ?????? ????????? demi couture. ???????????? ?????, ??????? ?????? ???????, ????????? ??????????? ? ????????????? ??????? ? ??????? ?????????? ???????????????? ? ???????? ???????????? ?????.</p>\\r\\n\",\"vis\":1,\"posled\":3,\"menu\":1,\"main\":1,\"_customfields\":\"[]\",\"_system\":0}','?????? EMERALDA','plate-emeralda-1145','',59000.00,59000.00,0.00,0,'423a902f323f2a7ecceb5c572a81c4e8c0a47fa3.jpg;7e62d30bb6bb74da33bffeab7d3a85cf91c30271.jpg;6df7b971304051ee60641e956929e33eaedaad98.JPG;188cb78236b01323d0750fb4d2d9d2428f0dc297.JPG;',0,1,0,1,999,0,0,0,0,'5','2020-06-23 19:28:52','{\"h1--lc--s:?\":\"?????? emeralda\"}','[]',0),(1146,0,18,2,1,'{\"id\":22,\"name\":\"????????\",\"anchor\":\"\",\"parent\":0,\"alias\":\"vechernyaya\",\"menuimages\":\"DgsppK2DyKXvKAkavkO-zQG7IxxY-ieB.jpg;\",\"images\":\"l8oZkBWATklPiWRzfx_vBexiLzARkIJp.jpg;\",\"small\":\"???????? ? ?????????? ?????? MANIA modeler ????????? ? ?????? ????????? demi couture. ???????????? ?????, ??????? ?????? ???????, ????????? ??????????? ? ????????????? ??????? ? ??????? ?????????? ???????????????? ? ???????? ???????????? ?????.\",\"text\":\"<p>???????? ? ?????????? ?????? MANIA modeler ????????? ? ?????? ????????? demi couture. ???????????? ?????, ??????? ?????? ???????, ????????? ??????????? ? ????????????? ??????? ? ??????? ?????????? ???????????????? ? ???????? ???????????? ?????.</p>\\r\\n\",\"vis\":1,\"posled\":3,\"menu\":1,\"main\":1,\"_customfields\":\"[]\",\"_system\":0}','?????? FUCISTIA','plate-fucistia-1146','',75000.00,75000.00,0.00,0,'2de37a214e08212bf8435756c9992d44c22d8501.JPG;bcae4194fed74c8ef4b130a4841cf143602b4668.JPG;',0,1,0,1,999,0,0,0,0,'5','2020-06-24 18:59:54','{\"h1--lc--s:?\":\"?????? fucistia\"}','[]',0),(1147,0,18,2,1,'{\"id\":22,\"name\":\"HANDMADE\",\"anchor\":\"HANDMADE\",\"parent\":0,\"alias\":\"vechernyaya\",\"menuimages\":\"DgsppK2DyKXvKAkavkO-zQG7IxxY-ieB.jpg;\",\"images\":\"l8oZkBWATklPiWRzfx_vBexiLzARkIJp.jpg;\",\"small\":\"???????? ? ?????????? ?????? MANIA modeler ????????? ? ?????? ????????? demi couture. ???????????? ?????, ??????? ?????? ???????, ????????? ??????????? ? ????????????? ??????? ? ??????? ?????????? ???????????????? ? ???????? ???????????? ?????.\",\"text\":\"<p>???????? ? ?????????? ?????? MANIA modeler ????????? ? ?????? ????????? demi couture. ???????????? ?????, ??????? ?????? ???????, ????????? ??????????? ? ????????????? ??????? ? ??????? ?????????? ???????????????? ? ???????? ???????????? ?????.</p>\\r\\n\",\"vis\":1,\"posled\":3,\"menu\":1,\"main\":1,\"_customfields\":\"[]\",\"_system\":0}','??? ? ???? FUCISTIA','top-i-yubka-fucistia-1147','',59000.00,59000.00,0.00,0,'5cbf8fb71a50d7c54570f14430470da94bddc176.jpg;1ac1c2ec281c26da09d29e3032140a2e68570bd2.jpg;78181b9998b2b8cdac2a80d27a2a85c8082d1801.JPG;95881d39d1383faa9be7ee9196772b63b077873c.JPG;',0,1,0,1,999,0,0,0,0,'5','2020-06-25 20:18:59','{\"h1--lc--s:?\":\"??? ? ???? fucistia\"}','[]',0);
/*!40000 ALTER TABLE `items` ENABLE KEYS */;
UNLOCK TABLES;

--
-- Table structure for table `items_colors`
--

DROP TABLE IF EXISTS `items_colors`;
/*!40101 SET @saved_cs_client     = @@character_set_client */;
/*!40101 SET character_set_client = utf8 */;
CREATE TABLE `items_colors` (
  `item_id` int(11) NOT NULL,
  `color_id` int(11) NOT NULL,
  PRIMARY KEY (`item_id`,`color_id`),
  KEY `color_id` (`color_id`),
  CONSTRAINT `items_colors_ibfk_1` FOREIGN KEY (`item_id`) REFERENCES `items` (`id`) ON DELETE CASCADE ON UPDATE CASCADE,
  CONSTRAINT `items_colors_ibfk_2` FOREIGN KEY (`color_id`) REFERENCES `colors` (`id`) ON DELETE CASCADE ON UPDATE CASCADE
) ENGINE=InnoDB DEFAULT CHARSET=utf8;
/*!40101 SET character_set_client = @saved_cs_client */;

--
-- Dumping data for table `items_colors`
--

LOCK TABLES `items_colors` WRITE;
/*!40000 ALTER TABLE `items_colors` DISABLE KEYS */;
INSERT INTO `items_colors` VALUES (914,1),(993,1),(997,1),(1010,1),(1100,1),(993,2),(1015,2),(993,3),(1126,3),(993,4),(989,5),(993,5),(995,5),(998,5),(1006,5),(1009,5),(1011,5),(1024,5),(1025,5),(1030,5),(1071,5),(1099,5),(1101,5),(1104,5),(1107,5),(1143,5),(1144,5),(985,6),(993,6),(1141,6),(919,7),(933,7),(993,7),(1065,7),(1126,7),(913,8),(950,8),(951,8),(1012,8),(1027,8),(1028,8),(1097,8),(993,9),(998,9),(1094,9),(1103,9),(1105,9),(1114,9),(915,10),(927,10),(993,10),(996,10),(998,10),(999,10),(1124,10),(1136,10),(1035,11),(1042,11),(1091,11),(1092,11),(1102,11),(955,12),(961,12),(984,12),(993,12),(1095,12),(1112,12),(1117,12),(1128,12),(970,13),(976,13),(993,13),(1128,13),(926,14),(977,14),(993,14),(1072,14),(1082,14),(1111,14),(1113,14),(1128,14),(993,15),(1126,15),(993,16),(1145,16),(931,17),(993,17),(998,17),(1000,17),(1146,18),(1147,18);
/*!40000 ALTER TABLE `items_colors` ENABLE KEYS */;
UNLOCK TABLES;

--
-- Table structure for table `items_props`
--

DROP TABLE IF EXISTS `items_props`;
/*!40101 SET @saved_cs_client     = @@character_set_client */;
/*!40101 SET character_set_client = utf8 */;
CREATE TABLE `items_props` (
  `id` int(11) NOT NULL AUTO_INCREMENT,
  `item_id` int(11) NOT NULL,
  `prop_id` int(11) NOT NULL,
  `value` text NOT NULL,
  `show` int(11) NOT NULL DEFAULT '0',
  PRIMARY KEY (`id`),
  KEY `item_id` (`item_id`),
  KEY `prop_id` (`prop_id`),
  CONSTRAINT `items_props_ibfk_1` FOREIGN KEY (`item_id`) REFERENCES `items` (`id`) ON DELETE CASCADE ON UPDATE CASCADE,
  CONSTRAINT `items_props_ibfk_2` FOREIGN KEY (`prop_id`) REFERENCES `props` (`id`) ON DELETE CASCADE ON UPDATE CASCADE
) ENGINE=InnoDB AUTO_INCREMENT=13079 DEFAULT CHARSET=utf8;
/*!40101 SET character_set_client = @saved_cs_client */;

--
-- Dumping data for table `items_props`
--

LOCK TABLES `items_props` WRITE;
/*!40000 ALTER TABLE `items_props` DISABLE KEYS */;
INSERT INTO `items_props` VALUES (11210,1030,52,'???????????????? ????? ?????????',0),(11211,1030,53,'95% poliester 5% elastan',0),(11212,1030,51,'?????',0),(11222,1033,52,'???????????????? ????? ?????????',0),(11223,1033,53,'95% poliester 5% elastan',0),(11224,1033,51,'?????, ????? Swarovski, ????????? ??????, ?????????',0),(11246,1041,51,'?????? Swarovski',0),(11247,1041,52,'???????????????? ????? ?????????',0),(11248,1041,53,'95% poliester 5% elastan',0),(11480,929,51,'?????, ????? Swarovski, ????????? ??????, ?????????',0),(11481,929,52,'???????????????? ????? ?????????',0),(11482,929,53,'95% poliester 5% elastan',0),(12056,1136,51,'sequins, Swarovski,  beads, plumage',0),(12057,1136,52,' dry cleaning',0),(12058,1136,53,'100% viscose, decor silk',0),(12128,1043,51,'Swarovski',0),(12129,1043,52,' dry cleaning',0),(12130,1043,53,'95% poliester 5% elastan',0),(12152,1104,51,'Swarovski',0),(12153,1104,52,' dry cleaning',0),(12154,1104,53,'100% polyester',0),(12167,1100,51,' glass',0),(12168,1100,52,' dry cleaning',0),(12169,1100,53,'100% silk',0),(12215,1101,51,'beads',0),(12216,1101,52,' dry cleaning',0),(12217,1101,53,'100% polyester',0),(12218,1102,51,'beads',0),(12219,1102,52,' dry cleaning',0),(12220,1102,53,'100% polyester',0),(12224,1095,51,'Swarovski',0),(12225,1095,52,' dry cleaning',0),(12226,1095,53,'100% polyester, decor silk',0),(12233,1105,51,'Swarovski',0),(12234,1105,52,' dry cleaning',0),(12235,1105,53,'100% viscose',0),(12371,1001,51,'missing',0),(12372,1001,52,' dry cleaning',0),(12373,1001,53,'100% polyester',0),(12374,1002,51,'plumage and Swarovski',0),(12375,1002,52,' dry cleaning',0),(12376,1002,53,'100% polyester',0),(12470,1089,51,'sequins, Swarovski,  beads, plumage',0),(12471,1089,52,' dry cleaning',0),(12472,1089,53,'100% silk',0),(12473,1099,51,'missing',0),(12474,1099,52,' dry cleaning',0),(12475,1099,53,'100% polyester, decor silk',0),(12494,1097,51,'Swarovski',0),(12495,1097,52,' dry cleaning',0),(12496,1097,53,'100% silk',0),(12578,1082,51,'Swarovski',0),(12579,1082,52,' dry cleaning',0),(12580,1082,53,'100% viscose, decor silk',0),(12647,1042,51,'missing',0),(12648,1042,52,' dry cleaning',0),(12649,1042,53,'100% polyester',0),(12659,915,51,'plumage and Swarovski',0),(12660,915,52,' dry cleaning',0),(12661,915,53,'100% viscose',0),(12701,1091,51,'missing',0),(12702,1091,52,' dry cleaning',0),(12703,1091,53,'100% polyester',0),(12740,1012,51,'Swarovski',0),(12741,1012,52,' dry cleaning',0),(12742,1012,53,'100% silk',0),(12842,1146,51,' glass',0),(12843,1146,52,' dry cleaning',0),(12844,1146,53,'100% viscose',0),(12848,1145,51,' glass',0),(12849,1145,52,' dry cleaning',0),(12850,1145,53,'100% viscose',0),(12854,1144,51,' glass',0),(12855,1144,52,' dry cleaning',0),(12856,1144,53,'100% viscose',0),(12887,998,51,'plumage and Swarovski',0),(12888,998,52,' dry cleaning',0),(12889,998,53,'100% polyester',0),(12896,1094,51,'Swarovski',0),(12897,1094,52,' dry cleaning',0),(12898,1094,53,'100% silk',0),(12899,999,51,'plumage and Swarovski',0),(12900,999,52,' dry cleaning',0),(12901,999,53,'100% polyester',0),(12902,984,51,'sequins, Swarovski,  beads, plumage',0),(12903,984,52,' dry cleaning',0),(12904,984,53,'100% silk',0),(12905,1124,51,'Swarovski',0),(12906,1124,52,' dry cleaning',0),(12907,1124,53,'100% coton',0),(12908,1128,51,'Swarovski',0),(12909,1128,52,' dry cleaning',0),(12910,1128,53,'100% wool',0),(12911,993,51,'missing',0),(12912,993,52,' dry cleaning',0),(12913,993,53,'100% polyester',0),(12914,914,51,'Swarovski',1),(12915,914,52,' dry cleaning',1),(12916,914,53,'100% polyester',0),(12917,1024,51,'Swarovski',0),(12918,1024,52,' dry cleaning',0),(12919,1024,53,'100% viscose, decor silk',0),(12920,1025,51,'Swarovski',0),(12921,1025,52,' dry cleaning',0),(12922,1025,53,'100% silk',0),(12923,1032,51,'Swarovski',0),(12924,1032,52,' dry cleaning',0),(12925,1032,53,'100% silk',0),(12926,1035,51,'Swarovski',0),(12927,1035,52,' dry cleaning',0),(12928,1035,53,'100% silk',0),(12929,1010,51,' glass',0),(12930,1010,52,' dry cleaning',0),(12931,1010,53,'100% polyester',0),(12935,919,51,'Swarovski',1),(12936,919,52,' dry cleaning',1),(12937,919,53,'100% silk',1),(12938,913,51,'Swarovski',0),(12939,913,52,' dry cleaning',0),(12940,913,53,'100% silk',0),(12941,1027,51,'Swarovski',0),(12942,1027,52,' dry cleaning',0),(12943,1027,53,'100% silk',0),(12944,1028,51,'Swarovski',0),(12945,1028,52,' dry cleaning',0),(12946,1028,53,'100% silk',0),(12947,1063,51,'Swarovski',0),(12948,1063,52,' dry cleaning',0),(12949,1063,53,'100% silk',0),(12950,1071,51,'sequins, Swarovski,  beads, plumage',0),(12951,1071,52,' dry cleaning',0),(12952,1071,53,'100% silk',0),(12953,1131,51,'natural pearls',0),(12954,1131,52,' dusting',0),(12955,1131,53,'metal',0),(12956,1133,51,'natural pearls',0),(12957,1133,52,' dusting',0),(12958,1133,53,'metal',0),(12959,1134,51,'natural pearls',0),(12960,1134,52,' dusting',0),(12961,1134,53,'metal',0),(12962,1135,51,'natural pearls',0),(12963,1135,52,' dusting',0),(12964,1135,53,'metal',0),(12965,1011,51,'Swarovski',0),(12966,1011,52,' dry cleaning',0),(12967,1011,53,'100% polyester',0),(12968,1009,51,'sequins',0),(12969,1009,52,' dry cleaning',0),(12970,1009,53,'100% polyester',0),(12971,1015,51,'Swarovski',0),(12972,1015,52,' dry cleaning',0),(12973,1015,53,'100% viscose',0),(12974,1006,51,'sequins',0),(12975,1006,52,' dry cleaning',0),(12976,1006,53,'100% polyester',0),(12977,1000,51,'sequins',0),(12978,1000,52,' dry cleaning',0),(12979,1000,53,'100% silk',0),(12980,1143,51,'sequins',0),(12981,1143,52,' dry cleaning',0),(12982,1143,53,'100% viscose, decor silk',0),(12983,1111,51,'sequins, Swarovski,  beads, plumage',0),(12984,1111,52,' dry cleaning',0),(12985,1111,53,'100% viscose',0),(12986,1067,51,'Swarovski',0),(12987,1067,52,' dry cleaning',0),(12988,1067,53,'100% silk',0),(12989,1072,51,'sequins, Swarovski,  beads, plumage',0),(12990,1072,52,' dry cleaning',0),(12991,1072,53,'100% silk',0),(12992,1065,51,'sequins, Swarovski,  beads, plumage',0),(12993,1065,52,' dry cleaning',0),(12994,1065,53,'100% silk',0),(12998,931,51,'Swarovski',0),(12999,931,52,' dry cleaning',0),(13000,931,53,'100% silk',0),(13001,927,51,'missing',0),(13002,927,52,' dry cleaning',0),(13003,927,53,'100% silk',0),(13004,926,51,'sequins, Swarovski,  beads, plumage',0),(13005,926,52,' dry cleaning',0),(13006,926,53,'100% silk',0),(13007,1147,51,' glass',0),(13008,1147,52,' dry cleaning',0),(13009,1147,53,'100% viscose',0),(13010,1141,51,'missing',0),(13011,1141,52,' dry cleaning',0),(13012,1141,53,'100% viscose, decor silk',0),(13013,977,51,' glass',0),(13014,977,52,' dry cleaning',0),(13015,977,53,'100% polyester',0),(13016,961,51,'Swarovski',0),(13017,961,52,' dry cleaning',0),(13018,961,53,'100% polyester',0),(13019,1126,51,'missing',0),(13020,1126,52,' handwash',0),(13021,1126,53,'100% viscose',0),(13022,995,51,'beads',0),(13023,995,52,' dry cleaning',0),(13024,995,53,'100% polyester',0),(13025,989,51,'sequins',0),(13026,989,52,' dry cleaning',0),(13027,989,53,'100% viscose',0),(13028,987,51,'Swarovski',0),(13029,987,52,' dry cleaning',0),(13030,987,53,'100% polyester',0),(13031,985,51,'Swarovski',0),(13032,985,52,' dry cleaning',0),(13033,985,53,'100% silk',0),(13034,976,51,'sequins, Swarovski,  beads, plumage',0),(13035,976,52,' dry cleaning',0),(13036,976,53,'100% coton',0),(13037,970,51,'Swarovski',0),(13038,970,52,' dry cleaning',0),(13039,970,53,'100% silk',0),(13040,955,51,'Swarovski',0),(13041,955,52,' dry cleaning',0),(13042,955,53,'100% silk',0),(13043,951,51,'Swarovski',0),(13044,951,52,' dry cleaning',0),(13045,951,53,'100% silk',0),(13046,933,51,'plumage and Swarovski',0),(13047,933,52,' dry cleaning',0),(13048,933,53,'100% silk',0),(13049,1092,51,'Swarovski',0),(13050,1092,52,' dry cleaning',0),(13051,1092,53,'100% silk',0),(13052,997,51,'Swarovski',0),(13053,997,52,' dry cleaning',0),(13054,997,53,'100% silk',0),(13055,1103,51,'missing',0),(13056,1103,52,' dry cleaning',0),(13057,1103,53,'100% viscose, decor silk',0),(13058,1107,51,'sequins, Swarovski,  beads, plumage',0),(13059,1107,52,' dry cleaning',0),(13060,1107,53,'100% viscose',0),(13061,1113,51,'missing',0),(13062,1113,52,' dry cleaning',0),(13063,1113,53,'100% viscose',0),(13064,950,51,'Swarovski',0),(13065,950,52,' dry cleaning',0),(13066,950,53,'100% silk',0),(13067,996,51,'sequins',0),(13068,996,52,' dry cleaning',0),(13069,996,53,'100% polyester',0),(13070,1117,51,'Swarovski',0),(13071,1117,52,' dry cleaning',0),(13072,1117,53,'100% silk',0),(13073,1112,51,'missing',0),(13074,1112,52,' dry cleaning',0),(13075,1112,53,'100% viscose',0),(13076,1114,51,'sequins, Swarovski,  beads, plumage',0),(13077,1114,52,' dry cleaning',0),(13078,1114,53,'100% viscose, decor silk',0);
/*!40000 ALTER TABLE `items_props` ENABLE KEYS */;
UNLOCK TABLES;

--
-- Table structure for table `items_reviews`
--

DROP TABLE IF EXISTS `items_reviews`;
/*!40101 SET @saved_cs_client     = @@character_set_client */;
/*!40101 SET character_set_client = utf8 */;
CREATE TABLE `items_reviews` (
  `id` int(11) NOT NULL AUTO_INCREMENT,
  `date` timestamp NOT NULL DEFAULT CURRENT_TIMESTAMP,
  `item_id` int(11) NOT NULL,
  `name` varchar(255) NOT NULL,
  `email` varchar(255) NOT NULL,
  `text` text NOT NULL,
  `images` text NOT NULL,
  `rating` int(11) NOT NULL,
  `vis` int(11) NOT NULL DEFAULT '1',
  `posled` int(11) NOT NULL DEFAULT '999',
  PRIMARY KEY (`id`),
  KEY `item_id` (`item_id`),
  CONSTRAINT `items_reviews_ibfk_1` FOREIGN KEY (`item_id`) REFERENCES `items` (`id`) ON DELETE CASCADE ON UPDATE CASCADE
) ENGINE=InnoDB DEFAULT CHARSET=utf8;
/*!40101 SET character_set_client = @saved_cs_client */;

--
-- Dumping data for table `items_reviews`
--

LOCK TABLES `items_reviews` WRITE;
/*!40000 ALTER TABLE `items_reviews` DISABLE KEYS */;
/*!40000 ALTER TABLE `items_reviews` ENABLE KEYS */;
UNLOCK TABLES;

--
-- Table structure for table `items_sizes`
--

DROP TABLE IF EXISTS `items_sizes`;
/*!40101 SET @saved_cs_client     = @@character_set_client */;
/*!40101 SET character_set_client = utf8 */;
CREATE TABLE `items_sizes` (
  `item_id` int(11) NOT NULL,
  `size_id` int(11) NOT NULL,
  PRIMARY KEY (`item_id`,`size_id`),
  KEY `size_id` (`size_id`),
  CONSTRAINT `items_sizes_ibfk_1` FOREIGN KEY (`item_id`) REFERENCES `items` (`id`) ON DELETE CASCADE ON UPDATE CASCADE,
  CONSTRAINT `items_sizes_ibfk_2` FOREIGN KEY (`size_id`) REFERENCES `sizes` (`id`) ON DELETE CASCADE ON UPDATE CASCADE
) ENGINE=InnoDB DEFAULT CHARSET=utf8;
/*!40101 SET character_set_client = @saved_cs_client */;

--
-- Dumping data for table `items_sizes`
--

LOCK TABLES `items_sizes` WRITE;
/*!40000 ALTER TABLE `items_sizes` DISABLE KEYS */;
INSERT INTO `items_sizes` VALUES (993,1),(1012,1),(1114,1),(1144,1),(1146,1),(1147,1),(913,2),(914,2),(926,2),(927,2),(931,2),(933,2),(950,2),(951,2),(955,2),(961,2),(970,2),(976,2),(977,2),(984,2),(985,2),(993,2),(995,2),(996,2),(998,2),(999,2),(1006,2),(1009,2),(1010,2),(1011,2),(1012,2),(1015,2),(1024,2),(1025,2),(1027,2),(1028,2),(1035,2),(1063,2),(1065,2),(1067,2),(1071,2),(1072,2),(1082,2),(1089,2),(1092,2),(1094,2),(1095,2),(1097,2),(1099,2),(1100,2),(1101,2),(1102,2),(1103,2),(1104,2),(1105,2),(1107,2),(1112,2),(1113,2),(1114,2),(1117,2),(1124,2),(1126,2),(1128,2),(1136,2),(1141,2),(1143,2),(1144,2),(1145,2),(1146,2),(1147,2),(914,3),(927,3),(933,3),(950,3),(961,3),(970,3),(976,3),(984,3),(987,3),(993,3),(996,3),(998,3),(999,3),(1006,3),(1009,3),(1010,3),(1015,3),(1082,3),(1092,3),(1094,3),(1095,3),(1097,3),(1099,3),(1104,3),(1107,3),(1112,3),(1113,3),(1114,3),(1124,3),(1126,3),(1128,3),(1136,3),(1141,3),(1144,3),(1145,3),(1146,3),(1147,3),(993,4),(1114,4),(1114,14);
/*!40000 ALTER TABLE `items_sizes` ENABLE KEYS */;
UNLOCK TABLES;

--
-- Table structure for table `items_status`
--

DROP TABLE IF EXISTS `items_status`;
/*!40101 SET @saved_cs_client     = @@character_set_client */;
/*!40101 SET character_set_client = utf8 */;
CREATE TABLE `items_status` (
  `id` int(11) NOT NULL AUTO_INCREMENT,
  `name` varchar(255) NOT NULL,
  `_system` int(11) NOT NULL DEFAULT '0',
  PRIMARY KEY (`id`)
) ENGINE=InnoDB AUTO_INCREMENT=3 DEFAULT CHARSET=utf8;
/*!40101 SET character_set_client = @saved_cs_client */;

--
-- Dumping data for table `items_status`
--

LOCK TABLES `items_status` WRITE;
/*!40000 ALTER TABLE `items_status` DISABLE KEYS */;
INSERT INTO `items_status` VALUES (1,'? ???????',1),(2,'??????? ?????????',0);
/*!40000 ALTER TABLE `items_status` ENABLE KEYS */;
UNLOCK TABLES;

--
-- Table structure for table `items_vars`
--

DROP TABLE IF EXISTS `items_vars`;
/*!40101 SET @saved_cs_client     = @@character_set_client */;
/*!40101 SET character_set_client = utf8 */;
CREATE TABLE `items_vars` (
  `id` int(11) NOT NULL AUTO_INCREMENT,
  `item_id` int(11) NOT NULL,
  `showtype_id` int(11) NOT NULL,
  `name` varchar(255) NOT NULL,
  `text` text NOT NULL,
  `vis` int(11) NOT NULL DEFAULT '1',
  `posled` int(11) NOT NULL DEFAULT '999',
  PRIMARY KEY (`id`),
  KEY `item_id` (`item_id`),
  KEY `showtype_id` (`showtype_id`),
  CONSTRAINT `items_vars_ibfk_1` FOREIGN KEY (`item_id`) REFERENCES `items` (`id`) ON DELETE CASCADE ON UPDATE CASCADE,
  CONSTRAINT `items_vars_ibfk_2` FOREIGN KEY (`showtype_id`) REFERENCES `vars_showtypes` (`id`)
) ENGINE=InnoDB DEFAULT CHARSET=utf8;
/*!40101 SET character_set_client = @saved_cs_client */;

--
-- Dumping data for table `items_vars`
--

LOCK TABLES `items_vars` WRITE;
/*!40000 ALTER TABLE `items_vars` DISABLE KEYS */;
/*!40000 ALTER TABLE `items_vars` ENABLE KEYS */;
UNLOCK TABLES;

--
-- Table structure for table `items_vars_values`
--

DROP TABLE IF EXISTS `items_vars_values`;
/*!40101 SET @saved_cs_client     = @@character_set_client */;
/*!40101 SET character_set_client = utf8 */;
CREATE TABLE `items_vars_values` (
  `id` int(11) NOT NULL AUTO_INCREMENT,
  `var_id` int(11) NOT NULL,
  `var_value_id` int(10) unsigned NOT NULL DEFAULT '0',
  `name` varchar(255) NOT NULL,
  `price` double(12,2) NOT NULL,
  `images` text NOT NULL,
  `vis` int(11) NOT NULL DEFAULT '1',
  `posled` int(11) NOT NULL DEFAULT '999',
  PRIMARY KEY (`id`),
  KEY `var_id` (`var_id`),
  KEY `var_value_id` (`var_value_id`),
  CONSTRAINT `items_vars_values_ibfk_1` FOREIGN KEY (`var_id`) REFERENCES `items_vars` (`id`) ON DELETE CASCADE ON UPDATE CASCADE
) ENGINE=InnoDB DEFAULT CHARSET=utf8;
/*!40101 SET character_set_client = @saved_cs_client */;

--
-- Dumping data for table `items_vars_values`
--

LOCK TABLES `items_vars_values` WRITE;
/*!40000 ALTER TABLE `items_vars_values` DISABLE KEYS */;
/*!40000 ALTER TABLE `items_vars_values` ENABLE KEYS */;
UNLOCK TABLES;

--
-- Table structure for table `langs`
--

DROP TABLE IF EXISTS `langs`;
/*!40101 SET @saved_cs_client     = @@character_set_client */;
/*!40101 SET character_set_client = utf8 */;
CREATE TABLE `langs` (
  `id` int(11) NOT NULL AUTO_INCREMENT,
  `default` int(11) NOT NULL DEFAULT '0',
  `name` varchar(255) NOT NULL,
  `code` varchar(255) NOT NULL,
  `currency_id` int(11) NOT NULL DEFAULT '0',
  `currency_last_update` date NOT NULL,
  `flag` text NOT NULL,
  `vis` int(11) NOT NULL DEFAULT '1',
  PRIMARY KEY (`id`),
  KEY `currency_id` (`currency_id`)
) ENGINE=InnoDB AUTO_INCREMENT=3 DEFAULT CHARSET=utf8;
/*!40101 SET character_set_client = @saved_cs_client */;

--
-- Dumping data for table `langs`
--

LOCK TABLES `langs` WRITE;
/*!40000 ALTER TABLE `langs` DISABLE KEYS */;
INSERT INTO `langs` VALUES (1,1,'???????','ru',1,'0000-00-00','',1),(2,0,'??????????','en',2,'2023-04-25','',1);
/*!40000 ALTER TABLE `langs` ENABLE KEYS */;
UNLOCK TABLES;

--
-- Table structure for table `leads`
--

DROP TABLE IF EXISTS `leads`;
/*!40101 SET @saved_cs_client     = @@character_set_client */;
/*!40101 SET character_set_client = utf8 */;
CREATE TABLE `leads` (
  `id` int(11) NOT NULL AUTO_INCREMENT,
  `date` timestamp NOT NULL DEFAULT CURRENT_TIMESTAMP,
  `form_data` text NOT NULL,
  PRIMARY KEY (`id`)
) ENGINE=InnoDB AUTO_INCREMENT=63 DEFAULT CHARSET=utf8;
/*!40101 SET character_set_client = @saved_cs_client */;

--
-- Dumping data for table `leads`
--

LOCK TABLES `leads` WRITE;
/*!40000 ALTER TABLE `leads` DISABLE KEYS */;
INSERT INTO `leads` VALUES (5,'2017-12-19 15:15:20','{\"?????\":\"????????? ? ????\",\"???\":\"123123\",\"?????\":\"dev@vikiweb.ru\",\"???????\":\"+7 (123) 123-1231\",\"?????????\":\"test\"}'),(6,'2017-12-19 15:16:09','{\"?????\":\"\",\"???\":\"\",\"?????\":\"dev@vikiweb.ru\",\"???????\":\"+7 (123) 123-1231\",\"?????????\":\"\"}'),(7,'2017-12-19 15:16:40','{\"?????\":\"\",\"???\":\"123123\",\"?????\":\"dev@vikiweb.ru\",\"???????\":\"+7 (123) 123-1231\",\"?????????\":\"123123\"}'),(8,'2017-12-25 09:26:04','{\"?????\":\"????????? ? ????\",\"???\":\"vfvfcx\",\"?????\":\"valentina@vikiweb.ru\",\"???????\":\"+7 (121) 212-1212\",\"?????????\":\"vfevefvrer\"}'),(9,'2017-12-25 09:26:20','{\"?????\":\"\",\"???\":\"\",\"?????\":\"valentina@vikiweb.ru\",\"???????\":\"+7 (212) 121-2121\",\"?????????\":\"\"}'),(10,'2017-12-27 08:49:18','{\"?????\":\"???????? ?? ???????\",\"mail\":\"dev@vikiweb.ru\"}'),(11,'2017-12-27 08:59:11','{\"?????\":\"???????? ?? ???????\",\"mail\":\"dev@vikiweb.ru\"}'),(12,'2017-12-27 09:01:05','{\"?????\":\"???????? ?? ???????\",\"E-mail\":\"dev@vikiweb.ru\"}'),(13,'2017-12-27 09:01:13','{\"?????\":\"\",\"E-mail\":\"dev@vikiweb.ru\"}'),(14,'2018-01-08 20:14:58','{\"?????\":\"????????? ? ????\",\"???\":\"sdcsdcsdc\",\"?????\":\"sdcsdc@mail.com\",\"???????\":\"+7 (131) 231-6546\",\"?????????\":\"sdcsdcs sdsc\"}'),(15,'2018-01-08 20:15:08','{\"?????\":\"\",\"???\":\"\",\"?????\":\"mail@mail.com\",\"???????\":\"\",\"?????????\":\"\"}'),(16,'2018-01-08 20:15:21','{\"?????\":\"\",\"???\":\"\",\"?????\":\"sdcsdcsd@mail.com\",\"???????\":\"+7 (165) 464-9879\",\"?????????\":\"sdcsdcsdcsdcsdc\"}'),(17,'2018-01-15 07:41:10','{\"?????\":\"????????? ? ????\",\"???\":\"\",\"?????\":\"sdcsdc\",\"???????\":\"\",\"?????????\":\"\"}'),(18,'2018-01-15 07:41:11','{\"?????\":\"????????? ? ????\",\"???\":\"\",\"?????\":\"sdcsdc\",\"???????\":\"\",\"?????????\":\"\"}'),(19,'2018-01-15 07:41:13','{\"?????\":\"????????? ? ????\",\"???\":\"\",\"?????\":\"sdcsdc\",\"???????\":\"\",\"?????????\":\"sdcsdc\"}'),(20,'2018-01-15 07:41:14','{\"?????\":\"????????? ? ????\",\"???\":\"\",\"?????\":\"sdcsdc\",\"???????\":\"\",\"?????????\":\"sdcsdc\"}'),(21,'2018-01-15 07:41:14','{\"?????\":\"????????? ? ????\",\"???\":\"\",\"?????\":\"sdcsdc\",\"???????\":\"\",\"?????????\":\"sdcsdc\"}'),(22,'2018-01-15 07:41:14','{\"?????\":\"????????? ? ????\",\"???\":\"\",\"?????\":\"sdcsdc\",\"???????\":\"\",\"?????????\":\"sdcsdc\"}'),(23,'2018-01-15 07:41:14','{\"?????\":\"????????? ? ????\",\"???\":\"\",\"?????\":\"sdcsdc\",\"???????\":\"\",\"?????????\":\"sdcsdc\"}'),(24,'2018-01-15 07:41:15','{\"?????\":\"????????? ? ????\",\"???\":\"\",\"?????\":\"sdcsdc\",\"???????\":\"\",\"?????????\":\"sdcsdc\"}'),(25,'2018-01-15 07:41:15','{\"?????\":\"????????? ? ????\",\"???\":\"\",\"?????\":\"sdcsdc\",\"???????\":\"\",\"?????????\":\"sdcsdc\"}'),(26,'2018-01-15 07:41:15','{\"?????\":\"????????? ? ????\",\"???\":\"\",\"?????\":\"sdcsdc\",\"???????\":\"\",\"?????????\":\"sdcsdc\"}'),(27,'2018-01-15 07:41:16','{\"?????\":\"????????? ? ????\",\"???\":\"sdcsdc\",\"?????\":\"sdcsdc\",\"???????\":\"\",\"?????????\":\"sdcsdc\"}'),(28,'2018-01-15 07:41:16','{\"?????\":\"????????? ? ????\",\"???\":\"sdcsdc\",\"?????\":\"sdcsdc\",\"???????\":\"\",\"?????????\":\"sdcsdc\"}'),(29,'2018-01-15 07:41:16','{\"?????\":\"????????? ? ????\",\"???\":\"sdcsdc\",\"?????\":\"sdcsdc\",\"???????\":\"\",\"?????????\":\"sdcsdc\"}'),(30,'2018-01-15 07:41:17','{\"?????\":\"????????? ? ????\",\"???\":\"sdcsdc\",\"?????\":\"sdcsdc\",\"???????\":\"\",\"?????????\":\"sdcsdc\"}'),(31,'2018-01-15 07:41:17','{\"?????\":\"????????? ? ????\",\"???\":\"sdcsdc\",\"?????\":\"sdcsdc\",\"???????\":\"\",\"?????????\":\"sdcsdc\"}'),(32,'2018-01-15 07:41:18','{\"?????\":\"????????? ? ????\",\"???\":\"sdcsdc\",\"?????\":\"sdcsdc\",\"???????\":\"\",\"?????????\":\"sdcsdc\"}'),(33,'2018-01-15 07:41:18','{\"?????\":\"????????? ? ????\",\"???\":\"sdcsdc\",\"?????\":\"sdcsdc\",\"???????\":\"\",\"?????????\":\"sdcsdc\"}'),(34,'2018-01-15 07:41:18','{\"?????\":\"????????? ? ????\",\"???\":\"sdcsdc\",\"?????\":\"sdcsdc\",\"???????\":\"\",\"?????????\":\"sdcsdc\"}'),(35,'2018-03-01 15:02:33','{\"?????\":\"???????? ?? ???????\",\"E-mail\":\"sdfdfgdfg\"}'),(36,'2018-03-01 15:02:42','{\"?????\":\"\",\"E-mail\":\"cfgfg\"}'),(37,'2018-03-02 08:19:22','{\"?????\":\"???????? ?? ???????\",\"E-mail\":\"fsdg\"}'),(38,'2018-03-02 08:20:17','{\"?????\":\"???????? ?? ???????\",\"E-mail\":\"?????\"}'),(39,'2018-03-02 08:20:46','{\"?????\":\"\",\"E-mail\":\"????????\"}'),(40,'2018-03-02 08:23:59','{\"?????\":\"???????? ?? ???????\",\"E-mail\":\"fsdg\"}'),(41,'2018-03-02 08:38:31','{\"?????\":\"???????? ?? ???????\",\"E-mail\":\"123\"}'),(42,'2018-03-07 11:16:06','{\"?????\":\"????????? ? ????\",\"name\":\"????\",\"phone\":\"+7 (123) 123-1231\",\"email\":\"\",\"message\":\"????\"}'),(43,'2018-03-11 14:06:00','{\"?????\":\"????????? ? ????\",\"name\":\"??????\",\"phone\":\"+7 (465) 465-4646\",\"email\":\"ruz@mail.com\",\"message\":\"sdcsdcscsd\"}'),(44,'2018-03-11 15:41:55','{\"?????\":\"????????? ? ????\",\"name\":\"test\",\"phone\":\"+7 (123) 123-1231\",\"email\":\"dev@vikiweb.ru\",\"message\":\"test\"}'),(45,'2018-03-11 18:12:43','{\"?????\":\"????????? ? ????\",\"name\":\"ruzel\",\"phone\":\"+7 (546) 464-6464\",\"email\":\"\",\"message\":\"\"}'),(46,'2018-03-11 18:13:15','{\"?????\":\"\",\"name\":\"ruzeller\",\"phone\":\"+7 (434) 565-4645\",\"email\":\"mail@mail.com\",\"message\":\"dsvdfvd dfvdfv dfvdf dfvdf dfvdfv dfvdfv\"}'),(47,'2018-03-11 18:23:46','{\"?????\":\"????????? ? ????\",\"name\":\"??????\",\"phone\":\"+7 (131) 654-6546\",\"email\":\"ruzel@mail.ru\",\"message\":\"sdcsdcsdc\"}'),(48,'2018-03-11 18:24:37','{\"?????\":\"????????? ? ????\",\"name\":\"ruzel\",\"phone\":\"+7 (164) 646-4646\",\"email\":\"mail@mail.com\",\"message\":\"?????????\"}'),(49,'2018-03-11 18:29:17','{\"?????\":\"????????? ? ????\",\"name\":\"sdcsdc\",\"phone\":\"+7 (165) 464-9879\",\"email\":\"ruzelyane@mail.ru\",\"message\":\"wcdfvdfv dfvdfv dfvdfv dfvdfv dfvdfvdfv\"}'),(50,'2018-03-11 18:30:17','{\"?????\":\"????????? ? ????\",\"name\":\"sdc\",\"phone\":\"+7 (546) 546-5464\",\"email\":\"mail@mail.com\",\"message\":\"sdcsdc\"}'),(51,'2018-03-11 18:31:24','{\"?????\":\"????????? ? ????\",\"name\":\"sdcsdc\",\"phone\":\"+7 (555) 646-5464\",\"email\":\"mail@mail.com\",\"message\":\"dfvdfvdfv\"}'),(52,'2018-03-11 18:31:56','{\"?????\":\"????????? ? ????\",\"name\":\"sdc\",\"phone\":\"+7 (213) 123-1423\",\"email\":\"mail@mail.com\",\"message\":\"sdcsvdvsdv\"}'),(53,'2018-03-12 09:40:39','{\"?????\":\"???????? ?? ???????\",\"E-mail\":\"dev@vikiweb.ru\"}'),(54,'2018-08-02 06:58:50','{\"?????\":\"????????? ? ????\",\"name\":\"test\",\"phone\":\"1231231\",\"email\":\"dev@vikiweb.ru\",\"message\":\"test\"}'),(55,'2018-08-02 09:05:06','{\"?????\":\"????????? ? ????\",\"name\":\"?????\",\"phone\":\"89251958090\",\"email\":\"\",\"message\":\"\"}'),(56,'2018-08-02 12:59:48','{\"?????\":\"???????? ?? ???????\",\"E-mail\":\"irina@maniamodeler.com\"}'),(57,'2018-08-10 14:58:35','{\"?????\":\"???????? ?? ???????\",\"E-mail\":\"ceo@vikiweb.ru\"}'),(58,'2018-09-04 09:39:45','{\"?????\":\"???????? ?? ???????\",\"E-mail\":\"remiga_i@mail.ru\"}'),(59,'2018-09-04 09:51:11','{\"?????\":\"????????? ? ????\",\"name\":\"?????\",\"phone\":\"89251958090\",\"email\":\"\",\"message\":\"\"}'),(60,'2018-09-07 12:03:21','{\"?????\":\"???????? ?? ???????\",\"E-mail\":\"remiga_i@mail.ru\"}'),(61,'2018-09-09 13:41:47','{\"?????\":\"???????? ?? ???????\",\"E-mail\":\"8409926@mail.ru\"}'),(62,'2018-09-11 13:29:08','{\"?????\":\"???????? ?? ???????\",\"E-mail\":\"irna@maniamodeler.com\"}');
/*!40000 ALTER TABLE `leads` ENABLE KEYS */;
UNLOCK TABLES;

--
-- Table structure for table `meta_templates`
--

DROP TABLE IF EXISTS `meta_templates`;
/*!40101 SET @saved_cs_client     = @@character_set_client */;
/*!40101 SET character_set_client = utf8 */;
CREATE TABLE `meta_templates` (
  `id` int(11) NOT NULL AUTO_INCREMENT,
  `model` varchar(255) NOT NULL,
  `title` text NOT NULL,
  `description` text NOT NULL,
  `keywords` text NOT NULL,
  `active` int(11) NOT NULL DEFAULT '1',
  PRIMARY KEY (`id`)
) ENGINE=InnoDB AUTO_INCREMENT=4 DEFAULT CHARSET=utf8;
/*!40101 SET character_set_client = @saved_cs_client */;

--
-- Dumping data for table `meta_templates`
--

LOCK TABLES `meta_templates` WRITE;
/*!40000 ALTER TABLE `meta_templates` DISABLE KEYS */;
INSERT INTO `meta_templates` VALUES (3,'Items','{h1} | ?????? {h1--lc--s:?} ? ?????? ? ????????-????????','','',1);
/*!40000 ALTER TABLE `meta_templates` ENABLE KEYS */;
UNLOCK TABLES;

--
-- Table structure for table `migration`
--

DROP TABLE IF EXISTS `migration`;
/*!40101 SET @saved_cs_client     = @@character_set_client */;
/*!40101 SET character_set_client = utf8 */;
CREATE TABLE `migration` (
  `version` varchar(180) NOT NULL,
  `apply_time` int(11) DEFAULT NULL,
  PRIMARY KEY (`version`)
) ENGINE=InnoDB DEFAULT CHARSET=utf8;
/*!40101 SET character_set_client = @saved_cs_client */;

--
-- Dumping data for table `migration`
--

LOCK TABLES `migration` WRITE;
/*!40000 ALTER TABLE `migration` DISABLE KEYS */;
INSERT INTO `migration` VALUES ('m000000_000000_base',1475753844),('m130524_201442_init',1475753849);
/*!40000 ALTER TABLE `migration` ENABLE KEYS */;
UNLOCK TABLES;

--
-- Table structure for table `news`
--

DROP TABLE IF EXISTS `news`;
/*!40101 SET @saved_cs_client     = @@character_set_client */;
/*!40101 SET character_set_client = utf8 */;
CREATE TABLE `news` (
  `id` int(11) NOT NULL AUTO_INCREMENT,
  `name` varchar(255) NOT NULL,
  `alias` varchar(255) NOT NULL,
  `small` text NOT NULL,
  `text` text NOT NULL,
  `date` timestamp NOT NULL DEFAULT CURRENT_TIMESTAMP,
  `images` text NOT NULL,
  `count_view` int(11) NOT NULL DEFAULT '0',
  `vis` int(11) NOT NULL DEFAULT '1',
  `posled` int(11) NOT NULL DEFAULT '999',
  `_customfields` text NOT NULL,
  `_system` int(11) NOT NULL DEFAULT '0',
  PRIMARY KEY (`id`)
) ENGINE=InnoDB AUTO_INCREMENT=6 DEFAULT CHARSET=utf8;
/*!40101 SET character_set_client = @saved_cs_client */;

--
-- Dumping data for table `news`
--

LOCK TABLES `news` WRITE;
/*!40000 ALTER TABLE `news` DISABLE KEYS */;
INSERT INTO `news` VALUES (4,'123','123','123','<p>123</p>\r\n','2017-10-25 21:00:00','',0,1,999,'',0),(5,'123123','123123','','','2017-11-14 21:00:00','',0,1,999,'',0);
/*!40000 ALTER TABLE `news` ENABLE KEYS */;
UNLOCK TABLES;

--
-- Table structure for table `orders`
--

DROP TABLE IF EXISTS `orders`;
/*!40101 SET @saved_cs_client     = @@character_set_client */;
/*!40101 SET character_set_client = utf8 */;
CREATE TABLE `orders` (
  `id` int(11) NOT NULL AUTO_INCREMENT,
  `user_id` int(10) unsigned NOT NULL DEFAULT '0',
  `date` timestamp NOT NULL DEFAULT CURRENT_TIMESTAMP,
  `pickup_point_id` int(11) NOT NULL DEFAULT '1',
  `status_id` int(11) NOT NULL DEFAULT '1',
  `payment_id` int(11) NOT NULL,
  `payment_invoice_id` varchar(255) NOT NULL,
  `payment_date` date NOT NULL,
  `delivery_id` int(11) NOT NULL,
  `promocode` varchar(255) NOT NULL,
  `discount_value` float NOT NULL,
  `discount_type` int(11) NOT NULL DEFAULT '1',
  `delivery_price` double(12,2) NOT NULL,
  `delivery_date` date NOT NULL,
  `delivery_time` time NOT NULL,
  `adding_price` double(12,2) NOT NULL,
  `delivery_time_range` varchar(255) NOT NULL,
  `adding_price_text` text NOT NULL,
  `name` varchar(255) NOT NULL,
  `email` varchar(255) NOT NULL,
  `phone` varchar(255) NOT NULL,
  `address` text NOT NULL,
  `company` varchar(255) NOT NULL,
  `index` varchar(255) NOT NULL,
  `city` varchar(255) NOT NULL,
  `country` varchar(255) NOT NULL,
  `comment` text NOT NULL,
  `deleted` int(11) NOT NULL DEFAULT '0',
  `track` varchar(255) NOT NULL,
  PRIMARY KEY (`id`),
  KEY `pickup_point_id` (`pickup_point_id`),
  KEY `status_id` (`status_id`),
  KEY `payment_id` (`payment_id`),
  KEY `delivery_id` (`delivery_id`),
  KEY `user_id` (`user_id`),
  CONSTRAINT `orders_ibfk_1` FOREIGN KEY (`status_id`) REFERENCES `orders_statuses` (`id`),
  CONSTRAINT `orders_ibfk_2` FOREIGN KEY (`payment_id`) REFERENCES `payments` (`id`),
  CONSTRAINT `orders_ibfk_3` FOREIGN KEY (`delivery_id`) REFERENCES `deliveries` (`id`),
  CONSTRAINT `orders_ibfk_4` FOREIGN KEY (`pickup_point_id`) REFERENCES `pickuppoints` (`id`)
) ENGINE=InnoDB AUTO_INCREMENT=50 DEFAULT CHARSET=utf8;
/*!40101 SET character_set_client = @saved_cs_client */;

--
-- Dumping data for table `orders`
--

LOCK TABLES `orders` WRITE;
/*!40000 ALTER TABLE `orders` DISABLE KEYS */;
INSERT INTO `orders` VALUES (1,24,'2018-07-23 10:02:18',1,1,1,'','0000-00-00',1,'',0,1,0.00,'2018-07-26','00:00:00',0.00,'','','????','dev@vikiweb.ru','+7 (999) 999-9999','2 ??????????? ??????','','123007','??????','1','',1,''),(2,24,'2018-07-23 10:03:21',1,1,1,'','0000-00-00',1,'',0,1,0.00,'2018-07-26','00:00:00',0.00,'','','????','dev@vikiweb.ru','+7 (999) 999-9999','2 ??????????? ??????','','123007','??????','1','',1,''),(3,24,'2018-07-23 10:03:38',1,1,1,'','0000-00-00',1,'',0,1,0.00,'2018-07-26','00:00:00',0.00,'','','????','dev@vikiweb.ru','+7 (999) 999-9999','2 ??????????? ??????','','123007','??????','1','',1,''),(4,34,'2018-07-23 15:05:51',1,1,1,'','0000-00-00',1,'',0,1,0.00,'2018-07-26','00:00:00',0.00,'','','?????','irina@maniamodeler.com','+7 (999) 999-9999','??. ????? ????? 11 ','','111672','??????','1','',1,''),(5,34,'2018-07-30 15:40:50',1,1,2,'','0000-00-00',1,'',0,1,0.00,'2018-08-02','00:00:00',0.00,'','','?????','irina@maniamodeler.com','+7 (999) 999-9999','??. ????????????? ?.39, ??. 23','','111672','??????','1','',1,''),(6,34,'2018-07-30 15:41:39',1,3,2,'','0000-00-00',1,'',0,1,0.00,'2018-08-02','00:00:00',0.00,'','','?????','irina@maniamodeler.com','+7 (999) 999-9999','??. ????????????? ?.39, ??. 23','','111672','??????','1','',0,''),(7,34,'2018-09-11 13:16:33',1,1,2,'','0000-00-00',1,'',0,1,0.00,'2018-09-14','00:00:00',0.00,'','','?????','irina@maniamodeler.com','+7 (999) 999-9999','??. ?????????????, 39/23','','111672','??????','1','',1,''),(8,24,'2018-09-26 13:09:36',2,1,1,'','0000-00-00',1,'',0,1,0.00,'2018-09-29','00:00:00',0.00,'','','????','dev@vikiweb.ru','+7 (999) 999-9999','???','','141440','??????','1','',1,''),(9,24,'2018-09-26 13:10:15',2,1,1,'','0000-00-00',1,'',0,1,0.00,'2018-09-29','00:00:00',0.00,'','','????','muromd@gmail.com','+7 (999) 999-9999','???','','141440','??????','1','',1,''),(10,24,'2018-09-26 13:10:47',2,1,1,'','0000-00-00',1,'',0,1,0.00,'2018-09-29','00:00:00',0.00,'','','????','muromd@gmail.com','+7 (999) 999-9999','???','','141440','??????','1','',1,''),(11,24,'2018-09-26 13:11:04',2,1,1,'','0000-00-00',2,'',0,1,0.00,'2018-09-29','00:00:00',0.00,'','','????','muromd@gmail.com','+7 (999) 999-9999','???','','141440','1231231','1','',1,''),(12,24,'2018-09-26 13:14:28',2,1,1,'','0000-00-00',2,'',0,1,0.00,'2018-09-29','00:00:00',0.00,'','','????','muromd@gmail.com','+7 (999) 999-9999','???','','141440','1231231','1','',1,''),(13,24,'2018-09-26 13:15:15',2,1,1,'','0000-00-00',2,'',0,1,0.00,'2018-09-29','00:00:00',0.00,'','','????','dev@vikiweb.ru','+7 (999) 999-9999','???','','141440','123123123','1','',1,''),(14,24,'2018-09-26 13:15:46',2,1,1,'','0000-00-00',1,'',0,1,0.00,'2018-09-29','00:00:00',0.00,'','','????','dev@vikiweb.ru','+7 (999) 999-9999','???','','141440','??????','1','',1,''),(15,24,'2018-09-26 13:16:03',2,1,1,'','0000-00-00',1,'',0,1,0.00,'2018-09-29','00:00:00',0.00,'','','????','dev@vikiweb.ru','+7 (999) 999-9999','???','','141440','??????','1','',1,''),(16,34,'2018-09-26 13:59:21',1,1,2,'','0000-00-00',2,'',0,1,0.00,'2018-09-29','00:00:00',0.00,'','','?????','irina@maniamodeler.com','+7 (999) 999-9999','111672','','111672','??????','1','',1,''),(17,24,'2018-09-26 14:16:14',1,1,1,'','0000-00-00',2,'',0,1,0.00,'2018-09-29','00:00:00',0.00,'','','????','dev@vikiweb.ru','+7 (999) 999-9999','123','','141440','??????','1','',1,''),(18,24,'2018-09-26 14:16:28',1,1,1,'','0000-00-00',2,'',0,1,0.00,'2018-09-29','00:00:00',0.00,'','','????','dev@vikiweb.ru','+7 (999) 999-9999','???','','141440','??????','1','',1,''),(19,34,'2018-09-26 14:17:28',1,1,2,'','0000-00-00',2,'',0,1,0.00,'2018-09-29','00:00:00',0.00,'','','?????','irina@maniamodeler.com','+7 (999) 999-9999','','','111672','??????','1','',1,''),(20,24,'2018-09-26 14:18:07',1,1,1,'','0000-00-00',2,'',0,1,0.00,'2018-09-29','00:00:00',0.00,'','','????','order@maniamodeler.com','+7 (999) 999-9999','???','','141440','??????','1','',1,''),(21,24,'2018-09-26 14:18:39',1,1,1,'','0000-00-00',2,'',0,1,0.00,'2018-09-29','00:00:00',0.00,'','','????','order@maniamodeler.com','+7 (999) 999-9999','???','','141440','??????','1','',1,''),(22,24,'2018-09-26 14:19:02',1,1,1,'','0000-00-00',2,'',0,1,0.00,'2018-09-29','00:00:00',0.00,'','','????','order@maniamodeler.com','+7 (999) 999-9999','???','','141440','??????','1','',1,''),(23,24,'2018-09-26 14:20:12',1,1,1,'','0000-00-00',2,'',0,1,0.00,'2018-09-29','00:00:00',0.00,'','','????','order@maniamodeler.com','+7 9165555555','???','','141440','??????','1','',1,''),(24,24,'2018-09-26 14:20:52',1,1,1,'','0000-00-00',2,'',0,1,0.00,'2018-09-29','00:00:00',0.00,'','','????','order@maniamodeler.com','+7 9165555555','???','','141440','??????','1','',1,''),(25,24,'2018-09-26 14:22:02',1,1,2,'','0000-00-00',2,'',0,1,0.00,'2018-09-29','00:00:00',0.00,'','','????','order@maniamodeler.com','+7 9165555555','???','','141440','??????','1','',1,''),(26,24,'2018-09-26 14:23:36',2,1,1,'','0000-00-00',1,'',0,1,0.00,'2018-09-29','00:00:00',0.00,'','','????','dev@vikiweb.ru','+7 (999) 999-9999','???','','141440','??????','1','',1,''),(27,24,'2018-09-26 14:24:15',2,1,1,'','0000-00-00',1,'',0,1,0.00,'2018-09-29','00:00:00',0.00,'','','????','dev@vikiweb.ru','+7 (999) 999-9999','???','','141440','??????','1','',1,''),(28,24,'2018-09-26 14:43:26',2,1,1,'','0000-00-00',1,'',0,1,0.00,'2018-09-29','00:00:00',0.00,'','','????','dev@vikiweb.ru','+7 (999) 999-9999','???','','141440','??????','1','',1,''),(29,34,'2018-09-26 14:51:50',1,1,1,'','0000-00-00',2,'',0,1,0.00,'2018-09-29','00:00:00',0.00,'','','?????','irina@maniamodeler.com','+7 (999) 999-9999','','','111672','??????','1','',1,''),(30,34,'2018-09-27 08:26:11',1,1,2,'','0000-00-00',2,'',0,1,0.00,'2018-09-30','00:00:00',0.00,'','','?????','irina@maniamodeler.com','+7 (999) 999-9999','','','111672','??????','1','',1,''),(31,34,'2018-09-27 08:26:51',1,1,2,'','0000-00-00',2,'',0,1,0.00,'2018-09-30','00:00:00',0.00,'','','?????','irina@maniamodeler.com','+7 (999) 999-9999','','','111672','??????','1','',1,''),(32,24,'2018-09-27 08:46:16',2,1,1,'','0000-00-00',1,'',0,1,0.00,'2018-09-30','00:00:00',0.00,'','','????','dev@vikiweb.ru','+7 (999) 999-9999','???','','141440','??????','1','',1,''),(33,24,'2018-09-27 08:47:00',2,1,2,'','0000-00-00',1,'',0,1,0.00,'2018-09-30','00:00:00',0.00,'','','????','dev@vikiweb.ru','+7 (999) 999-9999','???','','141440','??????','1','',1,''),(34,34,'2018-09-27 08:49:36',1,1,2,'','0000-00-00',2,'',0,1,0.00,'2018-09-30','00:00:00',0.00,'','','?????','irina@maniamodeler.com','+7 (999) 999-9999','','','123123123','123123123','1','',1,''),(35,34,'2018-09-27 08:51:59',2,1,2,'','0000-00-00',1,'',0,1,0.00,'2018-09-30','00:00:00',0.00,'','','?????','irina@maniamodeler.com','+7 (999) 999-9999','','','','??????','1','',1,''),(36,34,'2018-09-27 09:16:40',2,1,2,'','0000-00-00',1,'',0,1,0.00,'2018-09-30','00:00:00',0.00,'','','?????','irina@maniamodeler.com','+7 (999) 999-9999','','','','??????','1','',1,''),(37,34,'2018-09-27 09:17:22',2,1,2,'','0000-00-00',1,'',0,1,0.00,'2018-09-30','00:00:00',0.00,'','','?????','irina@maniamodeler.com','+7 (999) 999-9999','','','','??????','1','',1,''),(38,34,'2018-09-27 09:18:20',1,1,2,'','0000-00-00',2,'',0,1,0.00,'2018-09-30','00:00:00',0.00,'','','?????','irina@maniamodeler.com','+7 (999) 999-9999','','','','??????','1','',1,''),(39,36,'2019-04-18 12:19:32',2,1,1,'','0000-00-00',1,'',0,1,0.00,'2019-04-21','00:00:00',0.00,'','','?????','leonova.o.e@gmail.com','+7 (999) 999-9999','','','','??????','1','',0,''),(40,58,'2019-04-19 16:00:12',2,1,1,'','0000-00-00',1,'',0,1,0.00,'2019-04-22','00:00:00',0.00,'','','?????','grachik67@gmail.com','+7 (999) 999-9999','','','','??????','1','',0,''),(41,59,'2019-05-12 01:00:45',1,1,1,'','0000-00-00',2,'',0,1,0.00,'2019-05-15','00:00:00',0.00,'','','???????','eborodina@mail.ru','+7 9671030789','??. ????????? ?????????, 31','','','??????','1','',0,''),(42,62,'2019-08-10 17:55:56',2,1,1,'','0000-00-00',1,'',0,1,0.00,'2019-08-13','00:00:00',0.00,'','',' ???????','evgeniya.5@hotmail.com','+7 (999) 999-9999','','','','??????','1','',0,''),(43,62,'2019-08-14 13:45:08',2,1,1,'','0000-00-00',1,'',0,1,0.00,'2019-08-17','00:00:00',0.00,'','',' ???????','evgeniya.5@hotmail.com','+7 (999) 999-9999','','','','??????','1','',0,''),(44,62,'2019-08-19 17:45:37',1,1,2,'','0000-00-00',2,'',0,1,0.00,'2019-08-22','00:00:00',0.00,'','',' ???????','evgeniya.5@hotmail.com','+7 (916)3273591','?????????? ??., 9','','107392','??????','1','',0,''),(45,68,'2019-10-27 13:30:46',1,1,1,'','0000-00-00',2,'',0,1,0.00,'2019-10-30','00:00:00',0.00,'','','????','annaagamiryan92@mail.ru','+7 (999) 999-9999','??. ????????-????????????? 76/2 ?? 9','','','?????????','1','',0,''),(46,68,'2019-10-27 13:47:57',1,1,2,'','0000-00-00',2,'',0,1,0.00,'2019-10-30','00:00:00',0.00,'','','????','annaagamiryan92@mail.ru','89649039090','??. ????????-????????????? 76/2 ??9','','350901','?????????','1','',0,''),(47,36,'2019-12-26 16:00:14',2,1,1,'','0000-00-00',1,'',0,1,0.00,'2019-12-29','00:00:00',0.00,'','','?????','leonova.o.e@gmail.com','+7 (999) 999-9999','','','','??????','1','',0,''),(48,69,'2019-12-27 18:21:17',3,1,1,'','0000-00-00',1,'',0,1,0.00,'2019-12-30','00:00:00',0.00,'','','????','julliettkka@mail.ru','+7 (915) 3891200','','','','??????','1','',0,''),(49,36,'2022-01-17 21:49:52',1,1,2,'','0000-00-00',2,'',0,1,0.00,'2022-01-21','00:00:00',0.00,'','','?????','leonova.o.e@gmail.com','1748882020','Mülheimer Strasse 23','','','Düsseldorf','????????','',0,'');
/*!40000 ALTER TABLE `orders` ENABLE KEYS */;
UNLOCK TABLES;

--
-- Table structure for table `orders_comments`
--

DROP TABLE IF EXISTS `orders_comments`;
/*!40101 SET @saved_cs_client     = @@character_set_client */;
/*!40101 SET character_set_client = utf8 */;
CREATE TABLE `orders_comments` (
  `id` int(11) NOT NULL AUTO_INCREMENT,
  `order_id` int(11) NOT NULL,
  `user_id` int(11) NOT NULL,
  `date` timestamp NOT NULL DEFAULT CURRENT_TIMESTAMP,
  `text` text NOT NULL,
  PRIMARY KEY (`id`),
  KEY `order_id` (`order_id`),
  KEY `user_id` (`user_id`),
  CONSTRAINT `orders_comments_ibfk_1` FOREIGN KEY (`order_id`) REFERENCES `orders` (`id`) ON DELETE CASCADE ON UPDATE CASCADE,
  CONSTRAINT `orders_comments_ibfk_2` FOREIGN KEY (`user_id`) REFERENCES `adminusers` (`id`) ON DELETE CASCADE ON UPDATE CASCADE
) ENGINE=InnoDB DEFAULT CHARSET=utf8;
/*!40101 SET character_set_client = @saved_cs_client */;

--
-- Dumping data for table `orders_comments`
--

LOCK TABLES `orders_comments` WRITE;
/*!40000 ALTER TABLE `orders_comments` DISABLE KEYS */;
/*!40000 ALTER TABLE `orders_comments` ENABLE KEYS */;
UNLOCK TABLES;

--
-- Table structure for table `orders_edithistory`
--

DROP TABLE IF EXISTS `orders_edithistory`;
/*!40101 SET @saved_cs_client     = @@character_set_client */;
/*!40101 SET character_set_client = utf8 */;
CREATE TABLE `orders_edithistory` (
  `id` int(11) NOT NULL AUTO_INCREMENT,
  `order_id` int(11) NOT NULL,
  `adminuser_id` int(11) NOT NULL,
  `date` timestamp NOT NULL DEFAULT CURRENT_TIMESTAMP,
  PRIMARY KEY (`id`),
  KEY `order_id` (`order_id`),
  KEY `adminuser_id` (`adminuser_id`),
  CONSTRAINT `orders_edithistory_ibfk_1` FOREIGN KEY (`order_id`) REFERENCES `orders` (`id`) ON DELETE CASCADE ON UPDATE CASCADE,
  CONSTRAINT `orders_edithistory_ibfk_2` FOREIGN KEY (`adminuser_id`) REFERENCES `adminusers` (`id`)
) ENGINE=InnoDB AUTO_INCREMENT=81 DEFAULT CHARSET=utf8;
/*!40101 SET character_set_client = @saved_cs_client */;

--
-- Dumping data for table `orders_edithistory`
--

LOCK TABLES `orders_edithistory` WRITE;
/*!40000 ALTER TABLE `orders_edithistory` DISABLE KEYS */;
INSERT INTO `orders_edithistory` VALUES (1,1,3,'2018-07-23 10:02:18'),(2,1,3,'2018-07-23 10:02:31'),(3,2,3,'2018-07-23 10:03:22'),(4,2,3,'2018-07-23 10:03:29'),(5,3,3,'2018-07-23 10:03:38'),(6,5,14,'2018-07-30 15:40:50'),(7,6,14,'2018-07-30 15:41:39'),(8,6,14,'2018-08-03 15:29:14'),(9,7,14,'2018-09-11 13:16:33'),(10,8,3,'2018-09-26 13:09:37'),(11,9,3,'2018-09-26 13:10:15'),(12,9,3,'2018-09-26 13:10:38'),(13,8,3,'2018-09-26 13:10:44'),(14,10,3,'2018-09-26 13:10:47'),(15,11,3,'2018-09-26 13:11:04'),(16,12,3,'2018-09-26 13:14:28'),(17,13,3,'2018-09-26 13:15:16'),(18,14,3,'2018-09-26 13:15:46'),(19,15,3,'2018-09-26 13:16:03'),(20,16,15,'2018-09-26 13:59:21'),(21,17,3,'2018-09-26 14:16:14'),(22,18,3,'2018-09-26 14:16:28'),(23,19,15,'2018-09-26 14:17:28'),(24,20,3,'2018-09-26 14:18:07'),(25,21,3,'2018-09-26 14:18:39'),(26,22,3,'2018-09-26 14:19:02'),(27,23,3,'2018-09-26 14:20:12'),(28,24,3,'2018-09-26 14:20:52'),(29,25,3,'2018-09-26 14:22:02'),(30,26,3,'2018-09-26 14:23:37'),(31,27,3,'2018-09-26 14:24:15'),(32,28,3,'2018-09-26 14:43:26'),(33,29,15,'2018-09-26 14:51:51'),(34,30,15,'2018-09-27 08:26:11'),(35,31,15,'2018-09-27 08:26:51'),(36,32,3,'2018-09-27 08:46:16'),(37,33,3,'2018-09-27 08:47:00'),(38,34,15,'2018-09-27 08:49:37'),(39,35,15,'2018-09-27 08:52:00'),(40,36,15,'2018-09-27 09:16:40'),(41,37,15,'2018-09-27 09:17:22'),(42,38,15,'2018-09-27 09:18:20'),(43,4,15,'2018-10-12 10:13:31'),(44,38,15,'2018-10-12 10:13:39'),(45,37,15,'2018-10-12 10:13:45'),(46,36,15,'2018-10-12 10:13:51'),(47,35,15,'2018-10-12 10:13:57'),(48,34,15,'2018-10-12 10:14:03'),(49,33,15,'2018-10-12 10:14:10'),(50,32,15,'2018-10-12 10:14:36'),(51,31,15,'2018-10-12 10:14:43'),(52,30,15,'2018-10-12 10:14:55'),(53,29,15,'2018-10-12 10:15:24'),(54,28,15,'2018-10-12 10:15:31'),(55,27,15,'2018-10-12 10:15:38'),(56,26,15,'2018-10-12 10:15:45'),(57,25,15,'2018-10-12 10:15:53'),(58,24,15,'2018-10-12 10:16:00'),(59,23,15,'2018-10-12 10:16:06'),(60,22,15,'2018-10-12 10:16:13'),(61,21,15,'2018-10-12 10:16:19'),(62,20,15,'2018-10-12 10:16:25'),(63,19,15,'2018-10-12 10:16:31'),(64,18,15,'2018-10-12 10:16:37'),(65,17,15,'2018-10-12 10:16:43'),(66,16,15,'2018-10-12 10:16:49'),(67,15,15,'2018-10-12 10:16:55'),(68,14,15,'2018-10-12 10:17:01'),(69,13,15,'2018-10-12 10:17:07'),(70,12,15,'2018-10-12 10:17:13'),(71,11,15,'2018-10-12 10:17:19'),(72,10,15,'2018-10-12 10:17:29'),(73,7,15,'2018-10-12 10:17:39'),(74,5,15,'2018-10-12 10:17:59'),(75,3,15,'2018-10-12 10:18:09'),(76,39,14,'2019-04-18 12:19:32'),(77,45,14,'2019-10-27 13:30:46'),(78,46,14,'2019-10-27 13:47:57'),(79,47,14,'2019-12-26 16:00:14'),(80,49,14,'2022-01-17 21:49:52');
/*!40000 ALTER TABLE `orders_edithistory` ENABLE KEYS */;
UNLOCK TABLES;

--
-- Table structure for table `orders_items`
--

DROP TABLE IF EXISTS `orders_items`;
/*!40101 SET @saved_cs_client     = @@character_set_client */;
/*!40101 SET character_set_client = utf8 */;
CREATE TABLE `orders_items` (
  `id` int(11) NOT NULL AUTO_INCREMENT,
  `order_id` int(11) NOT NULL,
  `item_id` int(11) NOT NULL,
  `name` varchar(255) NOT NULL,
  `price` double(12,2) NOT NULL DEFAULT '0.00',
  `qty` int(11) NOT NULL DEFAULT '1',
  `item_params_json` text NOT NULL,
  `var_params_json` text NOT NULL,
  `color` varchar(255) NOT NULL,
  `size` varchar(255) NOT NULL,
  PRIMARY KEY (`id`),
  KEY `order_id` (`order_id`),
  KEY `item_id` (`item_id`),
  CONSTRAINT `orders_items_ibfk_1` FOREIGN KEY (`order_id`) REFERENCES `orders` (`id`) ON DELETE CASCADE ON UPDATE CASCADE,
  CONSTRAINT `orders_items_ibfk_3` FOREIGN KEY (`item_id`) REFERENCES `items` (`id`) ON DELETE CASCADE ON UPDATE CASCADE
) ENGINE=InnoDB AUTO_INCREMENT=66 DEFAULT CHARSET=utf8;
/*!40101 SET character_set_client = @saved_cs_client */;

--
-- Dumping data for table `orders_items`
--

LOCK TABLES `orders_items` WRITE;
/*!40000 ALTER TABLE `orders_items` DISABLE KEYS */;
INSERT INTO `orders_items` VALUES (1,1,926,'???? MINT',18000.00,1,'{\"id\":926,\"parent\":0,\"brand_id\":12,\"status_id\":1,\"currency_id\":1,\"categoryData\":\"{\\\"id\\\":22,\\\"name\\\":\\\"????????\\\",\\\"anchor\\\":\\\"\\\",\\\"parent\\\":0,\\\"alias\\\":\\\"vechernyaya\\\",\\\"menuimages\\\":\\\"\\\",\\\"images\\\":\\\"cM3C_4HU0M5ei4xkTeXOfGGHVBEz5vpH.jpg;\\\",\\\"small\\\":\\\"???????? ? ?????????? ?????? MANIA modeler ????????? ? ?????? ????????? demi couture. ???????????? ?????, ??????? ?????? ???????, ????????? ??????????? ? ????????????? ??????? ? ??????? ?????????? ???????????????? ? ???????? ???????????? ?????.\\\",\\\"text\\\":\\\"<p>???????? ? ?????????? ?????? MANIA modeler ????????? ? ?????? ????????? demi couture. ???????????? ?????, ??????? ?????? ???????, ????????? ??????????? ? ????????????? ??????? ? ??????? ?????????? ???????????????? ? ???????? ???????????? ?????.</p>\\\\r\\\\n\\\",\\\"vis\\\":1,\\\"posled\\\":3,\\\"menu\\\":1,\\\"main\\\":1,\\\"_customfields\\\":\\\"[]\\\",\\\"_system\\\":0}\",\"name\":\"???? MINT\",\"alias\":\"mint\",\"text\":\"\",\"price\":18000,\"_system_dynamic_price\":18000,\"old_price\":44000,\"percent\":0,\"images\":\"87e7fec83f897f54ef812c92a9a9527b2de03410.jpg;b7f7a5752f8fa84b5f1c0a1d3e5dc7f5e9aeded0.jpg;e5f73481a81e9cbc29acf9df1924ea6e88048f84.jpg;66aca2283b862689dcdac1ecaf2cc59bbef80286.jpg;b1b3989fd19eac989392b37b5f7fb057c51aeccc.jpg;6365870418d894de0954dbb464a7972e9220558c.jpg;004add250ff9b186f5643b70e529f043497edf1f.jpg;\",\"weight\":0,\"box_type\":1,\"box_weight\":0,\"vis\":1,\"posled\":999,\"special\":1,\"new\":0,\"best\":0,\"day_item\":0,\"rating\":\"5\",\"date\":\"2018-03-23 18:46:41\",\"meta_data\":\"{\\\"h1--lc--s:?\\\":\\\"???? mint\\\"}\",\"_customfields\":\"[]\",\"_system\":0}','','???????','S'),(2,2,926,'???? MINT',18000.00,1,'{\"id\":926,\"parent\":0,\"brand_id\":12,\"status_id\":1,\"currency_id\":1,\"categoryData\":\"{\\\"id\\\":22,\\\"name\\\":\\\"????????\\\",\\\"anchor\\\":\\\"\\\",\\\"parent\\\":0,\\\"alias\\\":\\\"vechernyaya\\\",\\\"menuimages\\\":\\\"\\\",\\\"images\\\":\\\"cM3C_4HU0M5ei4xkTeXOfGGHVBEz5vpH.jpg;\\\",\\\"small\\\":\\\"???????? ? ?????????? ?????? MANIA modeler ????????? ? ?????? ????????? demi couture. ???????????? ?????, ??????? ?????? ???????, ????????? ??????????? ? ????????????? ??????? ? ??????? ?????????? ???????????????? ? ???????? ???????????? ?????.\\\",\\\"text\\\":\\\"<p>???????? ? ?????????? ?????? MANIA modeler ????????? ? ?????? ????????? demi couture. ???????????? ?????, ??????? ?????? ???????, ????????? ??????????? ? ????????????? ??????? ? ??????? ?????????? ???????????????? ? ???????? ???????????? ?????.</p>\\\\r\\\\n\\\",\\\"vis\\\":1,\\\"posled\\\":3,\\\"menu\\\":1,\\\"main\\\":1,\\\"_customfields\\\":\\\"[]\\\",\\\"_system\\\":0}\",\"name\":\"???? MINT\",\"alias\":\"mint\",\"text\":\"\",\"price\":18000,\"_system_dynamic_price\":18000,\"old_price\":44000,\"percent\":0,\"images\":\"87e7fec83f897f54ef812c92a9a9527b2de03410.jpg;b7f7a5752f8fa84b5f1c0a1d3e5dc7f5e9aeded0.jpg;e5f73481a81e9cbc29acf9df1924ea6e88048f84.jpg;66aca2283b862689dcdac1ecaf2cc59bbef80286.jpg;b1b3989fd19eac989392b37b5f7fb057c51aeccc.jpg;6365870418d894de0954dbb464a7972e9220558c.jpg;004add250ff9b186f5643b70e529f043497edf1f.jpg;\",\"weight\":0,\"box_type\":1,\"box_weight\":0,\"vis\":1,\"posled\":999,\"special\":1,\"new\":0,\"best\":0,\"day_item\":0,\"rating\":\"5\",\"date\":\"2018-03-23 18:46:41\",\"meta_data\":\"{\\\"h1--lc--s:?\\\":\\\"???? mint\\\"}\",\"_customfields\":\"[]\",\"_system\":0}','','???????','S'),(3,3,926,'???? MINT',18000.00,1,'{\"id\":926,\"parent\":0,\"brand_id\":12,\"status_id\":1,\"currency_id\":1,\"categoryData\":\"{\\\"id\\\":22,\\\"name\\\":\\\"????????\\\",\\\"anchor\\\":\\\"\\\",\\\"parent\\\":0,\\\"alias\\\":\\\"vechernyaya\\\",\\\"menuimages\\\":\\\"\\\",\\\"images\\\":\\\"cM3C_4HU0M5ei4xkTeXOfGGHVBEz5vpH.jpg;\\\",\\\"small\\\":\\\"???????? ? ?????????? ?????? MANIA modeler ????????? ? ?????? ????????? demi couture. ???????????? ?????, ??????? ?????? ???????, ????????? ??????????? ? ????????????? ??????? ? ??????? ?????????? ???????????????? ? ???????? ???????????? ?????.\\\",\\\"text\\\":\\\"<p>???????? ? ?????????? ?????? MANIA modeler ????????? ? ?????? ????????? demi couture. ???????????? ?????, ??????? ?????? ???????, ????????? ??????????? ? ????????????? ??????? ? ??????? ?????????? ???????????????? ? ???????? ???????????? ?????.</p>\\\\r\\\\n\\\",\\\"vis\\\":1,\\\"posled\\\":3,\\\"menu\\\":1,\\\"main\\\":1,\\\"_customfields\\\":\\\"[]\\\",\\\"_system\\\":0}\",\"name\":\"???? MINT\",\"alias\":\"mint\",\"text\":\"\",\"price\":18000,\"_system_dynamic_price\":18000,\"old_price\":44000,\"percent\":0,\"images\":\"87e7fec83f897f54ef812c92a9a9527b2de03410.jpg;b7f7a5752f8fa84b5f1c0a1d3e5dc7f5e9aeded0.jpg;e5f73481a81e9cbc29acf9df1924ea6e88048f84.jpg;66aca2283b862689dcdac1ecaf2cc59bbef80286.jpg;b1b3989fd19eac989392b37b5f7fb057c51aeccc.jpg;6365870418d894de0954dbb464a7972e9220558c.jpg;004add250ff9b186f5643b70e529f043497edf1f.jpg;\",\"weight\":0,\"box_type\":1,\"box_weight\":0,\"vis\":1,\"posled\":999,\"special\":1,\"new\":0,\"best\":0,\"day_item\":0,\"rating\":\"5\",\"date\":\"2018-03-23 18:46:41\",\"meta_data\":\"{\\\"h1--lc--s:?\\\":\\\"???? mint\\\"}\",\"_customfields\":\"[]\",\"_system\":0}','','???????','S'),(5,5,919,'?????? FLOWER',5.00,1,'{\"id\":919,\"parent\":0,\"brand_id\":10,\"status_id\":2,\"currency_id\":1,\"categoryData\":\"{\\\"id\\\":22,\\\"name\\\":\\\"????????\\\",\\\"anchor\\\":\\\"\\\",\\\"parent\\\":0,\\\"alias\\\":\\\"vechernyaya\\\",\\\"menuimages\\\":\\\"5gfGIwLo3UcsghhiscRxuy-Ip3CMDrHx.jpg;\\\",\\\"images\\\":\\\"nNeglfuestA9aF3tb9ZcZrIiaUVtBeTD.jpg;\\\",\\\"small\\\":\\\"???????? ? ?????????? ?????? MANIA modeler ????????? ? ?????? ????????? demi couture. ???????????? ?????, ??????? ?????? ???????, ????????? ??????????? ? ????????????? ??????? ? ??????? ?????????? ???????????????? ? ???????? ???????????? ?????.\\\",\\\"text\\\":\\\"<p>???????? ? ?????????? ?????? MANIA modeler ????????? ? ?????? ????????? demi couture. ???????????? ?????, ??????? ?????? ???????, ????????? ??????????? ? ????????????? ??????? ? ??????? ?????????? ???????????????? ? ???????? ???????????? ?????.</p>\\\\r\\\\n\\\",\\\"vis\\\":1,\\\"posled\\\":3,\\\"menu\\\":1,\\\"main\\\":1,\\\"_customfields\\\":\\\"[]\\\",\\\"_system\\\":0}\",\"name\":\"?????? FLOWER\",\"alias\":\"detsko-pla\",\"text\":\"\",\"price\":5,\"_system_dynamic_price\":5,\"old_price\":0,\"percent\":0,\"images\":\"6983ad77cf3e028a224bf58bbb06f75073f7c8ca.jpg;aafcea0d1767fc35610940ce263db11e742df3c1.jpg;e543f7c5a3ae3d05027dabb0be554db666348aeb.jpg;c61191d8c5e307c15ac3bab0f7c13c87907a210e.jpg;84ab7011c7b9189f4be66dd43870c30fed3d56b9.jpg;e1c39f08a99d6f54c72e1dc0621e3114b4fa2184.jpg;a0bde08aee0b215cf1ed401875a1fb2666749d96.jpg;\",\"weight\":0,\"box_type\":1,\"box_weight\":0,\"vis\":1,\"posled\":0,\"special\":0,\"new\":1,\"best\":1,\"day_item\":1,\"rating\":\"5\",\"date\":\"2017-12-13 12:21:31\",\"meta_data\":\"{\\\"h1--lc--s:?\\\":\\\"??????? ??????\\\"}\",\"_customfields\":\"[]\",\"_system\":0}','','????????-???????',''),(6,6,919,'?????? FLOWER',5.00,1,'{\"id\":919,\"parent\":0,\"brand_id\":10,\"status_id\":2,\"currency_id\":1,\"categoryData\":\"{\\\"id\\\":22,\\\"name\\\":\\\"????????\\\",\\\"anchor\\\":\\\"\\\",\\\"parent\\\":0,\\\"alias\\\":\\\"vechernyaya\\\",\\\"menuimages\\\":\\\"5gfGIwLo3UcsghhiscRxuy-Ip3CMDrHx.jpg;\\\",\\\"images\\\":\\\"nNeglfuestA9aF3tb9ZcZrIiaUVtBeTD.jpg;\\\",\\\"small\\\":\\\"???????? ? ?????????? ?????? MANIA modeler ????????? ? ?????? ????????? demi couture. ???????????? ?????, ??????? ?????? ???????, ????????? ??????????? ? ????????????? ??????? ? ??????? ?????????? ???????????????? ? ???????? ???????????? ?????.\\\",\\\"text\\\":\\\"<p>???????? ? ?????????? ?????? MANIA modeler ????????? ? ?????? ????????? demi couture. ???????????? ?????, ??????? ?????? ???????, ????????? ??????????? ? ????????????? ??????? ? ??????? ?????????? ???????????????? ? ???????? ???????????? ?????.</p>\\\\r\\\\n\\\",\\\"vis\\\":1,\\\"posled\\\":3,\\\"menu\\\":1,\\\"main\\\":1,\\\"_customfields\\\":\\\"[]\\\",\\\"_system\\\":0}\",\"name\":\"?????? FLOWER\",\"alias\":\"detsko-pla\",\"text\":\"\",\"price\":5,\"_system_dynamic_price\":5,\"old_price\":0,\"percent\":0,\"images\":\"6983ad77cf3e028a224bf58bbb06f75073f7c8ca.jpg;aafcea0d1767fc35610940ce263db11e742df3c1.jpg;e543f7c5a3ae3d05027dabb0be554db666348aeb.jpg;c61191d8c5e307c15ac3bab0f7c13c87907a210e.jpg;84ab7011c7b9189f4be66dd43870c30fed3d56b9.jpg;e1c39f08a99d6f54c72e1dc0621e3114b4fa2184.jpg;a0bde08aee0b215cf1ed401875a1fb2666749d96.jpg;\",\"weight\":0,\"box_type\":1,\"box_weight\":0,\"vis\":1,\"posled\":0,\"special\":0,\"new\":1,\"best\":1,\"day_item\":1,\"rating\":\"5\",\"date\":\"2017-12-13 12:21:31\",\"meta_data\":\"{\\\"h1--lc--s:?\\\":\\\"??????? ??????\\\"}\",\"_customfields\":\"[]\",\"_system\":0}','','????????-???????',''),(7,7,914,'?????? LOVE',80000.00,1,'{\"id\":914,\"parent\":0,\"brand_id\":9,\"status_id\":1,\"currency_id\":1,\"categoryData\":\"{\\\"id\\\":20,\\\"name\\\":\\\"?????????\\\",\\\"anchor\\\":\\\"\\\",\\\"parent\\\":0,\\\"alias\\\":\\\"svadebnaya\\\",\\\"menuimages\\\":\\\"1Alc_CtqjYpYg3dZZBwArGTgxUu0KlhH.jpg;\\\",\\\"images\\\":\\\"MK3bXiPhysaoHa7L7gUDXhfNqV47keSk.jpg;\\\",\\\"small\\\":\\\"?????????, ? ? ???? ????? ????????? ?????? ????????? ??????? MANIA modeler ?????????????? ????? ?????? ????????????? ???????? ???????. ????? ?????????????? ?????? ??? ?????? ??????? ???.\\\\r\\\\n\\\",\\\"text\\\":\\\"<p>&nbsp;</p>\\\\r\\\\n\\\\r\\\\n<p><meta charset=\\\\\\\"utf-8\\\\\\\" /></p>\\\\r\\\\n\\\\r\\\\n<p dir=\\\\\\\"ltr\\\\\\\"><b id=\\\\\\\"docs-internal-guid-f455abac-52b9-faab-e723-c82f7720279b\\\\\\\">?????????, ? ? ???? ????? ????????? ?????? ????????? ??????? MANIA modeler ?????????????? ????? ?????? ????????????? ???????? ???????. ????? ?????????????? ?????? ??? ?????? ??????? ???.</b></p>\\\\r\\\\n\\\",\\\"vis\\\":1,\\\"posled\\\":2,\\\"menu\\\":1,\\\"main\\\":1,\\\"_customfields\\\":\\\"[]\\\",\\\"_system\\\":0}\",\"name\":\"?????? LOVE\",\"alias\":\"belo-pat\",\"text\":\"<p>????????? ?????? &quot;?????&quot; ? ?????? ?????? - ?????? ??????? ?? ????? ????. ?????? ????? ???????? ?? ??????? ???????.</p>\\r\\n\",\"price\":80000,\"_system_dynamic_price\":80000,\"old_price\":92000,\"percent\":15,\"images\":\"b84833221f0227e529c7c327ade0d48a44bd3f57.jpg;fc96c0c985e0fa99782ead428db2d849ecf94087.jpg;905caf55842a45715e54b66a8bbb71412a602c85.jpg;31c6b9637a5c22f5d8bc8e355805b9c57b0ffd1a.jpg;\",\"weight\":0,\"box_type\":1,\"box_weight\":0,\"vis\":1,\"posled\":1,\"special\":1,\"new\":1,\"best\":1,\"day_item\":1,\"rating\":\"4\",\"date\":\"2017-12-12 18:26:39\",\"meta_data\":\"{\\\"h1--lc--s:?\\\":\\\"????? ?????? \\\"}\",\"_customfields\":\"[]\",\"_system\":0}','','??????-?????','M'),(8,8,950,'?????? DESERT',260000.00,1,'{\"id\":950,\"parent\":0,\"brand_id\":9,\"status_id\":1,\"currency_id\":1,\"categoryData\":\"{\\\"id\\\":20,\\\"name\\\":\\\"?????????\\\",\\\"anchor\\\":\\\"\\\",\\\"parent\\\":0,\\\"alias\\\":\\\"svadebnaya\\\",\\\"menuimages\\\":\\\"1Alc_CtqjYpYg3dZZBwArGTgxUu0KlhH.jpg;\\\",\\\"images\\\":\\\"MK3bXiPhysaoHa7L7gUDXhfNqV47keSk.jpg;\\\",\\\"small\\\":\\\"?????????, ? ? ???? ????? ????????? ?????? ????????? ??????? MANIA modeler ?????????????? ????? ?????? ????????????? ???????? ???????. ????? ?????????????? ?????? ??? ?????? ??????? ???.\\\\r\\\\n\\\",\\\"text\\\":\\\"<p>&nbsp;</p>\\\\r\\\\n\\\\r\\\\n<p><meta charset=\\\\\\\"utf-8\\\\\\\" /></p>\\\\r\\\\n\\\\r\\\\n<p dir=\\\\\\\"ltr\\\\\\\"><b id=\\\\\\\"docs-internal-guid-f455abac-52b9-faab-e723-c82f7720279b\\\\\\\">?????????, ? ? ???? ????? ????????? ?????? ????????? ??????? MANIA modeler ?????????????? ????? ?????? ????????????? ???????? ???????. ????? ?????????????? ?????? ??? ?????? ??????? ???.</b></p>\\\\r\\\\n\\\",\\\"vis\\\":1,\\\"posled\\\":2,\\\"menu\\\":1,\\\"main\\\":1,\\\"_customfields\\\":\\\"[]\\\",\\\"_system\\\":0}\",\"name\":\"?????? DESERT\",\"alias\":\"plat-edsr\",\"text\":\"\",\"price\":260000,\"_system_dynamic_price\":260000,\"old_price\":0,\"percent\":0,\"images\":\"c3ad6060156a17f659ea20883acc7d68ab5b8ef9.jpg;cd810e22405a648334ef33ceaf13c42947a6325c.jpg;04f6ca2cf4476318b048aaf2642951da8ec74802.jpg;44786b8efacd5004c9bde87ca3e5ca7976583045.jpg;31c09d414d6486a0d5d843ea917259e7fdaec58e.jpg;900ad7473bb02bcc27eaa0dd87f8360231d4d46a.jpg;b291ee474bdc8b452c180a1cdd3497ef73209a31.jpg;fc86b0a7782afb58fd58245a9b110f3faef9c04b.jpg;376f92b93fa93617a990794626d684a1d72f2f81.jpg;\",\"weight\":0,\"box_type\":2,\"box_weight\":0,\"vis\":1,\"posled\":999,\"special\":0,\"new\":0,\"best\":0,\"day_item\":0,\"rating\":\"5\",\"date\":\"2018-03-27 14:04:35\",\"meta_data\":\"{\\\"h1--lc--s:?\\\":\\\"?????? desert\\\"}\",\"_customfields\":\"[]\",\"_system\":0}','','?????????','M'),(9,9,950,'?????? DESERT',260000.00,1,'{\"id\":950,\"parent\":0,\"brand_id\":9,\"status_id\":1,\"currency_id\":1,\"categoryData\":\"{\\\"id\\\":20,\\\"name\\\":\\\"?????????\\\",\\\"anchor\\\":\\\"\\\",\\\"parent\\\":0,\\\"alias\\\":\\\"svadebnaya\\\",\\\"menuimages\\\":\\\"1Alc_CtqjYpYg3dZZBwArGTgxUu0KlhH.jpg;\\\",\\\"images\\\":\\\"MK3bXiPhysaoHa7L7gUDXhfNqV47keSk.jpg;\\\",\\\"small\\\":\\\"?????????, ? ? ???? ????? ????????? ?????? ????????? ??????? MANIA modeler ?????????????? ????? ?????? ????????????? ???????? ???????. ????? ?????????????? ?????? ??? ?????? ??????? ???.\\\\r\\\\n\\\",\\\"text\\\":\\\"<p>&nbsp;</p>\\\\r\\\\n\\\\r\\\\n<p><meta charset=\\\\\\\"utf-8\\\\\\\" /></p>\\\\r\\\\n\\\\r\\\\n<p dir=\\\\\\\"ltr\\\\\\\"><b id=\\\\\\\"docs-internal-guid-f455abac-52b9-faab-e723-c82f7720279b\\\\\\\">?????????, ? ? ???? ????? ????????? ?????? ????????? ??????? MANIA modeler ?????????????? ????? ?????? ????????????? ???????? ???????. ????? ?????????????? ?????? ??? ?????? ??????? ???.</b></p>\\\\r\\\\n\\\",\\\"vis\\\":1,\\\"posled\\\":2,\\\"menu\\\":1,\\\"main\\\":1,\\\"_customfields\\\":\\\"[]\\\",\\\"_system\\\":0}\",\"name\":\"?????? DESERT\",\"alias\":\"plat-edsr\",\"text\":\"\",\"price\":260000,\"_system_dynamic_price\":260000,\"old_price\":0,\"percent\":0,\"images\":\"c3ad6060156a17f659ea20883acc7d68ab5b8ef9.jpg;cd810e22405a648334ef33ceaf13c42947a6325c.jpg;04f6ca2cf4476318b048aaf2642951da8ec74802.jpg;44786b8efacd5004c9bde87ca3e5ca7976583045.jpg;31c09d414d6486a0d5d843ea917259e7fdaec58e.jpg;900ad7473bb02bcc27eaa0dd87f8360231d4d46a.jpg;b291ee474bdc8b452c180a1cdd3497ef73209a31.jpg;fc86b0a7782afb58fd58245a9b110f3faef9c04b.jpg;376f92b93fa93617a990794626d684a1d72f2f81.jpg;\",\"weight\":0,\"box_type\":2,\"box_weight\":0,\"vis\":1,\"posled\":999,\"special\":0,\"new\":0,\"best\":0,\"day_item\":0,\"rating\":\"5\",\"date\":\"2018-03-27 14:04:35\",\"meta_data\":\"{\\\"h1--lc--s:?\\\":\\\"?????? desert\\\"}\",\"_customfields\":\"[]\",\"_system\":0}','','?????????','M'),(10,10,950,'?????? DESERT',260000.00,1,'{\"id\":950,\"parent\":0,\"brand_id\":9,\"status_id\":1,\"currency_id\":1,\"categoryData\":\"{\\\"id\\\":20,\\\"name\\\":\\\"?????????\\\",\\\"anchor\\\":\\\"\\\",\\\"parent\\\":0,\\\"alias\\\":\\\"svadebnaya\\\",\\\"menuimages\\\":\\\"1Alc_CtqjYpYg3dZZBwArGTgxUu0KlhH.jpg;\\\",\\\"images\\\":\\\"MK3bXiPhysaoHa7L7gUDXhfNqV47keSk.jpg;\\\",\\\"small\\\":\\\"?????????, ? ? ???? ????? ????????? ?????? ????????? ??????? MANIA modeler ?????????????? ????? ?????? ????????????? ???????? ???????. ????? ?????????????? ?????? ??? ?????? ??????? ???.\\\\r\\\\n\\\",\\\"text\\\":\\\"<p>&nbsp;</p>\\\\r\\\\n\\\\r\\\\n<p><meta charset=\\\\\\\"utf-8\\\\\\\" /></p>\\\\r\\\\n\\\\r\\\\n<p dir=\\\\\\\"ltr\\\\\\\"><b id=\\\\\\\"docs-internal-guid-f455abac-52b9-faab-e723-c82f7720279b\\\\\\\">?????????, ? ? ???? ????? ????????? ?????? ????????? ??????? MANIA modeler ?????????????? ????? ?????? ????????????? ???????? ???????. ????? ?????????????? ?????? ??? ?????? ??????? ???.</b></p>\\\\r\\\\n\\\",\\\"vis\\\":1,\\\"posled\\\":2,\\\"menu\\\":1,\\\"main\\\":1,\\\"_customfields\\\":\\\"[]\\\",\\\"_system\\\":0}\",\"name\":\"?????? DESERT\",\"alias\":\"plat-edsr\",\"text\":\"\",\"price\":260000,\"_system_dynamic_price\":260000,\"old_price\":0,\"percent\":0,\"images\":\"c3ad6060156a17f659ea20883acc7d68ab5b8ef9.jpg;cd810e22405a648334ef33ceaf13c42947a6325c.jpg;04f6ca2cf4476318b048aaf2642951da8ec74802.jpg;44786b8efacd5004c9bde87ca3e5ca7976583045.jpg;31c09d414d6486a0d5d843ea917259e7fdaec58e.jpg;900ad7473bb02bcc27eaa0dd87f8360231d4d46a.jpg;b291ee474bdc8b452c180a1cdd3497ef73209a31.jpg;fc86b0a7782afb58fd58245a9b110f3faef9c04b.jpg;376f92b93fa93617a990794626d684a1d72f2f81.jpg;\",\"weight\":0,\"box_type\":2,\"box_weight\":0,\"vis\":1,\"posled\":999,\"special\":0,\"new\":0,\"best\":0,\"day_item\":0,\"rating\":\"5\",\"date\":\"2018-03-27 14:04:35\",\"meta_data\":\"{\\\"h1--lc--s:?\\\":\\\"?????? desert\\\"}\",\"_customfields\":\"[]\",\"_system\":0}','','?????????','M'),(11,11,950,'?????? DESERT',260000.00,1,'{\"id\":950,\"parent\":0,\"brand_id\":9,\"status_id\":1,\"currency_id\":1,\"categoryData\":\"{\\\"id\\\":20,\\\"name\\\":\\\"?????????\\\",\\\"anchor\\\":\\\"\\\",\\\"parent\\\":0,\\\"alias\\\":\\\"svadebnaya\\\",\\\"menuimages\\\":\\\"1Alc_CtqjYpYg3dZZBwArGTgxUu0KlhH.jpg;\\\",\\\"images\\\":\\\"MK3bXiPhysaoHa7L7gUDXhfNqV47keSk.jpg;\\\",\\\"small\\\":\\\"?????????, ? ? ???? ????? ????????? ?????? ????????? ??????? MANIA modeler ?????????????? ????? ?????? ????????????? ???????? ???????. ????? ?????????????? ?????? ??? ?????? ??????? ???.\\\\r\\\\n\\\",\\\"text\\\":\\\"<p>&nbsp;</p>\\\\r\\\\n\\\\r\\\\n<p><meta charset=\\\\\\\"utf-8\\\\\\\" /></p>\\\\r\\\\n\\\\r\\\\n<p dir=\\\\\\\"ltr\\\\\\\"><b id=\\\\\\\"docs-internal-guid-f455abac-52b9-faab-e723-c82f7720279b\\\\\\\">?????????, ? ? ???? ????? ????????? ?????? ????????? ??????? MANIA modeler ?????????????? ????? ?????? ????????????? ???????? ???????. ????? ?????????????? ?????? ??? ?????? ??????? ???.</b></p>\\\\r\\\\n\\\",\\\"vis\\\":1,\\\"posled\\\":2,\\\"menu\\\":1,\\\"main\\\":1,\\\"_customfields\\\":\\\"[]\\\",\\\"_system\\\":0}\",\"name\":\"?????? DESERT\",\"alias\":\"plat-edsr\",\"text\":\"\",\"price\":260000,\"_system_dynamic_price\":260000,\"old_price\":0,\"percent\":0,\"images\":\"c3ad6060156a17f659ea20883acc7d68ab5b8ef9.jpg;cd810e22405a648334ef33ceaf13c42947a6325c.jpg;04f6ca2cf4476318b048aaf2642951da8ec74802.jpg;44786b8efacd5004c9bde87ca3e5ca7976583045.jpg;31c09d414d6486a0d5d843ea917259e7fdaec58e.jpg;900ad7473bb02bcc27eaa0dd87f8360231d4d46a.jpg;b291ee474bdc8b452c180a1cdd3497ef73209a31.jpg;fc86b0a7782afb58fd58245a9b110f3faef9c04b.jpg;376f92b93fa93617a990794626d684a1d72f2f81.jpg;\",\"weight\":0,\"box_type\":2,\"box_weight\":0,\"vis\":1,\"posled\":999,\"special\":0,\"new\":0,\"best\":0,\"day_item\":0,\"rating\":\"5\",\"date\":\"2018-03-27 14:04:35\",\"meta_data\":\"{\\\"h1--lc--s:?\\\":\\\"?????? desert\\\"}\",\"_customfields\":\"[]\",\"_system\":0}','','?????????','M'),(12,12,950,'?????? DESERT',260000.00,1,'{\"id\":950,\"parent\":0,\"brand_id\":9,\"status_id\":1,\"currency_id\":1,\"categoryData\":\"{\\\"id\\\":20,\\\"name\\\":\\\"?????????\\\",\\\"anchor\\\":\\\"\\\",\\\"parent\\\":0,\\\"alias\\\":\\\"svadebnaya\\\",\\\"menuimages\\\":\\\"1Alc_CtqjYpYg3dZZBwArGTgxUu0KlhH.jpg;\\\",\\\"images\\\":\\\"MK3bXiPhysaoHa7L7gUDXhfNqV47keSk.jpg;\\\",\\\"small\\\":\\\"?????????, ? ? ???? ????? ????????? ?????? ????????? ??????? MANIA modeler ?????????????? ????? ?????? ????????????? ???????? ???????. ????? ?????????????? ?????? ??? ?????? ??????? ???.\\\\r\\\\n\\\",\\\"text\\\":\\\"<p>&nbsp;</p>\\\\r\\\\n\\\\r\\\\n<p><meta charset=\\\\\\\"utf-8\\\\\\\" /></p>\\\\r\\\\n\\\\r\\\\n<p dir=\\\\\\\"ltr\\\\\\\"><b id=\\\\\\\"docs-internal-guid-f455abac-52b9-faab-e723-c82f7720279b\\\\\\\">?????????, ? ? ???? ????? ????????? ?????? ????????? ??????? MANIA modeler ?????????????? ????? ?????? ????????????? ???????? ???????. ????? ?????????????? ?????? ??? ?????? ??????? ???.</b></p>\\\\r\\\\n\\\",\\\"vis\\\":1,\\\"posled\\\":2,\\\"menu\\\":1,\\\"main\\\":1,\\\"_customfields\\\":\\\"[]\\\",\\\"_system\\\":0}\",\"name\":\"?????? DESERT\",\"alias\":\"plat-edsr\",\"text\":\"\",\"price\":260000,\"_system_dynamic_price\":260000,\"old_price\":0,\"percent\":0,\"images\":\"c3ad6060156a17f659ea20883acc7d68ab5b8ef9.jpg;cd810e22405a648334ef33ceaf13c42947a6325c.jpg;04f6ca2cf4476318b048aaf2642951da8ec74802.jpg;44786b8efacd5004c9bde87ca3e5ca7976583045.jpg;31c09d414d6486a0d5d843ea917259e7fdaec58e.jpg;900ad7473bb02bcc27eaa0dd87f8360231d4d46a.jpg;b291ee474bdc8b452c180a1cdd3497ef73209a31.jpg;fc86b0a7782afb58fd58245a9b110f3faef9c04b.jpg;376f92b93fa93617a990794626d684a1d72f2f81.jpg;\",\"weight\":0,\"box_type\":2,\"box_weight\":0,\"vis\":1,\"posled\":999,\"special\":0,\"new\":0,\"best\":0,\"day_item\":0,\"rating\":\"5\",\"date\":\"2018-03-27 14:04:35\",\"meta_data\":\"{\\\"h1--lc--s:?\\\":\\\"?????? desert\\\"}\",\"_customfields\":\"[]\",\"_system\":0}','','?????????','M'),(13,13,950,'?????? DESERT',260000.00,1,'{\"id\":950,\"parent\":0,\"brand_id\":9,\"status_id\":1,\"currency_id\":1,\"categoryData\":\"{\\\"id\\\":20,\\\"name\\\":\\\"?????????\\\",\\\"anchor\\\":\\\"\\\",\\\"parent\\\":0,\\\"alias\\\":\\\"svadebnaya\\\",\\\"menuimages\\\":\\\"1Alc_CtqjYpYg3dZZBwArGTgxUu0KlhH.jpg;\\\",\\\"images\\\":\\\"MK3bXiPhysaoHa7L7gUDXhfNqV47keSk.jpg;\\\",\\\"small\\\":\\\"?????????, ? ? ???? ????? ????????? ?????? ????????? ??????? MANIA modeler ?????????????? ????? ?????? ????????????? ???????? ???????. ????? ?????????????? ?????? ??? ?????? ??????? ???.\\\\r\\\\n\\\",\\\"text\\\":\\\"<p>&nbsp;</p>\\\\r\\\\n\\\\r\\\\n<p><meta charset=\\\\\\\"utf-8\\\\\\\" /></p>\\\\r\\\\n\\\\r\\\\n<p dir=\\\\\\\"ltr\\\\\\\"><b id=\\\\\\\"docs-internal-guid-f455abac-52b9-faab-e723-c82f7720279b\\\\\\\">?????????, ? ? ???? ????? ????????? ?????? ????????? ??????? MANIA modeler ?????????????? ????? ?????? ????????????? ???????? ???????. ????? ?????????????? ?????? ??? ?????? ??????? ???.</b></p>\\\\r\\\\n\\\",\\\"vis\\\":1,\\\"posled\\\":2,\\\"menu\\\":1,\\\"main\\\":1,\\\"_customfields\\\":\\\"[]\\\",\\\"_system\\\":0}\",\"name\":\"?????? DESERT\",\"alias\":\"plat-edsr\",\"text\":\"\",\"price\":260000,\"_system_dynamic_price\":260000,\"old_price\":0,\"percent\":0,\"images\":\"c3ad6060156a17f659ea20883acc7d68ab5b8ef9.jpg;cd810e22405a648334ef33ceaf13c42947a6325c.jpg;04f6ca2cf4476318b048aaf2642951da8ec74802.jpg;44786b8efacd5004c9bde87ca3e5ca7976583045.jpg;31c09d414d6486a0d5d843ea917259e7fdaec58e.jpg;900ad7473bb02bcc27eaa0dd87f8360231d4d46a.jpg;b291ee474bdc8b452c180a1cdd3497ef73209a31.jpg;fc86b0a7782afb58fd58245a9b110f3faef9c04b.jpg;376f92b93fa93617a990794626d684a1d72f2f81.jpg;\",\"weight\":0,\"box_type\":2,\"box_weight\":0,\"vis\":1,\"posled\":999,\"special\":0,\"new\":0,\"best\":0,\"day_item\":0,\"rating\":\"5\",\"date\":\"2018-03-27 14:04:35\",\"meta_data\":\"{\\\"h1--lc--s:?\\\":\\\"?????? desert\\\"}\",\"_customfields\":\"[]\",\"_system\":0}','','?????????','M'),(14,14,950,'?????? DESERT',260000.00,1,'{\"id\":950,\"parent\":0,\"brand_id\":9,\"status_id\":1,\"currency_id\":1,\"categoryData\":\"{\\\"id\\\":20,\\\"name\\\":\\\"?????????\\\",\\\"anchor\\\":\\\"\\\",\\\"parent\\\":0,\\\"alias\\\":\\\"svadebnaya\\\",\\\"menuimages\\\":\\\"1Alc_CtqjYpYg3dZZBwArGTgxUu0KlhH.jpg;\\\",\\\"images\\\":\\\"MK3bXiPhysaoHa7L7gUDXhfNqV47keSk.jpg;\\\",\\\"small\\\":\\\"?????????, ? ? ???? ????? ????????? ?????? ????????? ??????? MANIA modeler ?????????????? ????? ?????? ????????????? ???????? ???????. ????? ?????????????? ?????? ??? ?????? ??????? ???.\\\\r\\\\n\\\",\\\"text\\\":\\\"<p>&nbsp;</p>\\\\r\\\\n\\\\r\\\\n<p><meta charset=\\\\\\\"utf-8\\\\\\\" /></p>\\\\r\\\\n\\\\r\\\\n<p dir=\\\\\\\"ltr\\\\\\\"><b id=\\\\\\\"docs-internal-guid-f455abac-52b9-faab-e723-c82f7720279b\\\\\\\">?????????, ? ? ???? ????? ????????? ?????? ????????? ??????? MANIA modeler ?????????????? ????? ?????? ????????????? ???????? ???????. ????? ?????????????? ?????? ??? ?????? ??????? ???.</b></p>\\\\r\\\\n\\\",\\\"vis\\\":1,\\\"posled\\\":2,\\\"menu\\\":1,\\\"main\\\":1,\\\"_customfields\\\":\\\"[]\\\",\\\"_system\\\":0}\",\"name\":\"?????? DESERT\",\"alias\":\"plat-edsr\",\"text\":\"\",\"price\":260000,\"_system_dynamic_price\":260000,\"old_price\":0,\"percent\":0,\"images\":\"c3ad6060156a17f659ea20883acc7d68ab5b8ef9.jpg;cd810e22405a648334ef33ceaf13c42947a6325c.jpg;04f6ca2cf4476318b048aaf2642951da8ec74802.jpg;44786b8efacd5004c9bde87ca3e5ca7976583045.jpg;31c09d414d6486a0d5d843ea917259e7fdaec58e.jpg;900ad7473bb02bcc27eaa0dd87f8360231d4d46a.jpg;b291ee474bdc8b452c180a1cdd3497ef73209a31.jpg;fc86b0a7782afb58fd58245a9b110f3faef9c04b.jpg;376f92b93fa93617a990794626d684a1d72f2f81.jpg;\",\"weight\":0,\"box_type\":2,\"box_weight\":0,\"vis\":1,\"posled\":999,\"special\":0,\"new\":0,\"best\":0,\"day_item\":0,\"rating\":\"5\",\"date\":\"2018-03-27 14:04:35\",\"meta_data\":\"{\\\"h1--lc--s:?\\\":\\\"?????? desert\\\"}\",\"_customfields\":\"[]\",\"_system\":0}','','?????????','M'),(15,15,950,'?????? DESERT',260000.00,1,'{\"id\":950,\"parent\":0,\"brand_id\":9,\"status_id\":1,\"currency_id\":1,\"categoryData\":\"{\\\"id\\\":20,\\\"name\\\":\\\"?????????\\\",\\\"anchor\\\":\\\"\\\",\\\"parent\\\":0,\\\"alias\\\":\\\"svadebnaya\\\",\\\"menuimages\\\":\\\"1Alc_CtqjYpYg3dZZBwArGTgxUu0KlhH.jpg;\\\",\\\"images\\\":\\\"MK3bXiPhysaoHa7L7gUDXhfNqV47keSk.jpg;\\\",\\\"small\\\":\\\"?????????, ? ? ???? ????? ????????? ?????? ????????? ??????? MANIA modeler ?????????????? ????? ?????? ????????????? ???????? ???????. ????? ?????????????? ?????? ??? ?????? ??????? ???.\\\\r\\\\n\\\",\\\"text\\\":\\\"<p>&nbsp;</p>\\\\r\\\\n\\\\r\\\\n<p><meta charset=\\\\\\\"utf-8\\\\\\\" /></p>\\\\r\\\\n\\\\r\\\\n<p dir=\\\\\\\"ltr\\\\\\\"><b id=\\\\\\\"docs-internal-guid-f455abac-52b9-faab-e723-c82f7720279b\\\\\\\">?????????, ? ? ???? ????? ????????? ?????? ????????? ??????? MANIA modeler ?????????????? ????? ?????? ????????????? ???????? ???????. ????? ?????????????? ?????? ??? ?????? ??????? ???.</b></p>\\\\r\\\\n\\\",\\\"vis\\\":1,\\\"posled\\\":2,\\\"menu\\\":1,\\\"main\\\":1,\\\"_customfields\\\":\\\"[]\\\",\\\"_system\\\":0}\",\"name\":\"?????? DESERT\",\"alias\":\"plat-edsr\",\"text\":\"\",\"price\":260000,\"_system_dynamic_price\":260000,\"old_price\":0,\"percent\":0,\"images\":\"c3ad6060156a17f659ea20883acc7d68ab5b8ef9.jpg;cd810e22405a648334ef33ceaf13c42947a6325c.jpg;04f6ca2cf4476318b048aaf2642951da8ec74802.jpg;44786b8efacd5004c9bde87ca3e5ca7976583045.jpg;31c09d414d6486a0d5d843ea917259e7fdaec58e.jpg;900ad7473bb02bcc27eaa0dd87f8360231d4d46a.jpg;b291ee474bdc8b452c180a1cdd3497ef73209a31.jpg;fc86b0a7782afb58fd58245a9b110f3faef9c04b.jpg;376f92b93fa93617a990794626d684a1d72f2f81.jpg;\",\"weight\":0,\"box_type\":2,\"box_weight\":0,\"vis\":1,\"posled\":999,\"special\":0,\"new\":0,\"best\":0,\"day_item\":0,\"rating\":\"5\",\"date\":\"2018-03-27 14:04:35\",\"meta_data\":\"{\\\"h1--lc--s:?\\\":\\\"?????? desert\\\"}\",\"_customfields\":\"[]\",\"_system\":0}','','?????????','M'),(16,16,914,'?????? LOVE',80000.00,1,'{\"id\":914,\"parent\":0,\"brand_id\":9,\"status_id\":1,\"currency_id\":1,\"categoryData\":\"{\\\"id\\\":20,\\\"name\\\":\\\"?????????\\\",\\\"anchor\\\":\\\"\\\",\\\"parent\\\":0,\\\"alias\\\":\\\"svadebnaya\\\",\\\"menuimages\\\":\\\"1Alc_CtqjYpYg3dZZBwArGTgxUu0KlhH.jpg;\\\",\\\"images\\\":\\\"MK3bXiPhysaoHa7L7gUDXhfNqV47keSk.jpg;\\\",\\\"small\\\":\\\"?????????, ? ? ???? ????? ????????? ?????? ????????? ??????? MANIA modeler ?????????????? ????? ?????? ????????????? ???????? ???????. ????? ?????????????? ?????? ??? ?????? ??????? ???.\\\\r\\\\n\\\",\\\"text\\\":\\\"<p>&nbsp;</p>\\\\r\\\\n\\\\r\\\\n<p><meta charset=\\\\\\\"utf-8\\\\\\\" /></p>\\\\r\\\\n\\\\r\\\\n<p dir=\\\\\\\"ltr\\\\\\\"><b id=\\\\\\\"docs-internal-guid-f455abac-52b9-faab-e723-c82f7720279b\\\\\\\">?????????, ? ? ???? ????? ????????? ?????? ????????? ??????? MANIA modeler ?????????????? ????? ?????? ????????????? ???????? ???????. ????? ?????????????? ?????? ??? ?????? ??????? ???.</b></p>\\\\r\\\\n\\\",\\\"vis\\\":1,\\\"posled\\\":2,\\\"menu\\\":1,\\\"main\\\":1,\\\"_customfields\\\":\\\"[]\\\",\\\"_system\\\":0}\",\"name\":\"?????? LOVE\",\"alias\":\"belo-pat\",\"text\":\"<p>????????? ?????? &quot;?????&quot; ? ?????? ?????? - ?????? ??????? ?? ????? ????. ?????? ????? ???????? ?? ??????? ???????.</p>\\r\\n\",\"price\":80000,\"_system_dynamic_price\":80000,\"old_price\":92000,\"percent\":15,\"images\":\"b84833221f0227e529c7c327ade0d48a44bd3f57.jpg;fc96c0c985e0fa99782ead428db2d849ecf94087.jpg;905caf55842a45715e54b66a8bbb71412a602c85.jpg;31c6b9637a5c22f5d8bc8e355805b9c57b0ffd1a.jpg;\",\"weight\":0,\"box_type\":1,\"box_weight\":0,\"vis\":1,\"posled\":1,\"special\":1,\"new\":1,\"best\":1,\"day_item\":1,\"rating\":\"4\",\"date\":\"2017-12-12 18:26:39\",\"meta_data\":\"{\\\"h1--lc--s:?\\\":\\\"????? ?????? \\\"}\",\"_customfields\":\"[]\",\"_system\":0}','','??????-?????','M'),(17,17,950,'?????? DESERT',260000.00,1,'{\"id\":950,\"parent\":0,\"brand_id\":9,\"status_id\":1,\"currency_id\":1,\"categoryData\":\"{\\\"id\\\":20,\\\"name\\\":\\\"?????????\\\",\\\"anchor\\\":\\\"\\\",\\\"parent\\\":0,\\\"alias\\\":\\\"svadebnaya\\\",\\\"menuimages\\\":\\\"1Alc_CtqjYpYg3dZZBwArGTgxUu0KlhH.jpg;\\\",\\\"images\\\":\\\"MK3bXiPhysaoHa7L7gUDXhfNqV47keSk.jpg;\\\",\\\"small\\\":\\\"?????????, ? ? ???? ????? ????????? ?????? ????????? ??????? MANIA modeler ?????????????? ????? ?????? ????????????? ???????? ???????. ????? ?????????????? ?????? ??? ?????? ??????? ???.\\\\r\\\\n\\\",\\\"text\\\":\\\"<p>&nbsp;</p>\\\\r\\\\n\\\\r\\\\n<p><meta charset=\\\\\\\"utf-8\\\\\\\" /></p>\\\\r\\\\n\\\\r\\\\n<p dir=\\\\\\\"ltr\\\\\\\"><b id=\\\\\\\"docs-internal-guid-f455abac-52b9-faab-e723-c82f7720279b\\\\\\\">?????????, ? ? ???? ????? ????????? ?????? ????????? ??????? MANIA modeler ?????????????? ????? ?????? ????????????? ???????? ???????. ????? ?????????????? ?????? ??? ?????? ??????? ???.</b></p>\\\\r\\\\n\\\",\\\"vis\\\":1,\\\"posled\\\":2,\\\"menu\\\":1,\\\"main\\\":1,\\\"_customfields\\\":\\\"[]\\\",\\\"_system\\\":0}\",\"name\":\"?????? DESERT\",\"alias\":\"plat-edsr\",\"text\":\"\",\"price\":260000,\"_system_dynamic_price\":260000,\"old_price\":0,\"percent\":0,\"images\":\"c3ad6060156a17f659ea20883acc7d68ab5b8ef9.jpg;cd810e22405a648334ef33ceaf13c42947a6325c.jpg;04f6ca2cf4476318b048aaf2642951da8ec74802.jpg;44786b8efacd5004c9bde87ca3e5ca7976583045.jpg;31c09d414d6486a0d5d843ea917259e7fdaec58e.jpg;900ad7473bb02bcc27eaa0dd87f8360231d4d46a.jpg;b291ee474bdc8b452c180a1cdd3497ef73209a31.jpg;fc86b0a7782afb58fd58245a9b110f3faef9c04b.jpg;376f92b93fa93617a990794626d684a1d72f2f81.jpg;\",\"weight\":0,\"box_type\":2,\"box_weight\":0,\"vis\":1,\"posled\":999,\"special\":0,\"new\":0,\"best\":0,\"day_item\":0,\"rating\":\"5\",\"date\":\"2018-03-27 14:04:35\",\"meta_data\":\"{\\\"h1--lc--s:?\\\":\\\"?????? desert\\\"}\",\"_customfields\":\"[]\",\"_system\":0}','','?????????','M'),(18,17,913,'?????? LEAVES II',45000.00,1,'{\"id\":913,\"parent\":0,\"brand_id\":9,\"status_id\":1,\"currency_id\":1,\"categoryData\":\"{\\\"id\\\":22,\\\"name\\\":\\\"????????\\\",\\\"anchor\\\":\\\"\\\",\\\"parent\\\":0,\\\"alias\\\":\\\"vechernyaya\\\",\\\"menuimages\\\":\\\"5gfGIwLo3UcsghhiscRxuy-Ip3CMDrHx.jpg;\\\",\\\"images\\\":\\\"nNeglfuestA9aF3tb9ZcZrIiaUVtBeTD.jpg;\\\",\\\"small\\\":\\\"???????? ? ?????????? ?????? MANIA modeler ????????? ? ?????? ????????? demi couture. ???????????? ?????, ??????? ?????? ???????, ????????? ??????????? ? ????????????? ??????? ? ??????? ?????????? ???????????????? ? ???????? ???????????? ?????.\\\",\\\"text\\\":\\\"<p>???????? ? ?????????? ?????? MANIA modeler ????????? ? ?????? ????????? demi couture. ???????????? ?????, ??????? ?????? ???????, ????????? ??????????? ? ????????????? ??????? ? ??????? ?????????? ???????????????? ? ???????? ???????????? ?????.</p>\\\\r\\\\n\\\",\\\"vis\\\":1,\\\"posled\\\":3,\\\"menu\\\":1,\\\"main\\\":1,\\\"_customfields\\\":\\\"[]\\\",\\\"_system\\\":0}\",\"name\":\"?????? LEAVES II\",\"alias\":\"leavs-ipt\",\"text\":\"<p>?????? ? 3? ???????? ?????????? ????????, ???????? ??????, ?????????? ??????.</p>\\r\\n\\r\\n<p>&nbsp;</p>\\r\\n\",\"price\":45000,\"_system_dynamic_price\":45000,\"old_price\":56000,\"percent\":41000,\"images\":\"e356c2b1bf99c73bab143c8f227c2de976752a78.jpg::????? ????;58a2f3b22a0380f0a4a983d41056de3150bb95cf.jpg;f5015affc8b8b37c0e0c9ef720123d4c82b9b146.jpg;ac0478cc3d97f6c92a3422fedab0662e04089613.jpg;625ec4356318a7678b037cefa8c80f714861cc2e.jpg;c604c4cee06df059279e7618b39f4f421a040a74.jpg;e5de8139f17c0ce6b40d8bbb7f11e61e4cafc1ee.jpg;ea2955c5f4794bd18dba7cb5fdc00692647fbd9c.jpg;ab925b09991f96a658d4a3cd3b92eff4739247c5.jpg;\",\"weight\":0,\"box_type\":1,\"box_weight\":0,\"vis\":1,\"posled\":1,\"special\":1,\"new\":1,\"best\":1,\"day_item\":1,\"rating\":\"4\",\"date\":\"2017-12-08 17:36:18\",\"meta_data\":\"{\\\"h1--lc--s:?\\\":\\\"leaves ii ??????\\\"}\",\"_customfields\":\"[]\",\"_system\":0}','','?????????','S'),(19,18,950,'?????? DESERT',260000.00,1,'{\"id\":950,\"parent\":0,\"brand_id\":9,\"status_id\":1,\"currency_id\":1,\"categoryData\":\"{\\\"id\\\":20,\\\"name\\\":\\\"?????????\\\",\\\"anchor\\\":\\\"\\\",\\\"parent\\\":0,\\\"alias\\\":\\\"svadebnaya\\\",\\\"menuimages\\\":\\\"1Alc_CtqjYpYg3dZZBwArGTgxUu0KlhH.jpg;\\\",\\\"images\\\":\\\"MK3bXiPhysaoHa7L7gUDXhfNqV47keSk.jpg;\\\",\\\"small\\\":\\\"?????????, ? ? ???? ????? ????????? ?????? ????????? ??????? MANIA modeler ?????????????? ????? ?????? ????????????? ???????? ???????. ????? ?????????????? ?????? ??? ?????? ??????? ???.\\\\r\\\\n\\\",\\\"text\\\":\\\"<p>&nbsp;</p>\\\\r\\\\n\\\\r\\\\n<p><meta charset=\\\\\\\"utf-8\\\\\\\" /></p>\\\\r\\\\n\\\\r\\\\n<p dir=\\\\\\\"ltr\\\\\\\"><b id=\\\\\\\"docs-internal-guid-f455abac-52b9-faab-e723-c82f7720279b\\\\\\\">?????????, ? ? ???? ????? ????????? ?????? ????????? ??????? MANIA modeler ?????????????? ????? ?????? ????????????? ???????? ???????. ????? ?????????????? ?????? ??? ?????? ??????? ???.</b></p>\\\\r\\\\n\\\",\\\"vis\\\":1,\\\"posled\\\":2,\\\"menu\\\":1,\\\"main\\\":1,\\\"_customfields\\\":\\\"[]\\\",\\\"_system\\\":0}\",\"name\":\"?????? DESERT\",\"alias\":\"plat-edsr\",\"text\":\"\",\"price\":260000,\"_system_dynamic_price\":260000,\"old_price\":0,\"percent\":0,\"images\":\"c3ad6060156a17f659ea20883acc7d68ab5b8ef9.jpg;cd810e22405a648334ef33ceaf13c42947a6325c.jpg;04f6ca2cf4476318b048aaf2642951da8ec74802.jpg;44786b8efacd5004c9bde87ca3e5ca7976583045.jpg;31c09d414d6486a0d5d843ea917259e7fdaec58e.jpg;900ad7473bb02bcc27eaa0dd87f8360231d4d46a.jpg;b291ee474bdc8b452c180a1cdd3497ef73209a31.jpg;fc86b0a7782afb58fd58245a9b110f3faef9c04b.jpg;376f92b93fa93617a990794626d684a1d72f2f81.jpg;\",\"weight\":0,\"box_type\":2,\"box_weight\":0,\"vis\":1,\"posled\":999,\"special\":0,\"new\":0,\"best\":0,\"day_item\":0,\"rating\":\"5\",\"date\":\"2018-03-27 14:04:35\",\"meta_data\":\"{\\\"h1--lc--s:?\\\":\\\"?????? desert\\\"}\",\"_customfields\":\"[]\",\"_system\":0}','','?????????','M'),(20,18,913,'?????? LEAVES II',45000.00,1,'{\"id\":913,\"parent\":0,\"brand_id\":9,\"status_id\":1,\"currency_id\":1,\"categoryData\":\"{\\\"id\\\":22,\\\"name\\\":\\\"????????\\\",\\\"anchor\\\":\\\"\\\",\\\"parent\\\":0,\\\"alias\\\":\\\"vechernyaya\\\",\\\"menuimages\\\":\\\"5gfGIwLo3UcsghhiscRxuy-Ip3CMDrHx.jpg;\\\",\\\"images\\\":\\\"nNeglfuestA9aF3tb9ZcZrIiaUVtBeTD.jpg;\\\",\\\"small\\\":\\\"???????? ? ?????????? ?????? MANIA modeler ????????? ? ?????? ????????? demi couture. ???????????? ?????, ??????? ?????? ???????, ????????? ??????????? ? ????????????? ??????? ? ??????? ?????????? ???????????????? ? ???????? ???????????? ?????.\\\",\\\"text\\\":\\\"<p>???????? ? ?????????? ?????? MANIA modeler ????????? ? ?????? ????????? demi couture. ???????????? ?????, ??????? ?????? ???????, ????????? ??????????? ? ????????????? ??????? ? ??????? ?????????? ???????????????? ? ???????? ???????????? ?????.</p>\\\\r\\\\n\\\",\\\"vis\\\":1,\\\"posled\\\":3,\\\"menu\\\":1,\\\"main\\\":1,\\\"_customfields\\\":\\\"[]\\\",\\\"_system\\\":0}\",\"name\":\"?????? LEAVES II\",\"alias\":\"leavs-ipt\",\"text\":\"<p>?????? ? 3? ???????? ?????????? ????????, ???????? ??????, ?????????? ??????.</p>\\r\\n\\r\\n<p>&nbsp;</p>\\r\\n\",\"price\":45000,\"_system_dynamic_price\":45000,\"old_price\":56000,\"percent\":41000,\"images\":\"e356c2b1bf99c73bab143c8f227c2de976752a78.jpg::????? ????;58a2f3b22a0380f0a4a983d41056de3150bb95cf.jpg;f5015affc8b8b37c0e0c9ef720123d4c82b9b146.jpg;ac0478cc3d97f6c92a3422fedab0662e04089613.jpg;625ec4356318a7678b037cefa8c80f714861cc2e.jpg;c604c4cee06df059279e7618b39f4f421a040a74.jpg;e5de8139f17c0ce6b40d8bbb7f11e61e4cafc1ee.jpg;ea2955c5f4794bd18dba7cb5fdc00692647fbd9c.jpg;ab925b09991f96a658d4a3cd3b92eff4739247c5.jpg;\",\"weight\":0,\"box_type\":1,\"box_weight\":0,\"vis\":1,\"posled\":1,\"special\":1,\"new\":1,\"best\":1,\"day_item\":1,\"rating\":\"4\",\"date\":\"2017-12-08 17:36:18\",\"meta_data\":\"{\\\"h1--lc--s:?\\\":\\\"leaves ii ??????\\\"}\",\"_customfields\":\"[]\",\"_system\":0}','','?????????','S'),(21,19,914,'?????? LOVE',80000.00,1,'{\"id\":914,\"parent\":0,\"brand_id\":9,\"status_id\":1,\"currency_id\":1,\"categoryData\":\"{\\\"id\\\":20,\\\"name\\\":\\\"?????????\\\",\\\"anchor\\\":\\\"\\\",\\\"parent\\\":0,\\\"alias\\\":\\\"svadebnaya\\\",\\\"menuimages\\\":\\\"1Alc_CtqjYpYg3dZZBwArGTgxUu0KlhH.jpg;\\\",\\\"images\\\":\\\"MK3bXiPhysaoHa7L7gUDXhfNqV47keSk.jpg;\\\",\\\"small\\\":\\\"?????????, ? ? ???? ????? ????????? ?????? ????????? ??????? MANIA modeler ?????????????? ????? ?????? ????????????? ???????? ???????. ????? ?????????????? ?????? ??? ?????? ??????? ???.\\\\r\\\\n\\\",\\\"text\\\":\\\"<p>&nbsp;</p>\\\\r\\\\n\\\\r\\\\n<p><meta charset=\\\\\\\"utf-8\\\\\\\" /></p>\\\\r\\\\n\\\\r\\\\n<p dir=\\\\\\\"ltr\\\\\\\"><b id=\\\\\\\"docs-internal-guid-f455abac-52b9-faab-e723-c82f7720279b\\\\\\\">?????????, ? ? ???? ????? ????????? ?????? ????????? ??????? MANIA modeler ?????????????? ????? ?????? ????????????? ???????? ???????. ????? ?????????????? ?????? ??? ?????? ??????? ???.</b></p>\\\\r\\\\n\\\",\\\"vis\\\":1,\\\"posled\\\":2,\\\"menu\\\":1,\\\"main\\\":1,\\\"_customfields\\\":\\\"[]\\\",\\\"_system\\\":0}\",\"name\":\"?????? LOVE\",\"alias\":\"belo-pat\",\"text\":\"<p>????????? ?????? &quot;?????&quot; ? ?????? ?????? - ?????? ??????? ?? ????? ????. ?????? ????? ???????? ?? ??????? ???????.</p>\\r\\n\",\"price\":80000,\"_system_dynamic_price\":80000,\"old_price\":92000,\"percent\":15,\"images\":\"b84833221f0227e529c7c327ade0d48a44bd3f57.jpg;fc96c0c985e0fa99782ead428db2d849ecf94087.jpg;905caf55842a45715e54b66a8bbb71412a602c85.jpg;31c6b9637a5c22f5d8bc8e355805b9c57b0ffd1a.jpg;\",\"weight\":0,\"box_type\":1,\"box_weight\":0,\"vis\":1,\"posled\":1,\"special\":1,\"new\":1,\"best\":1,\"day_item\":1,\"rating\":\"4\",\"date\":\"2017-12-12 18:26:39\",\"meta_data\":\"{\\\"h1--lc--s:?\\\":\\\"????? ?????? \\\"}\",\"_customfields\":\"[]\",\"_system\":0}','','??????-?????','M'),(22,20,950,'?????? DESERT',260000.00,1,'{\"id\":950,\"parent\":0,\"brand_id\":9,\"status_id\":1,\"currency_id\":1,\"categoryData\":\"{\\\"id\\\":20,\\\"name\\\":\\\"?????????\\\",\\\"anchor\\\":\\\"\\\",\\\"parent\\\":0,\\\"alias\\\":\\\"svadebnaya\\\",\\\"menuimages\\\":\\\"1Alc_CtqjYpYg3dZZBwArGTgxUu0KlhH.jpg;\\\",\\\"images\\\":\\\"MK3bXiPhysaoHa7L7gUDXhfNqV47keSk.jpg;\\\",\\\"small\\\":\\\"?????????, ? ? ???? ????? ????????? ?????? ????????? ??????? MANIA modeler ?????????????? ????? ?????? ????????????? ???????? ???????. ????? ?????????????? ?????? ??? ?????? ??????? ???.\\\\r\\\\n\\\",\\\"text\\\":\\\"<p>&nbsp;</p>\\\\r\\\\n\\\\r\\\\n<p><meta charset=\\\\\\\"utf-8\\\\\\\" /></p>\\\\r\\\\n\\\\r\\\\n<p dir=\\\\\\\"ltr\\\\\\\"><b id=\\\\\\\"docs-internal-guid-f455abac-52b9-faab-e723-c82f7720279b\\\\\\\">?????????, ? ? ???? ????? ????????? ?????? ????????? ??????? MANIA modeler ?????????????? ????? ?????? ????????????? ???????? ???????. ????? ?????????????? ?????? ??? ?????? ??????? ???.</b></p>\\\\r\\\\n\\\",\\\"vis\\\":1,\\\"posled\\\":2,\\\"menu\\\":1,\\\"main\\\":1,\\\"_customfields\\\":\\\"[]\\\",\\\"_system\\\":0}\",\"name\":\"?????? DESERT\",\"alias\":\"plat-edsr\",\"text\":\"\",\"price\":260000,\"_system_dynamic_price\":260000,\"old_price\":0,\"percent\":0,\"images\":\"c3ad6060156a17f659ea20883acc7d68ab5b8ef9.jpg;cd810e22405a648334ef33ceaf13c42947a6325c.jpg;04f6ca2cf4476318b048aaf2642951da8ec74802.jpg;44786b8efacd5004c9bde87ca3e5ca7976583045.jpg;31c09d414d6486a0d5d843ea917259e7fdaec58e.jpg;900ad7473bb02bcc27eaa0dd87f8360231d4d46a.jpg;b291ee474bdc8b452c180a1cdd3497ef73209a31.jpg;fc86b0a7782afb58fd58245a9b110f3faef9c04b.jpg;376f92b93fa93617a990794626d684a1d72f2f81.jpg;\",\"weight\":0,\"box_type\":2,\"box_weight\":0,\"vis\":1,\"posled\":999,\"special\":0,\"new\":0,\"best\":0,\"day_item\":0,\"rating\":\"5\",\"date\":\"2018-03-27 14:04:35\",\"meta_data\":\"{\\\"h1--lc--s:?\\\":\\\"?????? desert\\\"}\",\"_customfields\":\"[]\",\"_system\":0}','','?????????','M'),(23,20,913,'?????? LEAVES II',45000.00,1,'{\"id\":913,\"parent\":0,\"brand_id\":9,\"status_id\":1,\"currency_id\":1,\"categoryData\":\"{\\\"id\\\":22,\\\"name\\\":\\\"????????\\\",\\\"anchor\\\":\\\"\\\",\\\"parent\\\":0,\\\"alias\\\":\\\"vechernyaya\\\",\\\"menuimages\\\":\\\"5gfGIwLo3UcsghhiscRxuy-Ip3CMDrHx.jpg;\\\",\\\"images\\\":\\\"nNeglfuestA9aF3tb9ZcZrIiaUVtBeTD.jpg;\\\",\\\"small\\\":\\\"???????? ? ?????????? ?????? MANIA modeler ????????? ? ?????? ????????? demi couture. ???????????? ?????, ??????? ?????? ???????, ????????? ??????????? ? ????????????? ??????? ? ??????? ?????????? ???????????????? ? ???????? ???????????? ?????.\\\",\\\"text\\\":\\\"<p>???????? ? ?????????? ?????? MANIA modeler ????????? ? ?????? ????????? demi couture. ???????????? ?????, ??????? ?????? ???????, ????????? ??????????? ? ????????????? ??????? ? ??????? ?????????? ???????????????? ? ???????? ???????????? ?????.</p>\\\\r\\\\n\\\",\\\"vis\\\":1,\\\"posled\\\":3,\\\"menu\\\":1,\\\"main\\\":1,\\\"_customfields\\\":\\\"[]\\\",\\\"_system\\\":0}\",\"name\":\"?????? LEAVES II\",\"alias\":\"leavs-ipt\",\"text\":\"<p>?????? ? 3? ???????? ?????????? ????????, ???????? ??????, ?????????? ??????.</p>\\r\\n\\r\\n<p>&nbsp;</p>\\r\\n\",\"price\":45000,\"_system_dynamic_price\":45000,\"old_price\":56000,\"percent\":41000,\"images\":\"e356c2b1bf99c73bab143c8f227c2de976752a78.jpg::????? ????;58a2f3b22a0380f0a4a983d41056de3150bb95cf.jpg;f5015affc8b8b37c0e0c9ef720123d4c82b9b146.jpg;ac0478cc3d97f6c92a3422fedab0662e04089613.jpg;625ec4356318a7678b037cefa8c80f714861cc2e.jpg;c604c4cee06df059279e7618b39f4f421a040a74.jpg;e5de8139f17c0ce6b40d8bbb7f11e61e4cafc1ee.jpg;ea2955c5f4794bd18dba7cb5fdc00692647fbd9c.jpg;ab925b09991f96a658d4a3cd3b92eff4739247c5.jpg;\",\"weight\":0,\"box_type\":1,\"box_weight\":0,\"vis\":1,\"posled\":1,\"special\":1,\"new\":1,\"best\":1,\"day_item\":1,\"rating\":\"4\",\"date\":\"2017-12-08 17:36:18\",\"meta_data\":\"{\\\"h1--lc--s:?\\\":\\\"leaves ii ??????\\\"}\",\"_customfields\":\"[]\",\"_system\":0}','','?????????','S'),(24,21,950,'?????? DESERT',260000.00,1,'{\"id\":950,\"parent\":0,\"brand_id\":9,\"status_id\":1,\"currency_id\":1,\"categoryData\":\"{\\\"id\\\":20,\\\"name\\\":\\\"?????????\\\",\\\"anchor\\\":\\\"\\\",\\\"parent\\\":0,\\\"alias\\\":\\\"svadebnaya\\\",\\\"menuimages\\\":\\\"1Alc_CtqjYpYg3dZZBwArGTgxUu0KlhH.jpg;\\\",\\\"images\\\":\\\"MK3bXiPhysaoHa7L7gUDXhfNqV47keSk.jpg;\\\",\\\"small\\\":\\\"?????????, ? ? ???? ????? ????????? ?????? ????????? ??????? MANIA modeler ?????????????? ????? ?????? ????????????? ???????? ???????. ????? ?????????????? ?????? ??? ?????? ??????? ???.\\\\r\\\\n\\\",\\\"text\\\":\\\"<p>&nbsp;</p>\\\\r\\\\n\\\\r\\\\n<p><meta charset=\\\\\\\"utf-8\\\\\\\" /></p>\\\\r\\\\n\\\\r\\\\n<p dir=\\\\\\\"ltr\\\\\\\"><b id=\\\\\\\"docs-internal-guid-f455abac-52b9-faab-e723-c82f7720279b\\\\\\\">?????????, ? ? ???? ????? ????????? ?????? ????????? ??????? MANIA modeler ?????????????? ????? ?????? ????????????? ???????? ???????. ????? ?????????????? ?????? ??? ?????? ??????? ???.</b></p>\\\\r\\\\n\\\",\\\"vis\\\":1,\\\"posled\\\":2,\\\"menu\\\":1,\\\"main\\\":1,\\\"_customfields\\\":\\\"[]\\\",\\\"_system\\\":0}\",\"name\":\"?????? DESERT\",\"alias\":\"plat-edsr\",\"text\":\"\",\"price\":260000,\"_system_dynamic_price\":260000,\"old_price\":0,\"percent\":0,\"images\":\"c3ad6060156a17f659ea20883acc7d68ab5b8ef9.jpg;cd810e22405a648334ef33ceaf13c42947a6325c.jpg;04f6ca2cf4476318b048aaf2642951da8ec74802.jpg;44786b8efacd5004c9bde87ca3e5ca7976583045.jpg;31c09d414d6486a0d5d843ea917259e7fdaec58e.jpg;900ad7473bb02bcc27eaa0dd87f8360231d4d46a.jpg;b291ee474bdc8b452c180a1cdd3497ef73209a31.jpg;fc86b0a7782afb58fd58245a9b110f3faef9c04b.jpg;376f92b93fa93617a990794626d684a1d72f2f81.jpg;\",\"weight\":0,\"box_type\":2,\"box_weight\":0,\"vis\":1,\"posled\":999,\"special\":0,\"new\":0,\"best\":0,\"day_item\":0,\"rating\":\"5\",\"date\":\"2018-03-27 14:04:35\",\"meta_data\":\"{\\\"h1--lc--s:?\\\":\\\"?????? desert\\\"}\",\"_customfields\":\"[]\",\"_system\":0}','','?????????','M'),(25,21,913,'?????? LEAVES II',45000.00,1,'{\"id\":913,\"parent\":0,\"brand_id\":9,\"status_id\":1,\"currency_id\":1,\"categoryData\":\"{\\\"id\\\":22,\\\"name\\\":\\\"????????\\\",\\\"anchor\\\":\\\"\\\",\\\"parent\\\":0,\\\"alias\\\":\\\"vechernyaya\\\",\\\"menuimages\\\":\\\"5gfGIwLo3UcsghhiscRxuy-Ip3CMDrHx.jpg;\\\",\\\"images\\\":\\\"nNeglfuestA9aF3tb9ZcZrIiaUVtBeTD.jpg;\\\",\\\"small\\\":\\\"???????? ? ?????????? ?????? MANIA modeler ????????? ? ?????? ????????? demi couture. ???????????? ?????, ??????? ?????? ???????, ????????? ??????????? ? ????????????? ??????? ? ??????? ?????????? ???????????????? ? ???????? ???????????? ?????.\\\",\\\"text\\\":\\\"<p>???????? ? ?????????? ?????? MANIA modeler ????????? ? ?????? ????????? demi couture. ???????????? ?????, ??????? ?????? ???????, ????????? ??????????? ? ????????????? ??????? ? ??????? ?????????? ???????????????? ? ???????? ???????????? ?????.</p>\\\\r\\\\n\\\",\\\"vis\\\":1,\\\"posled\\\":3,\\\"menu\\\":1,\\\"main\\\":1,\\\"_customfields\\\":\\\"[]\\\",\\\"_system\\\":0}\",\"name\":\"?????? LEAVES II\",\"alias\":\"leavs-ipt\",\"text\":\"<p>?????? ? 3? ???????? ?????????? ????????, ???????? ??????, ?????????? ??????.</p>\\r\\n\\r\\n<p>&nbsp;</p>\\r\\n\",\"price\":45000,\"_system_dynamic_price\":45000,\"old_price\":56000,\"percent\":41000,\"images\":\"e356c2b1bf99c73bab143c8f227c2de976752a78.jpg::????? ????;58a2f3b22a0380f0a4a983d41056de3150bb95cf.jpg;f5015affc8b8b37c0e0c9ef720123d4c82b9b146.jpg;ac0478cc3d97f6c92a3422fedab0662e04089613.jpg;625ec4356318a7678b037cefa8c80f714861cc2e.jpg;c604c4cee06df059279e7618b39f4f421a040a74.jpg;e5de8139f17c0ce6b40d8bbb7f11e61e4cafc1ee.jpg;ea2955c5f4794bd18dba7cb5fdc00692647fbd9c.jpg;ab925b09991f96a658d4a3cd3b92eff4739247c5.jpg;\",\"weight\":0,\"box_type\":1,\"box_weight\":0,\"vis\":1,\"posled\":1,\"special\":1,\"new\":1,\"best\":1,\"day_item\":1,\"rating\":\"4\",\"date\":\"2017-12-08 17:36:18\",\"meta_data\":\"{\\\"h1--lc--s:?\\\":\\\"leaves ii ??????\\\"}\",\"_customfields\":\"[]\",\"_system\":0}','','?????????','S'),(26,22,950,'?????? DESERT',260000.00,1,'{\"id\":950,\"parent\":0,\"brand_id\":9,\"status_id\":1,\"currency_id\":1,\"categoryData\":\"{\\\"id\\\":20,\\\"name\\\":\\\"?????????\\\",\\\"anchor\\\":\\\"\\\",\\\"parent\\\":0,\\\"alias\\\":\\\"svadebnaya\\\",\\\"menuimages\\\":\\\"1Alc_CtqjYpYg3dZZBwArGTgxUu0KlhH.jpg;\\\",\\\"images\\\":\\\"MK3bXiPhysaoHa7L7gUDXhfNqV47keSk.jpg;\\\",\\\"small\\\":\\\"?????????, ? ? ???? ????? ????????? ?????? ????????? ??????? MANIA modeler ?????????????? ????? ?????? ????????????? ???????? ???????. ????? ?????????????? ?????? ??? ?????? ??????? ???.\\\\r\\\\n\\\",\\\"text\\\":\\\"<p>&nbsp;</p>\\\\r\\\\n\\\\r\\\\n<p><meta charset=\\\\\\\"utf-8\\\\\\\" /></p>\\\\r\\\\n\\\\r\\\\n<p dir=\\\\\\\"ltr\\\\\\\"><b id=\\\\\\\"docs-internal-guid-f455abac-52b9-faab-e723-c82f7720279b\\\\\\\">?????????, ? ? ???? ????? ????????? ?????? ????????? ??????? MANIA modeler ?????????????? ????? ?????? ????????????? ???????? ???????. ????? ?????????????? ?????? ??? ?????? ??????? ???.</b></p>\\\\r\\\\n\\\",\\\"vis\\\":1,\\\"posled\\\":2,\\\"menu\\\":1,\\\"main\\\":1,\\\"_customfields\\\":\\\"[]\\\",\\\"_system\\\":0}\",\"name\":\"?????? DESERT\",\"alias\":\"plat-edsr\",\"text\":\"\",\"price\":260000,\"_system_dynamic_price\":260000,\"old_price\":0,\"percent\":0,\"images\":\"c3ad6060156a17f659ea20883acc7d68ab5b8ef9.jpg;cd810e22405a648334ef33ceaf13c42947a6325c.jpg;04f6ca2cf4476318b048aaf2642951da8ec74802.jpg;44786b8efacd5004c9bde87ca3e5ca7976583045.jpg;31c09d414d6486a0d5d843ea917259e7fdaec58e.jpg;900ad7473bb02bcc27eaa0dd87f8360231d4d46a.jpg;b291ee474bdc8b452c180a1cdd3497ef73209a31.jpg;fc86b0a7782afb58fd58245a9b110f3faef9c04b.jpg;376f92b93fa93617a990794626d684a1d72f2f81.jpg;\",\"weight\":0,\"box_type\":2,\"box_weight\":0,\"vis\":1,\"posled\":999,\"special\":0,\"new\":0,\"best\":0,\"day_item\":0,\"rating\":\"5\",\"date\":\"2018-03-27 14:04:35\",\"meta_data\":\"{\\\"h1--lc--s:?\\\":\\\"?????? desert\\\"}\",\"_customfields\":\"[]\",\"_system\":0}','','?????????','M'),(27,22,913,'?????? LEAVES II',45000.00,1,'{\"id\":913,\"parent\":0,\"brand_id\":9,\"status_id\":1,\"currency_id\":1,\"categoryData\":\"{\\\"id\\\":22,\\\"name\\\":\\\"????????\\\",\\\"anchor\\\":\\\"\\\",\\\"parent\\\":0,\\\"alias\\\":\\\"vechernyaya\\\",\\\"menuimages\\\":\\\"5gfGIwLo3UcsghhiscRxuy-Ip3CMDrHx.jpg;\\\",\\\"images\\\":\\\"nNeglfuestA9aF3tb9ZcZrIiaUVtBeTD.jpg;\\\",\\\"small\\\":\\\"???????? ? ?????????? ?????? MANIA modeler ????????? ? ?????? ????????? demi couture. ???????????? ?????, ??????? ?????? ???????, ????????? ??????????? ? ????????????? ??????? ? ??????? ?????????? ???????????????? ? ???????? ???????????? ?????.\\\",\\\"text\\\":\\\"<p>???????? ? ?????????? ?????? MANIA modeler ????????? ? ?????? ????????? demi couture. ???????????? ?????, ??????? ?????? ???????, ????????? ??????????? ? ????????????? ??????? ? ??????? ?????????? ???????????????? ? ???????? ???????????? ?????.</p>\\\\r\\\\n\\\",\\\"vis\\\":1,\\\"posled\\\":3,\\\"menu\\\":1,\\\"main\\\":1,\\\"_customfields\\\":\\\"[]\\\",\\\"_system\\\":0}\",\"name\":\"?????? LEAVES II\",\"alias\":\"leavs-ipt\",\"text\":\"<p>?????? ? 3? ???????? ?????????? ????????, ???????? ??????, ?????????? ??????.</p>\\r\\n\\r\\n<p>&nbsp;</p>\\r\\n\",\"price\":45000,\"_system_dynamic_price\":45000,\"old_price\":56000,\"percent\":41000,\"images\":\"e356c2b1bf99c73bab143c8f227c2de976752a78.jpg::????? ????;58a2f3b22a0380f0a4a983d41056de3150bb95cf.jpg;f5015affc8b8b37c0e0c9ef720123d4c82b9b146.jpg;ac0478cc3d97f6c92a3422fedab0662e04089613.jpg;625ec4356318a7678b037cefa8c80f714861cc2e.jpg;c604c4cee06df059279e7618b39f4f421a040a74.jpg;e5de8139f17c0ce6b40d8bbb7f11e61e4cafc1ee.jpg;ea2955c5f4794bd18dba7cb5fdc00692647fbd9c.jpg;ab925b09991f96a658d4a3cd3b92eff4739247c5.jpg;\",\"weight\":0,\"box_type\":1,\"box_weight\":0,\"vis\":1,\"posled\":1,\"special\":1,\"new\":1,\"best\":1,\"day_item\":1,\"rating\":\"4\",\"date\":\"2017-12-08 17:36:18\",\"meta_data\":\"{\\\"h1--lc--s:?\\\":\\\"leaves ii ??????\\\"}\",\"_customfields\":\"[]\",\"_system\":0}','','?????????','S'),(28,23,950,'?????? DESERT',260000.00,1,'{\"id\":950,\"parent\":0,\"brand_id\":9,\"status_id\":1,\"currency_id\":1,\"categoryData\":\"{\\\"id\\\":20,\\\"name\\\":\\\"?????????\\\",\\\"anchor\\\":\\\"\\\",\\\"parent\\\":0,\\\"alias\\\":\\\"svadebnaya\\\",\\\"menuimages\\\":\\\"1Alc_CtqjYpYg3dZZBwArGTgxUu0KlhH.jpg;\\\",\\\"images\\\":\\\"MK3bXiPhysaoHa7L7gUDXhfNqV47keSk.jpg;\\\",\\\"small\\\":\\\"?????????, ? ? ???? ????? ????????? ?????? ????????? ??????? MANIA modeler ?????????????? ????? ?????? ????????????? ???????? ???????. ????? ?????????????? ?????? ??? ?????? ??????? ???.\\\\r\\\\n\\\",\\\"text\\\":\\\"<p>&nbsp;</p>\\\\r\\\\n\\\\r\\\\n<p><meta charset=\\\\\\\"utf-8\\\\\\\" /></p>\\\\r\\\\n\\\\r\\\\n<p dir=\\\\\\\"ltr\\\\\\\"><b id=\\\\\\\"docs-internal-guid-f455abac-52b9-faab-e723-c82f7720279b\\\\\\\">?????????, ? ? ???? ????? ????????? ?????? ????????? ??????? MANIA modeler ?????????????? ????? ?????? ????????????? ???????? ???????. ????? ?????????????? ?????? ??? ?????? ??????? ???.</b></p>\\\\r\\\\n\\\",\\\"vis\\\":1,\\\"posled\\\":2,\\\"menu\\\":1,\\\"main\\\":1,\\\"_customfields\\\":\\\"[]\\\",\\\"_system\\\":0}\",\"name\":\"?????? DESERT\",\"alias\":\"plat-edsr\",\"text\":\"\",\"price\":260000,\"_system_dynamic_price\":260000,\"old_price\":0,\"percent\":0,\"images\":\"c3ad6060156a17f659ea20883acc7d68ab5b8ef9.jpg;cd810e22405a648334ef33ceaf13c42947a6325c.jpg;04f6ca2cf4476318b048aaf2642951da8ec74802.jpg;44786b8efacd5004c9bde87ca3e5ca7976583045.jpg;31c09d414d6486a0d5d843ea917259e7fdaec58e.jpg;900ad7473bb02bcc27eaa0dd87f8360231d4d46a.jpg;b291ee474bdc8b452c180a1cdd3497ef73209a31.jpg;fc86b0a7782afb58fd58245a9b110f3faef9c04b.jpg;376f92b93fa93617a990794626d684a1d72f2f81.jpg;\",\"weight\":0,\"box_type\":2,\"box_weight\":0,\"vis\":1,\"posled\":999,\"special\":0,\"new\":0,\"best\":0,\"day_item\":0,\"rating\":\"5\",\"date\":\"2018-03-27 14:04:35\",\"meta_data\":\"{\\\"h1--lc--s:?\\\":\\\"?????? desert\\\"}\",\"_customfields\":\"[]\",\"_system\":0}','','?????????','M'),(29,23,913,'?????? LEAVES II',45000.00,1,'{\"id\":913,\"parent\":0,\"brand_id\":9,\"status_id\":1,\"currency_id\":1,\"categoryData\":\"{\\\"id\\\":22,\\\"name\\\":\\\"????????\\\",\\\"anchor\\\":\\\"\\\",\\\"parent\\\":0,\\\"alias\\\":\\\"vechernyaya\\\",\\\"menuimages\\\":\\\"5gfGIwLo3UcsghhiscRxuy-Ip3CMDrHx.jpg;\\\",\\\"images\\\":\\\"nNeglfuestA9aF3tb9ZcZrIiaUVtBeTD.jpg;\\\",\\\"small\\\":\\\"???????? ? ?????????? ?????? MANIA modeler ????????? ? ?????? ????????? demi couture. ???????????? ?????, ??????? ?????? ???????, ????????? ??????????? ? ????????????? ??????? ? ??????? ?????????? ???????????????? ? ???????? ???????????? ?????.\\\",\\\"text\\\":\\\"<p>???????? ? ?????????? ?????? MANIA modeler ????????? ? ?????? ????????? demi couture. ???????????? ?????, ??????? ?????? ???????, ????????? ??????????? ? ????????????? ??????? ? ??????? ?????????? ???????????????? ? ???????? ???????????? ?????.</p>\\\\r\\\\n\\\",\\\"vis\\\":1,\\\"posled\\\":3,\\\"menu\\\":1,\\\"main\\\":1,\\\"_customfields\\\":\\\"[]\\\",\\\"_system\\\":0}\",\"name\":\"?????? LEAVES II\",\"alias\":\"leavs-ipt\",\"text\":\"<p>?????? ? 3? ???????? ?????????? ????????, ???????? ??????, ?????????? ??????.</p>\\r\\n\\r\\n<p>&nbsp;</p>\\r\\n\",\"price\":45000,\"_system_dynamic_price\":45000,\"old_price\":56000,\"percent\":41000,\"images\":\"e356c2b1bf99c73bab143c8f227c2de976752a78.jpg::????? ????;58a2f3b22a0380f0a4a983d41056de3150bb95cf.jpg;f5015affc8b8b37c0e0c9ef720123d4c82b9b146.jpg;ac0478cc3d97f6c92a3422fedab0662e04089613.jpg;625ec4356318a7678b037cefa8c80f714861cc2e.jpg;c604c4cee06df059279e7618b39f4f421a040a74.jpg;e5de8139f17c0ce6b40d8bbb7f11e61e4cafc1ee.jpg;ea2955c5f4794bd18dba7cb5fdc00692647fbd9c.jpg;ab925b09991f96a658d4a3cd3b92eff4739247c5.jpg;\",\"weight\":0,\"box_type\":1,\"box_weight\":0,\"vis\":1,\"posled\":1,\"special\":1,\"new\":1,\"best\":1,\"day_item\":1,\"rating\":\"4\",\"date\":\"2017-12-08 17:36:18\",\"meta_data\":\"{\\\"h1--lc--s:?\\\":\\\"leaves ii ??????\\\"}\",\"_customfields\":\"[]\",\"_system\":0}','','?????????','S'),(30,24,950,'?????? DESERT',260000.00,1,'{\"id\":950,\"parent\":0,\"brand_id\":9,\"status_id\":1,\"currency_id\":1,\"categoryData\":\"{\\\"id\\\":20,\\\"name\\\":\\\"?????????\\\",\\\"anchor\\\":\\\"\\\",\\\"parent\\\":0,\\\"alias\\\":\\\"svadebnaya\\\",\\\"menuimages\\\":\\\"1Alc_CtqjYpYg3dZZBwArGTgxUu0KlhH.jpg;\\\",\\\"images\\\":\\\"MK3bXiPhysaoHa7L7gUDXhfNqV47keSk.jpg;\\\",\\\"small\\\":\\\"?????????, ? ? ???? ????? ????????? ?????? ????????? ??????? MANIA modeler ?????????????? ????? ?????? ????????????? ???????? ???????. ????? ?????????????? ?????? ??? ?????? ??????? ???.\\\\r\\\\n\\\",\\\"text\\\":\\\"<p>&nbsp;</p>\\\\r\\\\n\\\\r\\\\n<p><meta charset=\\\\\\\"utf-8\\\\\\\" /></p>\\\\r\\\\n\\\\r\\\\n<p dir=\\\\\\\"ltr\\\\\\\"><b id=\\\\\\\"docs-internal-guid-f455abac-52b9-faab-e723-c82f7720279b\\\\\\\">?????????, ? ? ???? ????? ????????? ?????? ????????? ??????? MANIA modeler ?????????????? ????? ?????? ????????????? ???????? ???????. ????? ?????????????? ?????? ??? ?????? ??????? ???.</b></p>\\\\r\\\\n\\\",\\\"vis\\\":1,\\\"posled\\\":2,\\\"menu\\\":1,\\\"main\\\":1,\\\"_customfields\\\":\\\"[]\\\",\\\"_system\\\":0}\",\"name\":\"?????? DESERT\",\"alias\":\"plat-edsr\",\"text\":\"\",\"price\":260000,\"_system_dynamic_price\":260000,\"old_price\":0,\"percent\":0,\"images\":\"c3ad6060156a17f659ea20883acc7d68ab5b8ef9.jpg;cd810e22405a648334ef33ceaf13c42947a6325c.jpg;04f6ca2cf4476318b048aaf2642951da8ec74802.jpg;44786b8efacd5004c9bde87ca3e5ca7976583045.jpg;31c09d414d6486a0d5d843ea917259e7fdaec58e.jpg;900ad7473bb02bcc27eaa0dd87f8360231d4d46a.jpg;b291ee474bdc8b452c180a1cdd3497ef73209a31.jpg;fc86b0a7782afb58fd58245a9b110f3faef9c04b.jpg;376f92b93fa93617a990794626d684a1d72f2f81.jpg;\",\"weight\":0,\"box_type\":2,\"box_weight\":0,\"vis\":1,\"posled\":999,\"special\":0,\"new\":0,\"best\":0,\"day_item\":0,\"rating\":\"5\",\"date\":\"2018-03-27 14:04:35\",\"meta_data\":\"{\\\"h1--lc--s:?\\\":\\\"?????? desert\\\"}\",\"_customfields\":\"[]\",\"_system\":0}','','?????????','M'),(31,24,913,'?????? LEAVES II',45000.00,1,'{\"id\":913,\"parent\":0,\"brand_id\":9,\"status_id\":1,\"currency_id\":1,\"categoryData\":\"{\\\"id\\\":22,\\\"name\\\":\\\"????????\\\",\\\"anchor\\\":\\\"\\\",\\\"parent\\\":0,\\\"alias\\\":\\\"vechernyaya\\\",\\\"menuimages\\\":\\\"5gfGIwLo3UcsghhiscRxuy-Ip3CMDrHx.jpg;\\\",\\\"images\\\":\\\"nNeglfuestA9aF3tb9ZcZrIiaUVtBeTD.jpg;\\\",\\\"small\\\":\\\"???????? ? ?????????? ?????? MANIA modeler ????????? ? ?????? ????????? demi couture. ???????????? ?????, ??????? ?????? ???????, ????????? ??????????? ? ????????????? ??????? ? ??????? ?????????? ???????????????? ? ???????? ???????????? ?????.\\\",\\\"text\\\":\\\"<p>???????? ? ?????????? ?????? MANIA modeler ????????? ? ?????? ????????? demi couture. ???????????? ?????, ??????? ?????? ???????, ????????? ??????????? ? ????????????? ??????? ? ??????? ?????????? ???????????????? ? ???????? ???????????? ?????.</p>\\\\r\\\\n\\\",\\\"vis\\\":1,\\\"posled\\\":3,\\\"menu\\\":1,\\\"main\\\":1,\\\"_customfields\\\":\\\"[]\\\",\\\"_system\\\":0}\",\"name\":\"?????? LEAVES II\",\"alias\":\"leavs-ipt\",\"text\":\"<p>?????? ? 3? ???????? ?????????? ????????, ???????? ??????, ?????????? ??????.</p>\\r\\n\\r\\n<p>&nbsp;</p>\\r\\n\",\"price\":45000,\"_system_dynamic_price\":45000,\"old_price\":56000,\"percent\":41000,\"images\":\"e356c2b1bf99c73bab143c8f227c2de976752a78.jpg::????? ????;58a2f3b22a0380f0a4a983d41056de3150bb95cf.jpg;f5015affc8b8b37c0e0c9ef720123d4c82b9b146.jpg;ac0478cc3d97f6c92a3422fedab0662e04089613.jpg;625ec4356318a7678b037cefa8c80f714861cc2e.jpg;c604c4cee06df059279e7618b39f4f421a040a74.jpg;e5de8139f17c0ce6b40d8bbb7f11e61e4cafc1ee.jpg;ea2955c5f4794bd18dba7cb5fdc00692647fbd9c.jpg;ab925b09991f96a658d4a3cd3b92eff4739247c5.jpg;\",\"weight\":0,\"box_type\":1,\"box_weight\":0,\"vis\":1,\"posled\":1,\"special\":1,\"new\":1,\"best\":1,\"day_item\":1,\"rating\":\"4\",\"date\":\"2017-12-08 17:36:18\",\"meta_data\":\"{\\\"h1--lc--s:?\\\":\\\"leaves ii ??????\\\"}\",\"_customfields\":\"[]\",\"_system\":0}','','?????????','S'),(32,25,950,'?????? DESERT',260000.00,1,'{\"id\":950,\"parent\":0,\"brand_id\":9,\"status_id\":1,\"currency_id\":1,\"categoryData\":\"{\\\"id\\\":20,\\\"name\\\":\\\"?????????\\\",\\\"anchor\\\":\\\"\\\",\\\"parent\\\":0,\\\"alias\\\":\\\"svadebnaya\\\",\\\"menuimages\\\":\\\"1Alc_CtqjYpYg3dZZBwArGTgxUu0KlhH.jpg;\\\",\\\"images\\\":\\\"MK3bXiPhysaoHa7L7gUDXhfNqV47keSk.jpg;\\\",\\\"small\\\":\\\"?????????, ? ? ???? ????? ????????? ?????? ????????? ??????? MANIA modeler ?????????????? ????? ?????? ????????????? ???????? ???????. ????? ?????????????? ?????? ??? ?????? ??????? ???.\\\\r\\\\n\\\",\\\"text\\\":\\\"<p>&nbsp;</p>\\\\r\\\\n\\\\r\\\\n<p><meta charset=\\\\\\\"utf-8\\\\\\\" /></p>\\\\r\\\\n\\\\r\\\\n<p dir=\\\\\\\"ltr\\\\\\\"><b id=\\\\\\\"docs-internal-guid-f455abac-52b9-faab-e723-c82f7720279b\\\\\\\">?????????, ? ? ???? ????? ????????? ?????? ????????? ??????? MANIA modeler ?????????????? ????? ?????? ????????????? ???????? ???????. ????? ?????????????? ?????? ??? ?????? ??????? ???.</b></p>\\\\r\\\\n\\\",\\\"vis\\\":1,\\\"posled\\\":2,\\\"menu\\\":1,\\\"main\\\":1,\\\"_customfields\\\":\\\"[]\\\",\\\"_system\\\":0}\",\"name\":\"?????? DESERT\",\"alias\":\"plat-edsr\",\"text\":\"\",\"price\":260000,\"_system_dynamic_price\":260000,\"old_price\":0,\"percent\":0,\"images\":\"c3ad6060156a17f659ea20883acc7d68ab5b8ef9.jpg;cd810e22405a648334ef33ceaf13c42947a6325c.jpg;04f6ca2cf4476318b048aaf2642951da8ec74802.jpg;44786b8efacd5004c9bde87ca3e5ca7976583045.jpg;31c09d414d6486a0d5d843ea917259e7fdaec58e.jpg;900ad7473bb02bcc27eaa0dd87f8360231d4d46a.jpg;b291ee474bdc8b452c180a1cdd3497ef73209a31.jpg;fc86b0a7782afb58fd58245a9b110f3faef9c04b.jpg;376f92b93fa93617a990794626d684a1d72f2f81.jpg;\",\"weight\":0,\"box_type\":2,\"box_weight\":0,\"vis\":1,\"posled\":999,\"special\":0,\"new\":0,\"best\":0,\"day_item\":0,\"rating\":\"5\",\"date\":\"2018-03-27 14:04:35\",\"meta_data\":\"{\\\"h1--lc--s:?\\\":\\\"?????? desert\\\"}\",\"_customfields\":\"[]\",\"_system\":0}','','?????????','M'),(33,25,913,'?????? LEAVES II',45000.00,1,'{\"id\":913,\"parent\":0,\"brand_id\":9,\"status_id\":1,\"currency_id\":1,\"categoryData\":\"{\\\"id\\\":22,\\\"name\\\":\\\"????????\\\",\\\"anchor\\\":\\\"\\\",\\\"parent\\\":0,\\\"alias\\\":\\\"vechernyaya\\\",\\\"menuimages\\\":\\\"5gfGIwLo3UcsghhiscRxuy-Ip3CMDrHx.jpg;\\\",\\\"images\\\":\\\"nNeglfuestA9aF3tb9ZcZrIiaUVtBeTD.jpg;\\\",\\\"small\\\":\\\"???????? ? ?????????? ?????? MANIA modeler ????????? ? ?????? ????????? demi couture. ???????????? ?????, ??????? ?????? ???????, ????????? ??????????? ? ????????????? ??????? ? ??????? ?????????? ???????????????? ? ???????? ???????????? ?????.\\\",\\\"text\\\":\\\"<p>???????? ? ?????????? ?????? MANIA modeler ????????? ? ?????? ????????? demi couture. ???????????? ?????, ??????? ?????? ???????, ????????? ??????????? ? ????????????? ??????? ? ??????? ?????????? ???????????????? ? ???????? ???????????? ?????.</p>\\\\r\\\\n\\\",\\\"vis\\\":1,\\\"posled\\\":3,\\\"menu\\\":1,\\\"main\\\":1,\\\"_customfields\\\":\\\"[]\\\",\\\"_system\\\":0}\",\"name\":\"?????? LEAVES II\",\"alias\":\"leavs-ipt\",\"text\":\"<p>?????? ? 3? ???????? ?????????? ????????, ???????? ??????, ?????????? ??????.</p>\\r\\n\\r\\n<p>&nbsp;</p>\\r\\n\",\"price\":45000,\"_system_dynamic_price\":45000,\"old_price\":56000,\"percent\":41000,\"images\":\"e356c2b1bf99c73bab143c8f227c2de976752a78.jpg::????? ????;58a2f3b22a0380f0a4a983d41056de3150bb95cf.jpg;f5015affc8b8b37c0e0c9ef720123d4c82b9b146.jpg;ac0478cc3d97f6c92a3422fedab0662e04089613.jpg;625ec4356318a7678b037cefa8c80f714861cc2e.jpg;c604c4cee06df059279e7618b39f4f421a040a74.jpg;e5de8139f17c0ce6b40d8bbb7f11e61e4cafc1ee.jpg;ea2955c5f4794bd18dba7cb5fdc00692647fbd9c.jpg;ab925b09991f96a658d4a3cd3b92eff4739247c5.jpg;\",\"weight\":0,\"box_type\":1,\"box_weight\":0,\"vis\":1,\"posled\":1,\"special\":1,\"new\":1,\"best\":1,\"day_item\":1,\"rating\":\"4\",\"date\":\"2017-12-08 17:36:18\",\"meta_data\":\"{\\\"h1--lc--s:?\\\":\\\"leaves ii ??????\\\"}\",\"_customfields\":\"[]\",\"_system\":0}','','?????????','S'),(34,26,950,'?????? DESERT',260000.00,1,'{\"id\":950,\"parent\":0,\"brand_id\":9,\"status_id\":1,\"currency_id\":1,\"categoryData\":\"{\\\"id\\\":20,\\\"name\\\":\\\"?????????\\\",\\\"anchor\\\":\\\"\\\",\\\"parent\\\":0,\\\"alias\\\":\\\"svadebnaya\\\",\\\"menuimages\\\":\\\"1Alc_CtqjYpYg3dZZBwArGTgxUu0KlhH.jpg;\\\",\\\"images\\\":\\\"MK3bXiPhysaoHa7L7gUDXhfNqV47keSk.jpg;\\\",\\\"small\\\":\\\"?????????, ? ? ???? ????? ????????? ?????? ????????? ??????? MANIA modeler ?????????????? ????? ?????? ????????????? ???????? ???????. ????? ?????????????? ?????? ??? ?????? ??????? ???.\\\\r\\\\n\\\",\\\"text\\\":\\\"<p>&nbsp;</p>\\\\r\\\\n\\\\r\\\\n<p><meta charset=\\\\\\\"utf-8\\\\\\\" /></p>\\\\r\\\\n\\\\r\\\\n<p dir=\\\\\\\"ltr\\\\\\\"><b id=\\\\\\\"docs-internal-guid-f455abac-52b9-faab-e723-c82f7720279b\\\\\\\">?????????, ? ? ???? ????? ????????? ?????? ????????? ??????? MANIA modeler ?????????????? ????? ?????? ????????????? ???????? ???????. ????? ?????????????? ?????? ??? ?????? ??????? ???.</b></p>\\\\r\\\\n\\\",\\\"vis\\\":1,\\\"posled\\\":2,\\\"menu\\\":1,\\\"main\\\":1,\\\"_customfields\\\":\\\"[]\\\",\\\"_system\\\":0}\",\"name\":\"?????? DESERT\",\"alias\":\"plat-edsr\",\"text\":\"\",\"price\":260000,\"_system_dynamic_price\":260000,\"old_price\":0,\"percent\":0,\"images\":\"c3ad6060156a17f659ea20883acc7d68ab5b8ef9.jpg;cd810e22405a648334ef33ceaf13c42947a6325c.jpg;04f6ca2cf4476318b048aaf2642951da8ec74802.jpg;44786b8efacd5004c9bde87ca3e5ca7976583045.jpg;31c09d414d6486a0d5d843ea917259e7fdaec58e.jpg;900ad7473bb02bcc27eaa0dd87f8360231d4d46a.jpg;b291ee474bdc8b452c180a1cdd3497ef73209a31.jpg;fc86b0a7782afb58fd58245a9b110f3faef9c04b.jpg;376f92b93fa93617a990794626d684a1d72f2f81.jpg;\",\"weight\":0,\"box_type\":2,\"box_weight\":0,\"vis\":1,\"posled\":999,\"special\":0,\"new\":0,\"best\":0,\"day_item\":0,\"rating\":\"5\",\"date\":\"2018-03-27 14:04:35\",\"meta_data\":\"{\\\"h1--lc--s:?\\\":\\\"?????? desert\\\"}\",\"_customfields\":\"[]\",\"_system\":0}','','?????????','M'),(35,26,913,'?????? LEAVES II',45000.00,1,'{\"id\":913,\"parent\":0,\"brand_id\":9,\"status_id\":1,\"currency_id\":1,\"categoryData\":\"{\\\"id\\\":22,\\\"name\\\":\\\"????????\\\",\\\"anchor\\\":\\\"\\\",\\\"parent\\\":0,\\\"alias\\\":\\\"vechernyaya\\\",\\\"menuimages\\\":\\\"5gfGIwLo3UcsghhiscRxuy-Ip3CMDrHx.jpg;\\\",\\\"images\\\":\\\"nNeglfuestA9aF3tb9ZcZrIiaUVtBeTD.jpg;\\\",\\\"small\\\":\\\"???????? ? ?????????? ?????? MANIA modeler ????????? ? ?????? ????????? demi couture. ???????????? ?????, ??????? ?????? ???????, ????????? ??????????? ? ????????????? ??????? ? ??????? ?????????? ???????????????? ? ???????? ???????????? ?????.\\\",\\\"text\\\":\\\"<p>???????? ? ?????????? ?????? MANIA modeler ????????? ? ?????? ????????? demi couture. ???????????? ?????, ??????? ?????? ???????, ????????? ??????????? ? ????????????? ??????? ? ??????? ?????????? ???????????????? ? ???????? ???????????? ?????.</p>\\\\r\\\\n\\\",\\\"vis\\\":1,\\\"posled\\\":3,\\\"menu\\\":1,\\\"main\\\":1,\\\"_customfields\\\":\\\"[]\\\",\\\"_system\\\":0}\",\"name\":\"?????? LEAVES II\",\"alias\":\"leavs-ipt\",\"text\":\"<p>?????? ? 3? ???????? ?????????? ????????, ???????? ??????, ?????????? ??????.</p>\\r\\n\\r\\n<p>&nbsp;</p>\\r\\n\",\"price\":45000,\"_system_dynamic_price\":45000,\"old_price\":56000,\"percent\":41000,\"images\":\"e356c2b1bf99c73bab143c8f227c2de976752a78.jpg::????? ????;58a2f3b22a0380f0a4a983d41056de3150bb95cf.jpg;f5015affc8b8b37c0e0c9ef720123d4c82b9b146.jpg;ac0478cc3d97f6c92a3422fedab0662e04089613.jpg;625ec4356318a7678b037cefa8c80f714861cc2e.jpg;c604c4cee06df059279e7618b39f4f421a040a74.jpg;e5de8139f17c0ce6b40d8bbb7f11e61e4cafc1ee.jpg;ea2955c5f4794bd18dba7cb5fdc00692647fbd9c.jpg;ab925b09991f96a658d4a3cd3b92eff4739247c5.jpg;\",\"weight\":0,\"box_type\":1,\"box_weight\":0,\"vis\":1,\"posled\":1,\"special\":1,\"new\":1,\"best\":1,\"day_item\":1,\"rating\":\"4\",\"date\":\"2017-12-08 17:36:18\",\"meta_data\":\"{\\\"h1--lc--s:?\\\":\\\"leaves ii ??????\\\"}\",\"_customfields\":\"[]\",\"_system\":0}','','?????????','S'),(36,27,1024,'?????? HONEY',43000.00,1,'{\"id\":1024,\"parent\":0,\"brand_id\":9,\"status_id\":1,\"currency_id\":1,\"categoryData\":\"{\\\"id\\\":20,\\\"name\\\":\\\"?????????\\\",\\\"anchor\\\":\\\"\\\",\\\"parent\\\":0,\\\"alias\\\":\\\"svadebnaya\\\",\\\"menuimages\\\":\\\"1Alc_CtqjYpYg3dZZBwArGTgxUu0KlhH.jpg;\\\",\\\"images\\\":\\\"MK3bXiPhysaoHa7L7gUDXhfNqV47keSk.jpg;\\\",\\\"small\\\":\\\"?????????, ? ? ???? ????? ????????? ?????? ????????? ??????? MANIA modeler ?????????????? ????? ?????? ????????????? ???????? ???????. ????? ?????????????? ?????? ??? ?????? ??????? ???.\\\\r\\\\n\\\",\\\"text\\\":\\\"<p>&nbsp;</p>\\\\r\\\\n\\\\r\\\\n<p><meta charset=\\\\\\\"utf-8\\\\\\\" /></p>\\\\r\\\\n\\\\r\\\\n<p dir=\\\\\\\"ltr\\\\\\\"><b id=\\\\\\\"docs-internal-guid-f455abac-52b9-faab-e723-c82f7720279b\\\\\\\">?????????, ? ? ???? ????? ????????? ?????? ????????? ??????? MANIA modeler ?????????????? ????? ?????? ????????????? ???????? ???????. ????? ?????????????? ?????? ??? ?????? ??????? ???.</b></p>\\\\r\\\\n\\\",\\\"vis\\\":1,\\\"posled\\\":2,\\\"menu\\\":1,\\\"main\\\":1,\\\"_customfields\\\":\\\"[]\\\",\\\"_system\\\":0}\",\"name\":\"?????? HONEY\",\"alias\":\"plate-honey-1024\",\"text\":\"\",\"price\":43000,\"_system_dynamic_price\":43000,\"old_price\":86000,\"percent\":0,\"images\":\"ed8b302c4aefc38e26d01a506edb3b9aa9c77952.jpg;1d1824973a152c1d41b6952236bfb75abc2c8a0e.jpg;462bbc260a52f9ee60f1cb0fff156393c336280f.jpg;2d62fcc4d621ad19465a46212f9f6ed12a2da389.jpg;d0797a9700bbdd6c32fed34eb9f68cd061b275f4.jpg;\",\"weight\":0,\"box_type\":1,\"box_weight\":0,\"vis\":1,\"posled\":999,\"special\":1,\"new\":0,\"best\":0,\"day_item\":0,\"rating\":\"5\",\"date\":\"2018-04-03 15:51:20\",\"meta_data\":\"{\\\"h1--lc--s:?\\\":\\\"?????? honey\\\"}\",\"_customfields\":\"[]\",\"_system\":0}','','???????? ?????','S'),(37,28,995,'?????? MILA',60000.00,1,'{\"id\":995,\"parent\":0,\"brand_id\":16,\"status_id\":1,\"currency_id\":1,\"categoryData\":\"{\\\"id\\\":20,\\\"name\\\":\\\"?????????\\\",\\\"anchor\\\":\\\"\\\",\\\"parent\\\":0,\\\"alias\\\":\\\"svadebnaya\\\",\\\"menuimages\\\":\\\"1Alc_CtqjYpYg3dZZBwArGTgxUu0KlhH.jpg;\\\",\\\"images\\\":\\\"MK3bXiPhysaoHa7L7gUDXhfNqV47keSk.jpg;\\\",\\\"small\\\":\\\"?????????, ? ? ???? ????? ????????? ?????? ????????? ??????? MANIA modeler ?????????????? ????? ?????? ????????????? ???????? ???????. ????? ?????????????? ?????? ??? ?????? ??????? ???.\\\\r\\\\n\\\",\\\"text\\\":\\\"<p>&nbsp;</p>\\\\r\\\\n\\\\r\\\\n<p><meta charset=\\\\\\\"utf-8\\\\\\\" /></p>\\\\r\\\\n\\\\r\\\\n<p dir=\\\\\\\"ltr\\\\\\\"><b id=\\\\\\\"docs-internal-guid-f455abac-52b9-faab-e723-c82f7720279b\\\\\\\">?????????, ? ? ???? ????? ????????? ?????? ????????? ??????? MANIA modeler ?????????????? ????? ?????? ????????????? ???????? ???????. ????? ?????????????? ?????? ??? ?????? ??????? ???.</b></p>\\\\r\\\\n\\\",\\\"vis\\\":1,\\\"posled\\\":2,\\\"menu\\\":1,\\\"main\\\":1,\\\"_customfields\\\":\\\"[]\\\",\\\"_system\\\":0}\",\"name\":\"?????? MILA\",\"alias\":\"plate-mila-995\",\"text\":\"\",\"price\":60000,\"_system_dynamic_price\":60000,\"old_price\":0,\"percent\":0,\"images\":\"28c365f5c4558212920c9bb691eadf37d3e3526e.jpg;427fcce8ec8525b9d1d0384e2b6216b089c065fa.jpg;85999fe1b6a10194222826a527791601eba43964.jpg;2051345cd08f07b75907e1ce755217b96f1d4a42.jpg;0e9303894703000c091337d5acdf3d20c73e2ce1.jpg;\",\"weight\":0,\"box_type\":1,\"box_weight\":0,\"vis\":1,\"posled\":999,\"special\":0,\"new\":0,\"best\":0,\"day_item\":0,\"rating\":\"5\",\"date\":\"2018-04-02 16:51:51\",\"meta_data\":\"{\\\"h1--lc--s:?\\\":\\\"?????? mila\\\"}\",\"_customfields\":\"[]\",\"_system\":0}','','???????? ?????','S'),(38,29,914,'?????? LOVE',80000.00,1,'{\"id\":914,\"parent\":0,\"brand_id\":9,\"status_id\":1,\"currency_id\":1,\"categoryData\":\"{\\\"id\\\":20,\\\"name\\\":\\\"?????????\\\",\\\"anchor\\\":\\\"\\\",\\\"parent\\\":0,\\\"alias\\\":\\\"svadebnaya\\\",\\\"menuimages\\\":\\\"1Alc_CtqjYpYg3dZZBwArGTgxUu0KlhH.jpg;\\\",\\\"images\\\":\\\"MK3bXiPhysaoHa7L7gUDXhfNqV47keSk.jpg;\\\",\\\"small\\\":\\\"?????????, ? ? ???? ????? ????????? ?????? ????????? ??????? MANIA modeler ?????????????? ????? ?????? ????????????? ???????? ???????. ????? ?????????????? ?????? ??? ?????? ??????? ???.\\\\r\\\\n\\\",\\\"text\\\":\\\"<p>&nbsp;</p>\\\\r\\\\n\\\\r\\\\n<p><meta charset=\\\\\\\"utf-8\\\\\\\" /></p>\\\\r\\\\n\\\\r\\\\n<p dir=\\\\\\\"ltr\\\\\\\"><b id=\\\\\\\"docs-internal-guid-f455abac-52b9-faab-e723-c82f7720279b\\\\\\\">?????????, ? ? ???? ????? ????????? ?????? ????????? ??????? MANIA modeler ?????????????? ????? ?????? ????????????? ???????? ???????. ????? ?????????????? ?????? ??? ?????? ??????? ???.</b></p>\\\\r\\\\n\\\",\\\"vis\\\":1,\\\"posled\\\":2,\\\"menu\\\":1,\\\"main\\\":1,\\\"_customfields\\\":\\\"[]\\\",\\\"_system\\\":0}\",\"name\":\"?????? LOVE\",\"alias\":\"belo-pat\",\"text\":\"<p>????????? ?????? &quot;?????&quot; ? ?????? ?????? - ?????? ??????? ?? ????? ????. ?????? ????? ???????? ?? ??????? ???????.</p>\\r\\n\",\"price\":80000,\"_system_dynamic_price\":80000,\"old_price\":92000,\"percent\":15,\"images\":\"b84833221f0227e529c7c327ade0d48a44bd3f57.jpg;fc96c0c985e0fa99782ead428db2d849ecf94087.jpg;905caf55842a45715e54b66a8bbb71412a602c85.jpg;31c6b9637a5c22f5d8bc8e355805b9c57b0ffd1a.jpg;\",\"weight\":0,\"box_type\":1,\"box_weight\":0,\"vis\":1,\"posled\":1,\"special\":1,\"new\":1,\"best\":1,\"day_item\":1,\"rating\":\"4\",\"date\":\"2017-12-12 18:26:39\",\"meta_data\":\"{\\\"h1--lc--s:?\\\":\\\"????? ?????? \\\"}\",\"_customfields\":\"[]\",\"_system\":0}','','??????-?????','M'),(39,30,950,'?????? DESERT',260000.00,1,'{\"id\":950,\"parent\":0,\"brand_id\":9,\"status_id\":1,\"currency_id\":1,\"categoryData\":\"{\\\"id\\\":20,\\\"name\\\":\\\"?????????\\\",\\\"anchor\\\":\\\"\\\",\\\"parent\\\":0,\\\"alias\\\":\\\"svadebnaya\\\",\\\"menuimages\\\":\\\"1Alc_CtqjYpYg3dZZBwArGTgxUu0KlhH.jpg;\\\",\\\"images\\\":\\\"MK3bXiPhysaoHa7L7gUDXhfNqV47keSk.jpg;\\\",\\\"small\\\":\\\"?????????, ? ? ???? ????? ????????? ?????? ????????? ??????? MANIA modeler ?????????????? ????? ?????? ????????????? ???????? ???????. ????? ?????????????? ?????? ??? ?????? ??????? ???.\\\\r\\\\n\\\",\\\"text\\\":\\\"<p>&nbsp;</p>\\\\r\\\\n\\\\r\\\\n<p><meta charset=\\\\\\\"utf-8\\\\\\\" /></p>\\\\r\\\\n\\\\r\\\\n<p dir=\\\\\\\"ltr\\\\\\\"><b id=\\\\\\\"docs-internal-guid-f455abac-52b9-faab-e723-c82f7720279b\\\\\\\">?????????, ? ? ???? ????? ????????? ?????? ????????? ??????? MANIA modeler ?????????????? ????? ?????? ????????????? ???????? ???????. ????? ?????????????? ?????? ??? ?????? ??????? ???.</b></p>\\\\r\\\\n\\\",\\\"vis\\\":1,\\\"posled\\\":2,\\\"menu\\\":1,\\\"main\\\":1,\\\"_customfields\\\":\\\"[]\\\",\\\"_system\\\":0}\",\"name\":\"?????? DESERT\",\"alias\":\"plat-edsr\",\"text\":\"\",\"price\":260000,\"_system_dynamic_price\":260000,\"old_price\":0,\"percent\":0,\"images\":\"c3ad6060156a17f659ea20883acc7d68ab5b8ef9.jpg;cd810e22405a648334ef33ceaf13c42947a6325c.jpg;04f6ca2cf4476318b048aaf2642951da8ec74802.jpg;44786b8efacd5004c9bde87ca3e5ca7976583045.jpg;31c09d414d6486a0d5d843ea917259e7fdaec58e.jpg;900ad7473bb02bcc27eaa0dd87f8360231d4d46a.jpg;b291ee474bdc8b452c180a1cdd3497ef73209a31.jpg;fc86b0a7782afb58fd58245a9b110f3faef9c04b.jpg;376f92b93fa93617a990794626d684a1d72f2f81.jpg;\",\"weight\":0,\"box_type\":2,\"box_weight\":0,\"vis\":1,\"posled\":999,\"special\":0,\"new\":0,\"best\":0,\"day_item\":0,\"rating\":\"5\",\"date\":\"2018-03-27 14:04:35\",\"meta_data\":\"{\\\"h1--lc--s:?\\\":\\\"?????? desert\\\"}\",\"_customfields\":\"[]\",\"_system\":0}','','?????????','M'),(40,31,913,'?????? LEAVES II',45000.00,1,'{\"id\":913,\"parent\":0,\"brand_id\":9,\"status_id\":1,\"currency_id\":1,\"categoryData\":\"{\\\"id\\\":22,\\\"name\\\":\\\"????????\\\",\\\"anchor\\\":\\\"\\\",\\\"parent\\\":0,\\\"alias\\\":\\\"vechernyaya\\\",\\\"menuimages\\\":\\\"5gfGIwLo3UcsghhiscRxuy-Ip3CMDrHx.jpg;\\\",\\\"images\\\":\\\"nNeglfuestA9aF3tb9ZcZrIiaUVtBeTD.jpg;\\\",\\\"small\\\":\\\"???????? ? ?????????? ?????? MANIA modeler ????????? ? ?????? ????????? demi couture. ???????????? ?????, ??????? ?????? ???????, ????????? ??????????? ? ????????????? ??????? ? ??????? ?????????? ???????????????? ? ???????? ???????????? ?????.\\\",\\\"text\\\":\\\"<p>???????? ? ?????????? ?????? MANIA modeler ????????? ? ?????? ????????? demi couture. ???????????? ?????, ??????? ?????? ???????, ????????? ??????????? ? ????????????? ??????? ? ??????? ?????????? ???????????????? ? ???????? ???????????? ?????.</p>\\\\r\\\\n\\\",\\\"vis\\\":1,\\\"posled\\\":3,\\\"menu\\\":1,\\\"main\\\":1,\\\"_customfields\\\":\\\"[]\\\",\\\"_system\\\":0}\",\"name\":\"?????? LEAVES II\",\"alias\":\"leavs-ipt\",\"text\":\"<p>?????? ? 3? ???????? ?????????? ????????, ???????? ??????, ?????????? ??????.</p>\\r\\n\\r\\n<p>&nbsp;</p>\\r\\n\",\"price\":45000,\"_system_dynamic_price\":45000,\"old_price\":56000,\"percent\":41000,\"images\":\"e356c2b1bf99c73bab143c8f227c2de976752a78.jpg::????? ????;58a2f3b22a0380f0a4a983d41056de3150bb95cf.jpg;f5015affc8b8b37c0e0c9ef720123d4c82b9b146.jpg;ac0478cc3d97f6c92a3422fedab0662e04089613.jpg;625ec4356318a7678b037cefa8c80f714861cc2e.jpg;c604c4cee06df059279e7618b39f4f421a040a74.jpg;e5de8139f17c0ce6b40d8bbb7f11e61e4cafc1ee.jpg;ea2955c5f4794bd18dba7cb5fdc00692647fbd9c.jpg;ab925b09991f96a658d4a3cd3b92eff4739247c5.jpg;\",\"weight\":0,\"box_type\":1,\"box_weight\":0,\"vis\":1,\"posled\":1,\"special\":1,\"new\":1,\"best\":1,\"day_item\":1,\"rating\":\"4\",\"date\":\"2017-12-08 17:36:18\",\"meta_data\":\"{\\\"h1--lc--s:?\\\":\\\"leaves ii ??????\\\"}\",\"_customfields\":\"[]\",\"_system\":0}','','?????????','S'),(41,32,993,'?????? ???? ?? ?????? PRINCESSE DE MONACO',22000.00,1,'{\"id\":993,\"parent\":0,\"brand_id\":8,\"status_id\":1,\"currency_id\":1,\"categoryData\":\"{\\\"id\\\":20,\\\"name\\\":\\\"?????????\\\",\\\"anchor\\\":\\\"\\\",\\\"parent\\\":0,\\\"alias\\\":\\\"svadebnaya\\\",\\\"menuimages\\\":\\\"1Alc_CtqjYpYg3dZZBwArGTgxUu0KlhH.jpg;\\\",\\\"images\\\":\\\"MK3bXiPhysaoHa7L7gUDXhfNqV47keSk.jpg;\\\",\\\"small\\\":\\\"?????????, ? ? ???? ????? ????????? ?????? ????????? ??????? MANIA modeler ?????????????? ????? ?????? ????????????? ???????? ???????. ????? ?????????????? ?????? ??? ?????? ??????? ???.\\\\r\\\\n\\\",\\\"text\\\":\\\"<p>&nbsp;</p>\\\\r\\\\n\\\\r\\\\n<p><meta charset=\\\\\\\"utf-8\\\\\\\" /></p>\\\\r\\\\n\\\\r\\\\n<p dir=\\\\\\\"ltr\\\\\\\"><b id=\\\\\\\"docs-internal-guid-f455abac-52b9-faab-e723-c82f7720279b\\\\\\\">?????????, ? ? ???? ????? ????????? ?????? ????????? ??????? MANIA modeler ?????????????? ????? ?????? ????????????? ???????? ???????. ????? ?????????????? ?????? ??? ?????? ??????? ???.</b></p>\\\\r\\\\n\\\",\\\"vis\\\":1,\\\"posled\\\":2,\\\"menu\\\":1,\\\"main\\\":1,\\\"_customfields\\\":\\\"[]\\\",\\\"_system\\\":0}\",\"name\":\"?????? ???? ?? ?????? PRINCESSE DE MONACO\",\"alias\":\"pyshnaya-yubka-iz-fatina-princesse-de-monaco-993\",\"text\":\"\",\"price\":22000,\"_system_dynamic_price\":22000,\"old_price\":0,\"percent\":0,\"images\":\"595814eba0cfe16acbca64230bd866f097b69a78.jpg;2fd6aca04da86abc44936de967c745ec3b30bc03.jpg;971572e4dbfce6a28743e0f1f28311c7f87aa356.jpg;\",\"weight\":0,\"box_type\":1,\"box_weight\":0,\"vis\":1,\"posled\":999,\"special\":0,\"new\":0,\"best\":0,\"day_item\":0,\"rating\":\"5\",\"date\":\"2018-03-27 19:12:02\",\"meta_data\":\"{\\\"h1--lc--s:?\\\":\\\"?????? ???? ?? ?????? princesse de monaco\\\"}\",\"_customfields\":\"[]\",\"_system\":0}','','???????? ?????','S'),(42,33,914,'?????? LOVE',80000.00,1,'{\"id\":914,\"parent\":0,\"brand_id\":9,\"status_id\":1,\"currency_id\":1,\"categoryData\":\"{\\\"id\\\":20,\\\"name\\\":\\\"?????????\\\",\\\"anchor\\\":\\\"\\\",\\\"parent\\\":0,\\\"alias\\\":\\\"svadebnaya\\\",\\\"menuimages\\\":\\\"1Alc_CtqjYpYg3dZZBwArGTgxUu0KlhH.jpg;\\\",\\\"images\\\":\\\"MK3bXiPhysaoHa7L7gUDXhfNqV47keSk.jpg;\\\",\\\"small\\\":\\\"?????????, ? ? ???? ????? ????????? ?????? ????????? ??????? MANIA modeler ?????????????? ????? ?????? ????????????? ???????? ???????. ????? ?????????????? ?????? ??? ?????? ??????? ???.\\\\r\\\\n\\\",\\\"text\\\":\\\"<p>&nbsp;</p>\\\\r\\\\n\\\\r\\\\n<p><meta charset=\\\\\\\"utf-8\\\\\\\" /></p>\\\\r\\\\n\\\\r\\\\n<p dir=\\\\\\\"ltr\\\\\\\"><b id=\\\\\\\"docs-internal-guid-f455abac-52b9-faab-e723-c82f7720279b\\\\\\\">?????????, ? ? ???? ????? ????????? ?????? ????????? ??????? MANIA modeler ?????????????? ????? ?????? ????????????? ???????? ???????. ????? ?????????????? ?????? ??? ?????? ??????? ???.</b></p>\\\\r\\\\n\\\",\\\"vis\\\":1,\\\"posled\\\":2,\\\"menu\\\":1,\\\"main\\\":1,\\\"_customfields\\\":\\\"[]\\\",\\\"_system\\\":0}\",\"name\":\"?????? LOVE\",\"alias\":\"belo-pat\",\"text\":\"<p>????????? ?????? &quot;?????&quot; ? ?????? ?????? - ?????? ??????? ?? ????? ????. ?????? ????? ???????? ?? ??????? ???????.</p>\\r\\n\",\"price\":80000,\"_system_dynamic_price\":80000,\"old_price\":92000,\"percent\":15,\"images\":\"b84833221f0227e529c7c327ade0d48a44bd3f57.jpg;fc96c0c985e0fa99782ead428db2d849ecf94087.jpg;905caf55842a45715e54b66a8bbb71412a602c85.jpg;31c6b9637a5c22f5d8bc8e355805b9c57b0ffd1a.jpg;\",\"weight\":0,\"box_type\":1,\"box_weight\":0,\"vis\":1,\"posled\":1,\"special\":1,\"new\":1,\"best\":1,\"day_item\":1,\"rating\":\"4\",\"date\":\"2017-12-12 18:26:39\",\"meta_data\":\"{\\\"h1--lc--s:?\\\":\\\"????? ?????? \\\"}\",\"_customfields\":\"[]\",\"_system\":0}','','??????-?????','M'),(43,34,931,'?????? HONEY',35000.00,1,'{\"id\":931,\"parent\":0,\"brand_id\":12,\"status_id\":1,\"currency_id\":1,\"categoryData\":\"{\\\"id\\\":22,\\\"name\\\":\\\"????????\\\",\\\"anchor\\\":\\\"\\\",\\\"parent\\\":0,\\\"alias\\\":\\\"vechernyaya\\\",\\\"menuimages\\\":\\\"woIsFZ825-D6OsbgTZiTuD6WyqctYlhp.jpg;\\\",\\\"images\\\":\\\"EgJ9ADTc4WK3vElFrqwRWZyZGst6NZJR.jpg;\\\",\\\"small\\\":\\\"???????? ? ?????????? ?????? MANIA modeler ????????? ? ?????? ????????? demi couture. ???????????? ?????, ??????? ?????? ???????, ????????? ??????????? ? ????????????? ??????? ? ??????? ?????????? ???????????????? ? ???????? ???????????? ?????.\\\",\\\"text\\\":\\\"<p>???????? ? ?????????? ?????? MANIA modeler ????????? ? ?????? ????????? demi couture. ???????????? ?????, ??????? ?????? ???????, ????????? ??????????? ? ????????????? ??????? ? ??????? ?????????? ???????????????? ? ???????? ???????????? ?????.</p>\\\\r\\\\n\\\",\\\"vis\\\":1,\\\"posled\\\":3,\\\"menu\\\":1,\\\"main\\\":1,\\\"_customfields\\\":\\\"[]\\\",\\\"_system\\\":0}\",\"name\":\"?????? HONEY\",\"alias\":\"honey\",\"text\":\"\",\"price\":35000,\"_system_dynamic_price\":35000,\"old_price\":55500,\"percent\":0,\"images\":\"e2f892f9fe814a37304e280a76a70587a9529b08.jpg;912e776151865aabb8796c8abcc57bde229c01de.jpg;8f1c1bd71a53f20c0b58602d7d3f7587bbdfa5fa.jpg;85b273be1225edaa0ac7d837fb9015aafdd5a7e8.jpg;41d4c0f51c57c1088d117aea4d029ba099285078.jpg;187a712be7caad00b1e3390f5f6d813cdf49c990.jpg;4630eabbe9ee409b518e72d07e6550c5208cd8a4.jpg;\",\"weight\":0,\"box_type\":1,\"box_weight\":0,\"vis\":1,\"posled\":999,\"special\":1,\"new\":0,\"best\":0,\"day_item\":0,\"rating\":\"5\",\"date\":\"2018-03-23 19:11:42\",\"meta_data\":\"{\\\"h1--lc--s:?\\\":\\\"honey\\\"}\",\"_customfields\":\"[]\",\"_system\":0}','','?????????','S'),(44,35,914,'?????? LOVE',80000.00,1,'{\"id\":914,\"parent\":0,\"brand_id\":9,\"status_id\":1,\"currency_id\":1,\"categoryData\":\"{\\\"id\\\":20,\\\"name\\\":\\\"?????????\\\",\\\"anchor\\\":\\\"\\\",\\\"parent\\\":0,\\\"alias\\\":\\\"svadebnaya\\\",\\\"menuimages\\\":\\\"1Alc_CtqjYpYg3dZZBwArGTgxUu0KlhH.jpg;\\\",\\\"images\\\":\\\"MK3bXiPhysaoHa7L7gUDXhfNqV47keSk.jpg;\\\",\\\"small\\\":\\\"?????????, ? ? ???? ????? ????????? ?????? ????????? ??????? MANIA modeler ?????????????? ????? ?????? ????????????? ???????? ???????. ????? ?????????????? ?????? ??? ?????? ??????? ???.\\\\r\\\\n\\\",\\\"text\\\":\\\"<p>&nbsp;</p>\\\\r\\\\n\\\\r\\\\n<p><meta charset=\\\\\\\"utf-8\\\\\\\" /></p>\\\\r\\\\n\\\\r\\\\n<p dir=\\\\\\\"ltr\\\\\\\"><b id=\\\\\\\"docs-internal-guid-f455abac-52b9-faab-e723-c82f7720279b\\\\\\\">?????????, ? ? ???? ????? ????????? ?????? ????????? ??????? MANIA modeler ?????????????? ????? ?????? ????????????? ???????? ???????. ????? ?????????????? ?????? ??? ?????? ??????? ???.</b></p>\\\\r\\\\n\\\",\\\"vis\\\":1,\\\"posled\\\":2,\\\"menu\\\":1,\\\"main\\\":1,\\\"_customfields\\\":\\\"[]\\\",\\\"_system\\\":0}\",\"name\":\"?????? LOVE\",\"alias\":\"belo-pat\",\"text\":\"<p>????????? ?????? &quot;?????&quot; ? ?????? ?????? - ?????? ??????? ?? ????? ????. ?????? ????? ???????? ?? ??????? ???????.</p>\\r\\n\",\"price\":80000,\"_system_dynamic_price\":80000,\"old_price\":92000,\"percent\":15,\"images\":\"b84833221f0227e529c7c327ade0d48a44bd3f57.jpg;fc96c0c985e0fa99782ead428db2d849ecf94087.jpg;905caf55842a45715e54b66a8bbb71412a602c85.jpg;31c6b9637a5c22f5d8bc8e355805b9c57b0ffd1a.jpg;\",\"weight\":0,\"box_type\":1,\"box_weight\":0,\"vis\":1,\"posled\":1,\"special\":1,\"new\":1,\"best\":1,\"day_item\":1,\"rating\":\"4\",\"date\":\"2017-12-12 18:26:39\",\"meta_data\":\"{\\\"h1--lc--s:?\\\":\\\"????? ?????? \\\"}\",\"_customfields\":\"[]\",\"_system\":0}','','??????-?????','M'),(47,38,914,'?????? LOVE',80000.00,1,'{\"id\":914,\"parent\":0,\"brand_id\":9,\"status_id\":1,\"currency_id\":1,\"categoryData\":\"{\\\"id\\\":20,\\\"name\\\":\\\"?????????\\\",\\\"anchor\\\":\\\"\\\",\\\"parent\\\":0,\\\"alias\\\":\\\"svadebnaya\\\",\\\"menuimages\\\":\\\"1Alc_CtqjYpYg3dZZBwArGTgxUu0KlhH.jpg;\\\",\\\"images\\\":\\\"MK3bXiPhysaoHa7L7gUDXhfNqV47keSk.jpg;\\\",\\\"small\\\":\\\"?????????, ? ? ???? ????? ????????? ?????? ????????? ??????? MANIA modeler ?????????????? ????? ?????? ????????????? ???????? ???????. ????? ?????????????? ?????? ??? ?????? ??????? ???.\\\\r\\\\n\\\",\\\"text\\\":\\\"<p>&nbsp;</p>\\\\r\\\\n\\\\r\\\\n<p><meta charset=\\\\\\\"utf-8\\\\\\\" /></p>\\\\r\\\\n\\\\r\\\\n<p dir=\\\\\\\"ltr\\\\\\\"><b id=\\\\\\\"docs-internal-guid-f455abac-52b9-faab-e723-c82f7720279b\\\\\\\">?????????, ? ? ???? ????? ????????? ?????? ????????? ??????? MANIA modeler ?????????????? ????? ?????? ????????????? ???????? ???????. ????? ?????????????? ?????? ??? ?????? ??????? ???.</b></p>\\\\r\\\\n\\\",\\\"vis\\\":1,\\\"posled\\\":2,\\\"menu\\\":1,\\\"main\\\":1,\\\"_customfields\\\":\\\"[]\\\",\\\"_system\\\":0}\",\"name\":\"?????? LOVE\",\"alias\":\"belo-pat\",\"text\":\"<p>????????? ?????? &quot;?????&quot; ? ?????? ?????? - ?????? ??????? ?? ????? ????. ?????? ????? ???????? ?? ??????? ???????.</p>\\r\\n\",\"price\":80000,\"_system_dynamic_price\":80000,\"old_price\":92000,\"percent\":15,\"images\":\"b84833221f0227e529c7c327ade0d48a44bd3f57.jpg;fc96c0c985e0fa99782ead428db2d849ecf94087.jpg;905caf55842a45715e54b66a8bbb71412a602c85.jpg;31c6b9637a5c22f5d8bc8e355805b9c57b0ffd1a.jpg;\",\"weight\":0,\"box_type\":1,\"box_weight\":0,\"vis\":1,\"posled\":1,\"special\":1,\"new\":1,\"best\":1,\"day_item\":1,\"rating\":\"4\",\"date\":\"2017-12-12 18:26:39\",\"meta_data\":\"{\\\"h1--lc--s:?\\\":\\\"????? ?????? \\\"}\",\"_customfields\":\"[]\",\"_system\":0}','','??????-?????','M'),(53,41,1141,'?????? CACAO',6000.00,1,'{\"id\":1141,\"parent\":0,\"brand_id\":12,\"status_id\":1,\"currency_id\":1,\"categoryData\":\"{\\\"id\\\":22,\\\"name\\\":\\\"????????\\\",\\\"anchor\\\":\\\"\\\",\\\"parent\\\":0,\\\"alias\\\":\\\"vechernyaya\\\",\\\"menuimages\\\":\\\"DgsppK2DyKXvKAkavkO-zQG7IxxY-ieB.jpg;\\\",\\\"images\\\":\\\"l8oZkBWATklPiWRzfx_vBexiLzARkIJp.jpg;\\\",\\\"small\\\":\\\"???????? ? ?????????? ?????? MANIA modeler ????????? ? ?????? ????????? demi couture. ???????????? ?????, ??????? ?????? ???????, ????????? ??????????? ? ????????????? ??????? ? ??????? ?????????? ???????????????? ? ???????? ???????????? ?????.\\\",\\\"text\\\":\\\"<p>???????? ? ?????????? ?????? MANIA modeler ????????? ? ?????? ????????? demi couture. ???????????? ?????, ??????? ?????? ???????, ????????? ??????????? ? ????????????? ??????? ? ??????? ?????????? ???????????????? ? ???????? ???????????? ?????.</p>\\\\r\\\\n\\\",\\\"vis\\\":1,\\\"posled\\\":3,\\\"menu\\\":1,\\\"main\\\":1,\\\"_customfields\\\":\\\"[]\\\",\\\"_system\\\":0}\",\"name\":\"?????? CACAO\",\"alias\":\"plate-cacao-1141\",\"text\":\"\",\"price\":6000,\"_system_dynamic_price\":6000,\"old_price\":25000,\"percent\":0,\"images\":\"4a67bda4f6f72d063f3c5962f2abe5186acd3a83.jpg;64eb6b5193dc6626958731ff1ac55151cb850f9d.jpg;\",\"weight\":0,\"box_type\":1,\"box_weight\":0,\"vis\":1,\"posled\":999,\"special\":1,\"new\":0,\"best\":0,\"day_item\":0,\"rating\":\"5\",\"date\":\"2019-04-19 13:15:22\",\"meta_data\":\"{\\\"h1--lc--s:?\\\":\\\"?????? cacao\\\"}\",\"_customfields\":\"[]\",\"_system\":0}','','????','S'),(55,41,926,'???? MINT',8000.00,1,'{\"id\":926,\"parent\":0,\"brand_id\":12,\"status_id\":1,\"currency_id\":1,\"categoryData\":\"{\\\"id\\\":22,\\\"name\\\":\\\"????????\\\",\\\"anchor\\\":\\\"\\\",\\\"parent\\\":0,\\\"alias\\\":\\\"vechernyaya\\\",\\\"menuimages\\\":\\\"DgsppK2DyKXvKAkavkO-zQG7IxxY-ieB.jpg;\\\",\\\"images\\\":\\\"l8oZkBWATklPiWRzfx_vBexiLzARkIJp.jpg;\\\",\\\"small\\\":\\\"???????? ? ?????????? ?????? MANIA modeler ????????? ? ?????? ????????? demi couture. ???????????? ?????, ??????? ?????? ???????, ????????? ??????????? ? ????????????? ??????? ? ??????? ?????????? ???????????????? ? ???????? ???????????? ?????.\\\",\\\"text\\\":\\\"<p>???????? ? ?????????? ?????? MANIA modeler ????????? ? ?????? ????????? demi couture. ???????????? ?????, ??????? ?????? ???????, ????????? ??????????? ? ????????????? ??????? ? ??????? ?????????? ???????????????? ? ???????? ???????????? ?????.</p>\\\\r\\\\n\\\",\\\"vis\\\":1,\\\"posled\\\":3,\\\"menu\\\":1,\\\"main\\\":1,\\\"_customfields\\\":\\\"[]\\\",\\\"_system\\\":0}\",\"name\":\"???? MINT\",\"alias\":\"mint\",\"text\":\"\",\"price\":8000,\"_system_dynamic_price\":8000,\"old_price\":44000,\"percent\":0,\"images\":\"87e7fec83f897f54ef812c92a9a9527b2de03410.jpg;b7f7a5752f8fa84b5f1c0a1d3e5dc7f5e9aeded0.jpg;e5f73481a81e9cbc29acf9df1924ea6e88048f84.jpg;66aca2283b862689dcdac1ecaf2cc59bbef80286.jpg;b1b3989fd19eac989392b37b5f7fb057c51aeccc.jpg;6365870418d894de0954dbb464a7972e9220558c.jpg;004add250ff9b186f5643b70e529f043497edf1f.jpg;\",\"weight\":0,\"box_type\":1,\"box_weight\":0,\"vis\":1,\"posled\":999,\"special\":1,\"new\":0,\"best\":0,\"day_item\":0,\"rating\":\"5\",\"date\":\"2018-03-23 18:46:41\",\"meta_data\":\"{\\\"h1--lc--s:?\\\":\\\"???? mint\\\"}\",\"_customfields\":\"[]\",\"_system\":0}','','???????','S'),(59,43,1126,'?????? ?? ????????',15500.00,1,'{\"id\":1126,\"parent\":0,\"brand_id\":18,\"status_id\":1,\"currency_id\":1,\"categoryData\":\"{\\\"id\\\":24,\\\"name\\\":\\\"????????????\\\",\\\"anchor\\\":\\\"\\\",\\\"parent\\\":0,\\\"alias\\\":\\\"povsednevnaya\\\",\\\"menuimages\\\":\\\"Q9HkR4SYW6qYzdz9R8mN1kHKCsopVDEj.jpg;\\\",\\\"images\\\":\\\"zks4pf0hBl71OP-kvjlkXlwvTlXLlbas.jpg;\\\",\\\"small\\\":\\\"????????? ? ???????? ?????? ?? ?????? ????, ??? ?????? ? ???????? ??? ?????, ?? ?????? ????? ???????? ? ???????? ?????? ? ????????? ????????, ?????????? ? ????????? - ??? ??????? ??????????? ??????? ?????? ?????  ??????.\\\\r\\\\n\\\",\\\"text\\\":\\\"<p>&nbsp;</p>\\\\r\\\\n\\\\r\\\\n<p><meta charset=\\\\\\\"utf-8\\\\\\\" /></p>\\\\r\\\\n\\\\r\\\\n<p dir=\\\\\\\"ltr\\\\\\\"><b id=\\\\\\\"docs-internal-guid-00a6e279-4ddf-e0fc-ba67-33c601203983\\\\\\\">????????? ? ???????? ?????? ?? ?????? ????, ??? ?????? ? ???????? ??? ?????, ?? ?????? ????? ???????? ? ???????? ?????? ? ????????? ????????, ?????????? ? ????????? - ??? ??????? ??????????? ??????? ?????? ????? &nbsp;??????.</b></p>\\\\r\\\\n\\\",\\\"vis\\\":1,\\\"posled\\\":4,\\\"menu\\\":1,\\\"main\\\":1,\\\"_customfields\\\":\\\"[]\\\",\\\"_system\\\":0}\",\"name\":\"?????? ?? ????????\",\"alias\":\"plate-so-sborkami-1126\",\"text\":\"\",\"price\":15500,\"_system_dynamic_price\":15500,\"old_price\":0,\"percent\":0,\"images\":\"4c31f7609381bb6d736569d25cb089e5bc9dd621.jpg;29a1439e412be688d11c99eec145fb15eb88c350.jpg;\",\"weight\":0,\"box_type\":1,\"box_weight\":0,\"vis\":1,\"posled\":999,\"special\":0,\"new\":0,\"best\":0,\"day_item\":0,\"rating\":\"5\",\"date\":\"2018-11-14 15:35:12\",\"meta_data\":\"{\\\"h1--lc--s:?\\\":\\\"?????? ?? ????????\\\"}\",\"_customfields\":\"[]\",\"_system\":0}','','??????????','M'),(63,47,1095,'?????? SILK PETALS',37000.00,1,'{\"id\":1095,\"parent\":0,\"brand_id\":17,\"status_id\":1,\"currency_id\":1,\"categoryData\":\"{\\\"id\\\":22,\\\"name\\\":\\\"????????\\\",\\\"anchor\\\":\\\"\\\",\\\"parent\\\":0,\\\"alias\\\":\\\"vechernyaya\\\",\\\"menuimages\\\":\\\"DgsppK2DyKXvKAkavkO-zQG7IxxY-ieB.jpg;\\\",\\\"images\\\":\\\"l8oZkBWATklPiWRzfx_vBexiLzARkIJp.jpg;\\\",\\\"small\\\":\\\"???????? ? ?????????? ?????? MANIA modeler ????????? ? ?????? ????????? demi couture. ???????????? ?????, ??????? ?????? ???????, ????????? ??????????? ? ????????????? ??????? ? ??????? ?????????? ???????????????? ? ???????? ???????????? ?????.\\\",\\\"text\\\":\\\"<p>???????? ? ?????????? ?????? MANIA modeler ????????? ? ?????? ????????? demi couture. ???????????? ?????, ??????? ?????? ???????, ????????? ??????????? ? ????????????? ??????? ? ??????? ?????????? ???????????????? ? ???????? ???????????? ?????.</p>\\\\r\\\\n\\\",\\\"vis\\\":1,\\\"posled\\\":3,\\\"menu\\\":1,\\\"main\\\":1,\\\"_customfields\\\":\\\"[]\\\",\\\"_system\\\":0}\",\"name\":\"?????? SILK PETALS\",\"alias\":\"plate-silk-petals-1095\",\"text\":\"\",\"price\":37000,\"_system_dynamic_price\":37000,\"old_price\":68000,\"percent\":0,\"images\":\"bebb2a8b4a90f630370acd56599c80dc413345cb.jpg;3621f966a055682a0759e4990f557a778dd202ed.jpg;2ab082c41c2c9479c640d05d52dd55d6c734da07.jpg;f8ab271f0ccb690d15c1fcce5ce4844b282fd6a8.jpg;04a5d87652171b293bcccea0e14fd83a2739b824.jpg;67ec206dfdd0fa0f62c19f9b6d7a9ab246fbca3c.jpg;e266d4b8b108b85ca8db5fc1131392a8e32e28a8.jpg;\",\"weight\":0,\"box_type\":1,\"box_weight\":0,\"vis\":1,\"posled\":999,\"special\":1,\"new\":0,\"best\":0,\"day_item\":0,\"rating\":\"5\",\"date\":\"2018-06-10 14:38:23\",\"meta_data\":\"{\\\"h1--lc--s:?\\\":\\\"?????? silk petals\\\"}\",\"_customfields\":\"[]\",\"_system\":0}','','???????','M'),(64,48,1095,'?????? SILK PETALS',37000.00,1,'{\"id\":1095,\"parent\":0,\"brand_id\":17,\"status_id\":1,\"currency_id\":1,\"categoryData\":\"{\\\"id\\\":22,\\\"name\\\":\\\"????????\\\",\\\"anchor\\\":\\\"\\\",\\\"parent\\\":0,\\\"alias\\\":\\\"vechernyaya\\\",\\\"menuimages\\\":\\\"DgsppK2DyKXvKAkavkO-zQG7IxxY-ieB.jpg;\\\",\\\"images\\\":\\\"l8oZkBWATklPiWRzfx_vBexiLzARkIJp.jpg;\\\",\\\"small\\\":\\\"???????? ? ?????????? ?????? MANIA modeler ????????? ? ?????? ????????? demi couture. ???????????? ?????, ??????? ?????? ???????, ????????? ??????????? ? ????????????? ??????? ? ??????? ?????????? ???????????????? ? ???????? ???????????? ?????.\\\",\\\"text\\\":\\\"<p>???????? ? ?????????? ?????? MANIA modeler ????????? ? ?????? ????????? demi couture. ???????????? ?????, ??????? ?????? ???????, ????????? ??????????? ? ????????????? ??????? ? ??????? ?????????? ???????????????? ? ???????? ???????????? ?????.</p>\\\\r\\\\n\\\",\\\"vis\\\":1,\\\"posled\\\":3,\\\"menu\\\":1,\\\"main\\\":1,\\\"_customfields\\\":\\\"[]\\\",\\\"_system\\\":0}\",\"name\":\"?????? SILK PETALS\",\"alias\":\"plate-silk-petals-1095\",\"text\":\"\",\"price\":37000,\"_system_dynamic_price\":37000,\"old_price\":68000,\"percent\":0,\"images\":\"bebb2a8b4a90f630370acd56599c80dc413345cb.jpg;3621f966a055682a0759e4990f557a778dd202ed.jpg;2ab082c41c2c9479c640d05d52dd55d6c734da07.jpg;f8ab271f0ccb690d15c1fcce5ce4844b282fd6a8.jpg;04a5d87652171b293bcccea0e14fd83a2739b824.jpg;67ec206dfdd0fa0f62c19f9b6d7a9ab246fbca3c.jpg;e266d4b8b108b85ca8db5fc1131392a8e32e28a8.jpg;\",\"weight\":0,\"box_type\":1,\"box_weight\":0,\"vis\":1,\"posled\":999,\"special\":1,\"new\":0,\"best\":0,\"day_item\":0,\"rating\":\"5\",\"date\":\"2018-06-10 14:38:23\",\"meta_data\":\"{\\\"h1--lc--s:?\\\":\\\"?????? silk petals\\\"}\",\"_customfields\":\"[]\",\"_system\":0}','','???????','M'),(65,49,1097,'?????? NEW PEONY',59000.00,1,'{\"id\":1097,\"parent\":0,\"brand_id\":17,\"status_id\":1,\"currency_id\":1,\"categoryData\":\"{\\\"id\\\":20,\\\"name\\\":\\\"?????????\\\",\\\"anchor\\\":\\\"\\\",\\\"parent\\\":0,\\\"alias\\\":\\\"svadebnaya\\\",\\\"menuimages\\\":\\\"8QShRzzv2MLixNXkwMIe7AswL9KiiJtc.jpg;\\\",\\\"images\\\":\\\"Zh-HUjaOsQYqMnBZ1vFNEb71n3Yy_3AO.jpg;\\\",\\\"small\\\":\\\"?????????, ? ? ???? ????? ????????? ?????? ????????? ??????? MANIA modeler ?????????????? ????? ?????? ????????????? ???????? ???????. ????? ?????????????? ?????? ??? ?????? ??????? ???.\\\\r\\\\n\\\",\\\"text\\\":\\\"<p>&nbsp;</p>\\\\r\\\\n\\\\r\\\\n<p><meta charset=\\\\\\\"utf-8\\\\\\\" /></p>\\\\r\\\\n\\\\r\\\\n<p dir=\\\\\\\"ltr\\\\\\\"><b id=\\\\\\\"docs-internal-guid-f455abac-52b9-faab-e723-c82f7720279b\\\\\\\">?????????, ? ? ???? ????? ????????? ?????? ????????? ??????? MANIA modeler ?????????????? ????? ?????? ????????????? ???????? ???????. ????? ?????????????? ?????? ??? ?????? ??????? ???.</b></p>\\\\r\\\\n\\\",\\\"vis\\\":1,\\\"posled\\\":2,\\\"menu\\\":1,\\\"main\\\":1,\\\"_customfields\\\":\\\"[]\\\",\\\"_system\\\":0}\",\"name\":\"?????? NEW PEONY\",\"alias\":\"plate-new-peony-1097\",\"text\":\"\",\"price\":59000,\"_system_dynamic_price\":59000,\"old_price\":95000,\"percent\":0,\"images\":\"c321cb9d22b57571e6ff5a308c9ca813a4bc4128.jpg;5a2c32bd665300acf8f1f36bf0c03f0d74ac188f.jpg;62efc8d0ef202dcb981e3cb9bef8bd1f5792cf6c.jpg;63fc729bb5d1a6669cd012c34c7bb8799f52713d.jpg;7ed59d9a9eb3a4117add14f2321e8cc3e47178ae.jpg;\",\"weight\":0,\"box_type\":1,\"box_weight\":0,\"vis\":1,\"posled\":999,\"special\":1,\"new\":0,\"best\":0,\"day_item\":0,\"rating\":\"5\",\"date\":\"2018-06-10 14:49:59\",\"meta_data\":\"{\\\"h1--lc--s:?\\\":\\\"?????? new peony\\\"}\",\"_customfields\":\"[]\",\"_system\":0}','','mix','M');
/*!40000 ALTER TABLE `orders_items` ENABLE KEYS */;
UNLOCK TABLES;

--
-- Table structure for table `orders_items_vars`
--

DROP TABLE IF EXISTS `orders_items_vars`;
/*!40101 SET @saved_cs_client     = @@character_set_client */;
/*!40101 SET character_set_client = utf8 */;
CREATE TABLE `orders_items_vars` (
  `order_item_id` int(11) NOT NULL,
  `var_id` int(11) NOT NULL,
  PRIMARY KEY (`order_item_id`,`var_id`),
  KEY `var_id` (`var_id`),
  CONSTRAINT `orders_items_vars_ibfk_1` FOREIGN KEY (`order_item_id`) REFERENCES `orders_items` (`id`) ON DELETE CASCADE ON UPDATE CASCADE,
  CONSTRAINT `orders_items_vars_ibfk_2` FOREIGN KEY (`var_id`) REFERENCES `items_vars_values` (`id`) ON DELETE CASCADE ON UPDATE CASCADE
) ENGINE=InnoDB DEFAULT CHARSET=utf8;
/*!40101 SET character_set_client = @saved_cs_client */;

--
-- Dumping data for table `orders_items_vars`
--

LOCK TABLES `orders_items_vars` WRITE;
/*!40000 ALTER TABLE `orders_items_vars` DISABLE KEYS */;
/*!40000 ALTER TABLE `orders_items_vars` ENABLE KEYS */;
UNLOCK TABLES;

--
-- Table structure for table `orders_statuses`
--

DROP TABLE IF EXISTS `orders_statuses`;
/*!40101 SET @saved_cs_client     = @@character_set_client */;
/*!40101 SET character_set_client = utf8 */;
CREATE TABLE `orders_statuses` (
  `id` int(11) NOT NULL AUTO_INCREMENT,
  `name` varchar(255) NOT NULL,
  `color` varchar(255) NOT NULL,
  PRIMARY KEY (`id`)
) ENGINE=InnoDB AUTO_INCREMENT=4 DEFAULT CHARSET=utf8;
/*!40101 SET character_set_client = @saved_cs_client */;

--
-- Dumping data for table `orders_statuses`
--

LOCK TABLES `orders_statuses` WRITE;
/*!40000 ALTER TABLE `orders_statuses` DISABLE KEYS */;
INSERT INTO `orders_statuses` VALUES (1,'?????','#23c55c'),(2,'??????','#990e58'),(3,'???????','#0728e3');
/*!40000 ALTER TABLE `orders_statuses` ENABLE KEYS */;
UNLOCK TABLES;

--
-- Table structure for table `partners`
--

DROP TABLE IF EXISTS `partners`;
/*!40101 SET @saved_cs_client     = @@character_set_client */;
/*!40101 SET character_set_client = utf8 */;
CREATE TABLE `partners` (
  `id` int(11) NOT NULL AUTO_INCREMENT,
  `name` varchar(255) NOT NULL,
  `images` text NOT NULL,
  `vis` int(11) NOT NULL DEFAULT '1',
  `posled` int(11) NOT NULL DEFAULT '999',
  `_customfields` text NOT NULL,
  `_system` int(11) NOT NULL DEFAULT '0',
  PRIMARY KEY (`id`)
) ENGINE=InnoDB DEFAULT CHARSET=utf8;
/*!40101 SET character_set_client = @saved_cs_client */;

--
-- Dumping data for table `partners`
--

LOCK TABLES `partners` WRITE;
/*!40000 ALTER TABLE `partners` DISABLE KEYS */;
/*!40000 ALTER TABLE `partners` ENABLE KEYS */;
UNLOCK TABLES;

--
-- Table structure for table `payments`
--

DROP TABLE IF EXISTS `payments`;
/*!40101 SET @saved_cs_client     = @@character_set_client */;
/*!40101 SET character_set_client = utf8 */;
CREATE TABLE `payments` (
  `id` int(11) NOT NULL AUTO_INCREMENT,
  `name` varchar(255) NOT NULL,
  `vis` int(11) NOT NULL DEFAULT '1',
  `posled` int(11) NOT NULL DEFAULT '999',
  `online` int(11) NOT NULL DEFAULT '0',
  PRIMARY KEY (`id`)
) ENGINE=InnoDB AUTO_INCREMENT=3 DEFAULT CHARSET=utf8;
/*!40101 SET character_set_client = @saved_cs_client */;

--
-- Dumping data for table `payments`
--

LOCK TABLES `payments` WRITE;
/*!40000 ALTER TABLE `payments` DISABLE KEYS */;
INSERT INTO `payments` VALUES (1,'????????? ??? ?????????',1,1,0),(2,'??????',1,2,0);
/*!40000 ALTER TABLE `payments` ENABLE KEYS */;
UNLOCK TABLES;

--
-- Table structure for table `permissions`
--

DROP TABLE IF EXISTS `permissions`;
/*!40101 SET @saved_cs_client     = @@character_set_client */;
/*!40101 SET character_set_client = utf8 */;
CREATE TABLE `permissions` (
  `id` int(11) NOT NULL AUTO_INCREMENT,
  `user_id` int(11) NOT NULL,
  `section` varchar(255) NOT NULL,
  `access` set('full','view') NOT NULL,
  PRIMARY KEY (`id`),
  KEY `user_id` (`user_id`),
  CONSTRAINT `permissions_ibfk_1` FOREIGN KEY (`user_id`) REFERENCES `adminusers` (`id`) ON DELETE CASCADE ON UPDATE CASCADE
) ENGINE=InnoDB AUTO_INCREMENT=1092 DEFAULT CHARSET=utf8;
/*!40101 SET character_set_client = @saved_cs_client */;

--
-- Dumping data for table `permissions`
--

LOCK TABLES `permissions` WRITE;
/*!40000 ALTER TABLE `permissions` DISABLE KEYS */;
INSERT INTO `permissions` VALUES (732,3,'faq','full'),(733,3,'seo','full'),(734,3,'ajax','full'),(735,3,'vacancies','full'),(736,3,'index','full'),(737,3,'categories','full'),(738,3,'vacanciescategories','full'),(739,3,'comments','full'),(740,3,'faces','full'),(741,3,'settings','full'),(742,3,'news','full'),(743,3,'reviews','full'),(744,3,'partners','full'),(745,3,'adminusers','full'),(746,3,'static','full'),(747,3,'redirects','full'),(748,3,'items','full'),(749,3,'props','full'),(750,3,'metatemplates','full'),(751,7,'faq','full'),(752,7,'seo','full'),(753,7,'actions','full'),(754,7,'vacancies','full'),(755,7,'currency','full'),(756,7,'index','full'),(757,7,'orders','full'),(758,7,'varsshowtypesvalues','full'),(759,7,'categories','full'),(760,7,'vacanciescategories','full'),(761,7,'brands','full'),(762,7,'comments','full'),(763,7,'leads','full'),(764,7,'faces','full'),(765,7,'payments','full'),(766,7,'sliders','full'),(767,7,'itemsvars','full'),(768,7,'settingsforms','full'),(769,7,'settings','full'),(770,7,'news','full'),(771,7,'reviews','full'),(772,7,'itemsreviews','full'),(773,7,'partners','full'),(774,7,'subscribes','full'),(775,7,'users','full'),(776,7,'adminusers','full'),(777,7,'customfields','full'),(778,7,'promocodes','full'),(779,7,'pickuppoints','full'),(780,7,'static','full'),(781,7,'emailer','full'),(782,7,'redirects','full'),(783,7,'systemfiles','full'),(784,7,'slider','full'),(785,7,'ordersstatuses','full'),(786,7,'itemsstatus','full'),(787,7,'countries','full'),(788,7,'tags','full'),(789,7,'deliveries','full'),(790,7,'items','full'),(791,7,'filters','full'),(792,7,'props','full'),(793,7,'metatemplates','full'),(794,7,'langs','full'),(795,7,'adminusers','view'),(992,14,'faq','full'),(993,14,'seo','full'),(994,14,'actions','full'),(995,14,'vacancies','full'),(996,14,'currency','full'),(997,14,'index','full'),(998,14,'deliverycities','full'),(999,14,'sizesgroups','full'),(1000,14,'orders','full'),(1001,14,'varsshowtypesvalues','full'),(1002,14,'categories','full'),(1003,14,'vacanciescategories','full'),(1004,14,'brands','full'),(1005,14,'comments','full'),(1006,14,'leads','full'),(1007,14,'faces','full'),(1008,14,'payments','full'),(1009,14,'sliders','full'),(1010,14,'itemsvars','full'),(1011,14,'settingsforms','full'),(1012,14,'settings','full'),(1013,14,'news','full'),(1014,14,'reviews','full'),(1015,14,'itemsreviews','full'),(1016,14,'partners','full'),(1017,14,'translates','full'),(1018,14,'subscribes','full'),(1019,14,'users','full'),(1020,14,'adminusers','full'),(1021,14,'customfields','full'),(1022,14,'promocodes','full'),(1023,14,'pickuppoints','full'),(1024,14,'static','full'),(1025,14,'sizes','full'),(1026,14,'emailer','full'),(1027,14,'redirects','full'),(1028,14,'systemfiles','full'),(1029,14,'slider','full'),(1030,14,'ordersstatuses','full'),(1031,14,'itemsstatus','full'),(1032,14,'deliverycountries','full'),(1033,14,'countries','full'),(1034,14,'tags','full'),(1035,14,'deliveries','full'),(1036,14,'items','full'),(1037,14,'filters','full'),(1038,14,'props','full'),(1039,14,'colors','full'),(1040,14,'metatemplates','full'),(1041,14,'langs','full'),(1042,15,'faq','full'),(1043,15,'seo','full'),(1044,15,'actions','full'),(1045,15,'vacancies','full'),(1046,15,'currency','full'),(1047,15,'index','full'),(1048,15,'deliverycities','full'),(1049,15,'sizesgroups','full'),(1050,15,'orders','full'),(1051,15,'varsshowtypesvalues','full'),(1052,15,'categories','full'),(1053,15,'vacanciescategories','full'),(1054,15,'brands','full'),(1055,15,'comments','full'),(1056,15,'leads','full'),(1057,15,'faces','full'),(1058,15,'payments','full'),(1059,15,'sliders','full'),(1060,15,'itemsvars','full'),(1061,15,'settingsforms','full'),(1062,15,'settings','full'),(1063,15,'news','full'),(1064,15,'reviews','full'),(1065,15,'itemsreviews','full'),(1066,15,'partners','full'),(1067,15,'translates','full'),(1068,15,'subscribes','full'),(1069,15,'users','full'),(1070,15,'adminusers','full'),(1071,15,'customfields','full'),(1072,15,'promocodes','full'),(1073,15,'pickuppoints','full'),(1074,15,'static','full'),(1075,15,'sizes','full'),(1076,15,'emailer','full'),(1077,15,'redirects','full'),(1078,15,'systemfiles','full'),(1079,15,'slider','full'),(1080,15,'ordersstatuses','full'),(1081,15,'itemsstatus','full'),(1082,15,'deliverycountries','full'),(1083,15,'countries','full'),(1084,15,'tags','full'),(1085,15,'deliveries','full'),(1086,15,'items','full'),(1087,15,'filters','full'),(1088,15,'props','full'),(1089,15,'colors','full'),(1090,15,'metatemplates','full'),(1091,15,'langs','full');
/*!40000 ALTER TABLE `permissions` ENABLE KEYS */;
UNLOCK TABLES;

--
-- Table structure for table `pickuppoints`
--

DROP TABLE IF EXISTS `pickuppoints`;
/*!40101 SET @saved_cs_client     = @@character_set_client */;
/*!40101 SET character_set_client = utf8 */;
CREATE TABLE `pickuppoints` (
  `id` int(11) NOT NULL AUTO_INCREMENT,
  `name` varchar(255) NOT NULL,
  `address` text NOT NULL,
  `lat` float NOT NULL DEFAULT '0',
  `long` float NOT NULL DEFAULT '0',
  `vis` int(11) NOT NULL DEFAULT '1',
  `posled` int(11) NOT NULL DEFAULT '999',
  PRIMARY KEY (`id`)
) ENGINE=InnoDB AUTO_INCREMENT=4 DEFAULT CHARSET=utf8;
/*!40101 SET character_set_client = @saved_cs_client */;

--
-- Dumping data for table `pickuppoints`
--

LOCK TABLES `pickuppoints` WRITE;
/*!40000 ALTER TABLE `pickuppoints` DISABLE KEYS */;
INSERT INTO `pickuppoints` VALUES (1,'?? ??????','',0,0,0,999),(2,'??????, ??. ????? ????? 11/1','??????, ??. ????? ????? 11/1',55.7522,37.5951,1,1),(3,'??????, ????????? ???????? 17, ???. 1','??????, ????????? ???????? 17, ???. 1',55.7049,37.6161,1,999);
/*!40000 ALTER TABLE `pickuppoints` ENABLE KEYS */;
UNLOCK TABLES;

--
-- Table structure for table `promocodes`
--

DROP TABLE IF EXISTS `promocodes`;
/*!40101 SET @saved_cs_client     = @@character_set_client */;
/*!40101 SET character_set_client = utf8 */;
CREATE TABLE `promocodes` (
  `id` int(11) NOT NULL AUTO_INCREMENT,
  `name` varchar(255) NOT NULL,
  `value` float NOT NULL,
  `vis` int(11) NOT NULL DEFAULT '1',
  `type` int(11) NOT NULL DEFAULT '1',
  `date_from` date NOT NULL,
  `date_to` date NOT NULL,
  `unlimited` int(11) NOT NULL DEFAULT '0',
  `categories` text NOT NULL,
  `brands` text NOT NULL,
  `items` text NOT NULL,
  `users` text NOT NULL,
  PRIMARY KEY (`id`)
) ENGINE=InnoDB AUTO_INCREMENT=3 DEFAULT CHARSET=utf8;
/*!40101 SET character_set_client = @saved_cs_client */;

--
-- Dumping data for table `promocodes`
--

LOCK TABLES `promocodes` WRITE;
/*!40000 ALTER TABLE `promocodes` DISABLE KEYS */;
INSERT INTO `promocodes` VALUES (1,'GETMONEY',10,0,1,'2018-07-26','2018-08-31',0,'','','',''),(2,'MANIA',110,1,1,'2018-07-26','2018-07-27',0,'','','','');
/*!40000 ALTER TABLE `promocodes` ENABLE KEYS */;
UNLOCK TABLES;

--
-- Table structure for table `promocodes_conditions`
--

DROP TABLE IF EXISTS `promocodes_conditions`;
/*!40101 SET @saved_cs_client     = @@character_set_client */;
/*!40101 SET character_set_client = utf8 */;
CREATE TABLE `promocodes_conditions` (
  `id` int(11) NOT NULL AUTO_INCREMENT,
  `promocode_id` int(11) NOT NULL,
  `type` set('result_price','result_count') NOT NULL DEFAULT 'result_price',
  `value` double(12,2) NOT NULL DEFAULT '0.00',
  `condition` varchar(255) NOT NULL,
  PRIMARY KEY (`id`),
  KEY `promocode_id` (`promocode_id`),
  CONSTRAINT `promocodes_conditions_ibfk_1` FOREIGN KEY (`promocode_id`) REFERENCES `promocodes` (`id`) ON DELETE CASCADE ON UPDATE CASCADE
) ENGINE=InnoDB AUTO_INCREMENT=39 DEFAULT CHARSET=utf8;
/*!40101 SET character_set_client = @saved_cs_client */;

--
-- Dumping data for table `promocodes_conditions`
--

LOCK TABLES `promocodes_conditions` WRITE;
/*!40000 ALTER TABLE `promocodes_conditions` DISABLE KEYS */;
INSERT INTO `promocodes_conditions` VALUES (38,1,'result_price',5000.00,'>');
/*!40000 ALTER TABLE `promocodes_conditions` ENABLE KEYS */;
UNLOCK TABLES;

--
-- Table structure for table `props`
--

DROP TABLE IF EXISTS `props`;
/*!40101 SET @saved_cs_client     = @@character_set_client */;
/*!40101 SET character_set_client = utf8 */;
CREATE TABLE `props` (
  `id` int(11) NOT NULL AUTO_INCREMENT,
  `name` varchar(255) NOT NULL,
  `vis` int(11) NOT NULL DEFAULT '1',
  `posled` int(11) NOT NULL DEFAULT '999',
  PRIMARY KEY (`id`)
) ENGINE=InnoDB AUTO_INCREMENT=54 DEFAULT CHARSET=utf8;
/*!40101 SET character_set_client = @saved_cs_client */;

--
-- Dumping data for table `props`
--

LOCK TABLES `props` WRITE;
/*!40000 ALTER TABLE `props` DISABLE KEYS */;
INSERT INTO `props` VALUES (51,'?????',1,999),(52,'????',1,999),(53,'C?????',1,999);
/*!40000 ALTER TABLE `props` ENABLE KEYS */;
UNLOCK TABLES;

--
-- Table structure for table `props_categories`
--

DROP TABLE IF EXISTS `props_categories`;
/*!40101 SET @saved_cs_client     = @@character_set_client */;
/*!40101 SET character_set_client = utf8 */;
CREATE TABLE `props_categories` (
  `prop_id` int(11) NOT NULL,
  `category_id` int(11) NOT NULL,
  PRIMARY KEY (`prop_id`,`category_id`),
  KEY `category_id` (`category_id`),
  CONSTRAINT `props_categories_ibfk_1` FOREIGN KEY (`prop_id`) REFERENCES `props` (`id`) ON DELETE CASCADE ON UPDATE CASCADE,
  CONSTRAINT `props_categories_ibfk_2` FOREIGN KEY (`category_id`) REFERENCES `categories` (`id`) ON DELETE CASCADE ON UPDATE CASCADE
) ENGINE=InnoDB DEFAULT CHARSET=utf8;
/*!40101 SET character_set_client = @saved_cs_client */;

--
-- Dumping data for table `props_categories`
--

LOCK TABLES `props_categories` WRITE;
/*!40000 ALTER TABLE `props_categories` DISABLE KEYS */;
INSERT INTO `props_categories` VALUES (51,20),(52,20),(53,20),(51,21),(52,21),(53,21),(51,22),(52,22),(53,22),(51,23),(52,23),(53,23),(51,24),(52,24),(53,24),(51,27),(52,27),(53,27),(51,28),(52,28),(53,28),(51,32),(52,32),(53,32),(51,33),(52,33),(53,33),(51,34),(52,34),(53,34),(51,35),(52,35),(53,35),(51,39),(52,39),(53,39),(51,43),(52,43),(53,43),(51,44),(51,46),(52,46),(53,46);
/*!40000 ALTER TABLE `props_categories` ENABLE KEYS */;
UNLOCK TABLES;

--
-- Table structure for table `props_values`
--

DROP TABLE IF EXISTS `props_values`;
/*!40101 SET @saved_cs_client     = @@character_set_client */;
/*!40101 SET character_set_client = utf8 */;
CREATE TABLE `props_values` (
  `id` int(11) NOT NULL AUTO_INCREMENT,
  `prop_id` int(11) NOT NULL,
  `name` varchar(255) NOT NULL,
  PRIMARY KEY (`id`),
  KEY `prop_id` (`prop_id`),
  CONSTRAINT `props_values_ibfk_1` FOREIGN KEY (`prop_id`) REFERENCES `props` (`id`) ON DELETE CASCADE ON UPDATE CASCADE
) ENGINE=InnoDB AUTO_INCREMENT=276 DEFAULT CHARSET=utf8;
/*!40101 SET character_set_client = @saved_cs_client */;

--
-- Dumping data for table `props_values`
--

LOCK TABLES `props_values` WRITE;
/*!40000 ALTER TABLE `props_values` DISABLE KEYS */;
INSERT INTO `props_values` VALUES (213,51,'Swarovski'),(214,51,'beads'),(215,51,' glass'),(216,51,'plumage'),(217,51,'sequins'),(218,51,'sequins, Swarovski,  beads, plumage'),(219,51,'plumage and Swarovski'),(220,51,'missing'),(221,51,'natural pearls'),(245,52,' dry cleaning'),(246,52,' handwash'),(247,52,'30°C'),(248,52,'40°C'),(249,52,' dusting'),(267,53,'100% silk'),(268,53,'100% coton'),(269,53,'100% polyester'),(270,53,'95% polyester 5% elastan'),(271,53,'100% wool'),(272,53,'metal'),(273,53,'100% viscose'),(274,53,'100% viscose, decor silk'),(275,53,'100% polyester, decor silk');
/*!40000 ALTER TABLE `props_values` ENABLE KEYS */;
UNLOCK TABLES;

--
-- Table structure for table `redirects`
--

DROP TABLE IF EXISTS `redirects`;
/*!40101 SET @saved_cs_client     = @@character_set_client */;
/*!40101 SET character_set_client = utf8 */;
CREATE TABLE `redirects` (
  `id` int(11) NOT NULL AUTO_INCREMENT,
  `url` varchar(255) NOT NULL,
  `redirect_url` text NOT NULL,
  `code` int(11) NOT NULL DEFAULT '301',
  PRIMARY KEY (`id`),
  KEY `url` (`url`)
) ENGINE=InnoDB DEFAULT CHARSET=utf8;
/*!40101 SET character_set_client = @saved_cs_client */;

--
-- Dumping data for table `redirects`
--

LOCK TABLES `redirects` WRITE;
/*!40000 ALTER TABLE `redirects` DISABLE KEYS */;
/*!40000 ALTER TABLE `redirects` ENABLE KEYS */;
UNLOCK TABLES;

--
-- Table structure for table `reviews`
--

DROP TABLE IF EXISTS `reviews`;
/*!40101 SET @saved_cs_client     = @@character_set_client */;
/*!40101 SET character_set_client = utf8 */;
CREATE TABLE `reviews` (
  `id` int(11) NOT NULL AUTO_INCREMENT,
  `date` timestamp NOT NULL DEFAULT CURRENT_TIMESTAMP,
  `name` varchar(255) NOT NULL,
  `email` varchar(255) NOT NULL,
  `post` varchar(255) NOT NULL,
  `text` text NOT NULL,
  `images` text NOT NULL,
  `video` text NOT NULL,
  `vis` int(11) NOT NULL DEFAULT '1',
  `posled` int(11) NOT NULL DEFAULT '999',
  `main` int(11) NOT NULL DEFAULT '0',
  `rating` int(11) NOT NULL DEFAULT '5',
  `rating_1` int(11) NOT NULL DEFAULT '5',
  `rating_2` int(11) NOT NULL DEFAULT '5',
  `rating_3` int(11) NOT NULL DEFAULT '5',
  `_customfields` text NOT NULL,
  `_system` int(11) NOT NULL DEFAULT '0',
  PRIMARY KEY (`id`)
) ENGINE=InnoDB DEFAULT CHARSET=utf8;
/*!40101 SET character_set_client = @saved_cs_client */;

--
-- Dumping data for table `reviews`
--

LOCK TABLES `reviews` WRITE;
/*!40000 ALTER TABLE `reviews` DISABLE KEYS */;
/*!40000 ALTER TABLE `reviews` ENABLE KEYS */;
UNLOCK TABLES;

--
-- Table structure for table `seo`
--

DROP TABLE IF EXISTS `seo`;
/*!40101 SET @saved_cs_client     = @@character_set_client */;
/*!40101 SET character_set_client = utf8 */;
CREATE TABLE `seo` (
  `id` int(11) NOT NULL AUTO_INCREMENT,
  `url` varchar(255) NOT NULL,
  `title` text NOT NULL,
  `description` text NOT NULL,
  `keywords` text NOT NULL,
  `h1` varchar(255) NOT NULL,
  `text` text NOT NULL,
  PRIMARY KEY (`id`),
  KEY `url` (`url`)
) ENGINE=InnoDB AUTO_INCREMENT=2 DEFAULT CHARSET=utf8;
/*!40101 SET character_set_client = @saved_cs_client */;

--
-- Dumping data for table `seo`
--

LOCK TABLES `seo` WRITE;
/*!40000 ALTER TABLE `seo` DISABLE KEYS */;
INSERT INTO `seo` VALUES (1,'/','???????','????????','???????? ?????','','');
/*!40000 ALTER TABLE `seo` ENABLE KEYS */;
UNLOCK TABLES;

--
-- Table structure for table `settings`
--

DROP TABLE IF EXISTS `settings`;
/*!40101 SET @saved_cs_client     = @@character_set_client */;
/*!40101 SET character_set_client = utf8 */;
CREATE TABLE `settings` (
  `id` int(11) NOT NULL AUTO_INCREMENT,
  `name` varchar(255) NOT NULL,
  `text` text NOT NULL,
  PRIMARY KEY (`id`)
) ENGINE=InnoDB AUTO_INCREMENT=17 DEFAULT CHARSET=utf8;
/*!40101 SET character_set_client = @saved_cs_client */;

--
-- Dumping data for table `settings`
--

LOCK TABLES `settings` WRITE;
/*!40000 ALTER TABLE `settings` DISABLE KEYS */;
INSERT INTO `settings` VALUES (1,'E-mail ??? ???????????','order@maniamodeler.com'),(2,'???????','+7 (999) 990-91-09'),(3,'SEO META',''),(4,'SEO SCRIPTS','<!-- Facebook Pixel Code -->\r\n<script>\r\n  !function(f,b,e,v,n,t,s)\r\n  {if(f.fbq)return;n=f.fbq=function(){n.callMethod?\r\n  n.callMethod.apply(n,arguments):n.queue.push(arguments)};\r\n  if(!f._fbq)f._fbq=n;n.push=n;n.loaded=!0;n.version=\'2.0\';\r\n  n.queue=[];t=b.createElement(e);t.async=!0;\r\n  t.src=v;s=b.getElementsByTagName(e)[0];\r\n  s.parentNode.insertBefore(t,s)}(window, document,\'script\',\r\n  \'https://connect.facebook.net/en_US/fbevents.js\');\r\n  fbq(\'init\', \'102356033819026\');\r\n  fbq(\'track\', \'PageView\');\r\n</script>\r\n<noscript><img height=\"1\" width=\"1\" style=\"display:none\"\r\n  src=\"https://www.facebook.com/tr?id=102356033819026&ev=PageView&noscript=1\"\r\n/></noscript>\r\n<!-- End Facebook Pixel Code -->\r\n'),(5,'?????','121099, ?????????? ?????????, ?. ??????, ????????? ???????,11'),(8,'E-mail','info@maniamodeler.com'),(9,'???.????','<a href=\"https://ru-ru.facebook.com/maniamodeler/\"><i class=\"facebook_icon\"></i></a>\r\n                <a href=\"https://www.instagram.com/maniamodeler/\"><i class=\"instagram_icon\"></i></a>'),(16,'????? ?????','??? ??????? MANIA modeler ???????? ????????? ?? ????? ????????????? ??????? ? ?????? ????? ?????????. ????? ?? ?????? ?????? ??????? ??????? ?? ???????.');
/*!40000 ALTER TABLE `settings` ENABLE KEYS */;
UNLOCK TABLES;

--
-- Table structure for table `settings_forms`
--

DROP TABLE IF EXISTS `settings_forms`;
/*!40101 SET @saved_cs_client     = @@character_set_client */;
/*!40101 SET character_set_client = utf8 */;
CREATE TABLE `settings_forms` (
  `id` int(11) NOT NULL AUTO_INCREMENT,
  `code` varchar(255) NOT NULL,
  `name` varchar(255) NOT NULL,
  `form_data` longtext NOT NULL,
  PRIMARY KEY (`id`)
) ENGINE=InnoDB AUTO_INCREMENT=8 DEFAULT CHARSET=utf8;
/*!40101 SET character_set_client = @saved_cs_client */;

--
-- Dumping data for table `settings_forms`
--

LOCK TABLES `settings_forms` WRITE;
/*!40000 ALTER TABLE `settings_forms` DISABLE KEYS */;
INSERT INTO `settings_forms` VALUES (1,'yandex_market','??????.??????','{\"price_from\":\"0\",\"price_to\":\"100000\",\"items\":\"\",\"categories\":{\"7\":\"7\",\"6\":\"6\",\"10\":\"10\",\"8\":\"8\",\"9\":\"9\"},\"brands\":{\"1\":\"1\"}}'),(2,'mail','????????? ????. ???????','{\"smtp\":\"1\",\"host\":\"smtp.mail.ru\",\"port\":\"465\",\"encryption\":\"ssl\",\"username\":\"maniamodeller@mail.ru\",\"password\":\"1234567IKLx!\"}'),(3,'files','?????',''),(4,'kassa','??????.?????','{\"service\":\"yandex\",\"order_success_status\":\"3\",\"config\":{\"shopId\":\"515328\",\"scid\":\"763954\",\"password\":\"\"},\"redirecttopayment\":\"1\"}'),(5,'sms','???','{\"actives\":{\"on_order_status\":\"1\"},\"msg\":{\"on_order_status\":\"?????? ?????? ?????? ?{id} ??????? ?? {status_name_new}\"},\"config\":{\"login\":\"123\",\"password\":\"123\"}}'),(6,'email_templates','??????? (E-mail)','{\"new_order_subject\":\"????? ?{id}  ????????!\",\"new_order\":\"????????????, {name},<br> ?? ??????????? ????? ?? ?????? ????? {price} ???<br>????? ??????: {id} <br> <p>&nbsp;</p>\",\"on_order_status_subject\":\"?????? ?????? ?????? ?{id} ???????!\",\"on_order_status\":\"?????? ?????? ?????? ?{id} ??????? ?? {status_name_new}\",\"new_user_subject\":\"????? ?????????? ?? ????!\",\"new_user\":\"????? ?????????? ?? ????! ??? ?????:  {username}<br>??? ??????: {password_hash}\"}'),(7,'orders_settings','????????? ???????','{\"telegram_bot_token\":\"\",\"telegram_chat_id\":\"\"}');
/*!40000 ALTER TABLE `settings_forms` ENABLE KEYS */;
UNLOCK TABLES;

--
-- Table structure for table `sizes`
--

DROP TABLE IF EXISTS `sizes`;
/*!40101 SET @saved_cs_client     = @@character_set_client */;
/*!40101 SET character_set_client = utf8 */;
CREATE TABLE `sizes` (
  `id` int(11) NOT NULL AUTO_INCREMENT,
  `name` varchar(255) NOT NULL,
  `vis` int(11) NOT NULL DEFAULT '1',
  `posled` int(11) NOT NULL DEFAULT '999',
  `values` text NOT NULL,
  PRIMARY KEY (`id`)
) ENGINE=InnoDB AUTO_INCREMENT=15 DEFAULT CHARSET=utf8;
/*!40101 SET character_set_client = @saved_cs_client */;

--
-- Dumping data for table `sizes`
--

LOCK TABLES `sizes` WRITE;
/*!40000 ALTER TABLE `sizes` DISABLE KEYS */;
INSERT INTO `sizes` VALUES (1,'XS',1,1,'[{\"name\":\"32;34\",\"group_id\":\"1\"},{\"name\":\"2;4\",\"group_id\":\"2\"},{\"name\":\"40\",\"group_id\":\"3\"},{\"name\":\"80;80\",\"group_id\":\"4\"},{\"name\":\"62;62\",\"group_id\":\"5\"},{\"name\":\"86;86\",\"group_id\":\"6\"}]'),(2,'S',1,2,'[{\"name\":\"36;38\",\"group_id\":\"1\"},{\"name\":\"6;8\",\"group_id\":\"2\"},{\"name\":\"42\",\"group_id\":\"3\"},{\"name\":\"86;86\",\"group_id\":\"4\"},{\"name\":\"67;67\",\"group_id\":\"5\"},{\"name\":\"92;92\",\"group_id\":\"6\"}]'),(3,'M',1,3,'[{\"name\":\"40;42\",\"group_id\":\"1\"},{\"name\":\"10;12\",\"group_id\":\"2\"},{\"name\":\"44;46\",\"group_id\":\"3\"},{\"name\":\"90;92\",\"group_id\":\"4\"},{\"name\":\"72;74\",\"group_id\":\"5\"},{\"name\":\"96;98\",\"group_id\":\"6\"}]'),(4,'L',1,4,'[{\"name\":\"44;46\",\"group_id\":\"1\"},{\"name\":\"14;16\",\"group_id\":\"2\"},{\"name\":\"48;50\",\"group_id\":\"3\"},{\"name\":\"96;100\",\"group_id\":\"4\"},{\"name\":\"78;82\",\"group_id\":\"5\"},{\"name\":\"102;106\",\"group_id\":\"6\"}]'),(14,'Personal',1,999,'[]');
/*!40000 ALTER TABLE `sizes` ENABLE KEYS */;
UNLOCK TABLES;

--
-- Table structure for table `sizes_groups`
--

DROP TABLE IF EXISTS `sizes_groups`;
/*!40101 SET @saved_cs_client     = @@character_set_client */;
/*!40101 SET character_set_client = utf8 */;
CREATE TABLE `sizes_groups` (
  `id` int(11) NOT NULL AUTO_INCREMENT,
  `name` varchar(255) NOT NULL,
  `vis` int(11) NOT NULL DEFAULT '1',
  `posled` int(11) NOT NULL DEFAULT '999',
  PRIMARY KEY (`id`)
) ENGINE=InnoDB AUTO_INCREMENT=8 DEFAULT CHARSET=utf8;
/*!40101 SET character_set_client = @saved_cs_client */;

--
-- Dumping data for table `sizes_groups`
--

LOCK TABLES `sizes_groups` WRITE;
/*!40000 ALTER TABLE `sizes_groups` DISABLE KEYS */;
INSERT INTO `sizes_groups` VALUES (1,'EUR',1,1),(2,'US',1,2),(4,'?????? ?????, ??',1,4),(5,'?????? ?????, ??',1,5),(6,'?????? ?????, ??',1,6);
/*!40000 ALTER TABLE `sizes_groups` ENABLE KEYS */;
UNLOCK TABLES;

--
-- Table structure for table `slider`
--

DROP TABLE IF EXISTS `slider`;
/*!40101 SET @saved_cs_client     = @@character_set_client */;
/*!40101 SET character_set_client = utf8 */;
CREATE TABLE `slider` (
  `id` int(11) NOT NULL AUTO_INCREMENT,
  `name` varchar(255) NOT NULL,
  `label` varchar(255) NOT NULL,
  `text` longtext NOT NULL,
  `link` varchar(255) NOT NULL,
  `btn` varchar(255) NOT NULL,
  `images` text NOT NULL,
  `vis` int(11) NOT NULL DEFAULT '1',
  `posled` int(11) NOT NULL DEFAULT '999',
  `_customfields` text NOT NULL,
  `_system` int(11) NOT NULL DEFAULT '0',
  PRIMARY KEY (`id`)
) ENGINE=InnoDB AUTO_INCREMENT=3 DEFAULT CHARSET=utf8;
/*!40101 SET character_set_client = @saved_cs_client */;

--
-- Dumping data for table `slider`
--

LOCK TABLES `slider` WRITE;
/*!40000 ALTER TABLE `slider` DISABLE KEYS */;
INSERT INTO `slider` VALUES (1,'WEDDING OCCASION','','','http://store.maniamodeler.com/products/sale?filters[categories][21]=21','SHOP NOW','SoddXsUk7VenSbHqOQBP21CHtFbWns7X.jpg;',1,999,'[]',0),(2,'SILK OCCASION','?????','','http://store.maniamodeler.com/products/sale?filters%5Bbrands%5D%5B12%5D=12','SHOP NOW','09O_7D9vq30VufkAoTHrH5fwQf-U1oLZ.jpg;kyXlPKXPLiUhWn3Ol1mWylBMtJAaaUEz.jpg;',1,999,'[]',0);
/*!40000 ALTER TABLE `slider` ENABLE KEYS */;
UNLOCK TABLES;

--
-- Table structure for table `sliders`
--

DROP TABLE IF EXISTS `sliders`;
/*!40101 SET @saved_cs_client     = @@character_set_client */;
/*!40101 SET character_set_client = utf8 */;
CREATE TABLE `sliders` (
  `id` int(11) NOT NULL AUTO_INCREMENT,
  `name` varchar(255) NOT NULL,
  `code` varchar(255) NOT NULL,
  `text` text NOT NULL,
  `images` text NOT NULL,
  `_system` int(11) NOT NULL DEFAULT '0',
  `_customfields` text NOT NULL,
  PRIMARY KEY (`id`),
  UNIQUE KEY `code` (`code`)
) ENGINE=InnoDB DEFAULT CHARSET=utf8;
/*!40101 SET character_set_client = @saved_cs_client */;

--
-- Dumping data for table `sliders`
--

LOCK TABLES `sliders` WRITE;
/*!40000 ALTER TABLE `sliders` DISABLE KEYS */;
/*!40000 ALTER TABLE `sliders` ENABLE KEYS */;
UNLOCK TABLES;

--
-- Table structure for table `static`
--

DROP TABLE IF EXISTS `static`;
/*!40101 SET @saved_cs_client     = @@character_set_client */;
/*!40101 SET character_set_client = utf8 */;
CREATE TABLE `static` (
  `id` int(11) NOT NULL AUTO_INCREMENT,
  `name` varchar(255) NOT NULL,
  `alias` varchar(255) NOT NULL,
  `text` longtext NOT NULL,
  `parent` int(11) NOT NULL DEFAULT '0',
  `top` int(11) NOT NULL DEFAULT '0',
  `bottom` int(11) NOT NULL DEFAULT '0',
  `left` int(11) NOT NULL DEFAULT '0',
  `main` int(11) NOT NULL DEFAULT '0',
  `vis` int(11) NOT NULL DEFAULT '1',
  `posled` int(11) NOT NULL DEFAULT '999',
  `view` varchar(255) NOT NULL,
  `viewtochilds` int(11) NOT NULL DEFAULT '0',
  `module` varchar(255) NOT NULL,
  `_customfields` text NOT NULL,
  `_system` int(11) NOT NULL DEFAULT '0',
  `_router` text NOT NULL,
  `images` text NOT NULL,
  PRIMARY KEY (`id`),
  KEY `alias` (`alias`),
  KEY `parent` (`parent`)
) ENGINE=InnoDB AUTO_INCREMENT=27 DEFAULT CHARSET=utf8;
/*!40101 SET character_set_client = @saved_cs_client */;

--
-- Dumping data for table `static`
--

LOCK TABLES `static` WRITE;
/*!40000 ALTER TABLE `static` DISABLE KEYS */;
INSERT INTO `static` VALUES (2,'Catalog','products','',0,0,0,0,0,1,999,'',0,'','[]',1,'/<slug>=catalog/index;/<slug>/pricepdf=catalog/pricepdf;/<slug>/<alias:(.+)>=catalog/show;',''),(16,'??????','service','',0,1,1,1,0,1,999,'',0,'','',0,'',''),(17,'? ????????','o-kompanii','<p>&nbsp;</p>\r\n\r\n<p><meta charset=\"utf-8\" /></p>\r\n\r\n<p dir=\"ltr\"><b id=\"docs-internal-guid-e73f3095-4d12-b3af-d4ac-17cbd5e9cec9\">??????? MANIA modeler &mdash; ??? ?????????? ???????, ??????????? ? ?????? ????????? demi couture. ???????????? ?????, ??????? ?????? ???????, ????????? ???????????? ? ????????????? ??????? ? ??????? ?????????? ???????????????? ? ???????? ???????????? ?????. &nbsp;</b></p>\r\n\r\n<p dir=\"ltr\"><b id=\"docs-internal-guid-e73f3095-4d12-b3af-d4ac-17cbd5e9cec9\">????????? ?????? ?????? ?????????? &ldquo;???????&rdquo; ???????? ? ???????????? ?????????????. ?????? ???????? ???????? ??????? ???????? ????????, ????????????? ? ????????????. ?????? ?????? ? ???? ? ???????? DEGRADE ??? ????? ???????? ????????? ??????.</b></p>\r\n\r\n<p dir=\"ltr\"><b id=\"docs-internal-guid-e73f3095-4d12-b3af-d4ac-17cbd5e9cec9\">???????? ???????? ? ?????????? ??????? - ??? ???????????? ?????? ?????? ? ???????? ?????? ????? ???????? ??????? ? ???????. ???????????? ????? ??????????? ??????? ?? ?????, ??????? ? ???????.</b></p>\r\n\r\n<p dir=\"ltr\"><b id=\"docs-internal-guid-e73f3095-4d12-b3af-d4ac-17cbd5e9cec9\">????? ??? ????? ????????? ???? ???????????? ??????? ?????????? ??????? ?? ????? ????. ??? ?? ???????? ???????????? ???????? ? ???? ????? ? ?????? ?????????. </b></p>\r\n\r\n<p dir=\"ltr\"><b id=\"docs-internal-guid-e73f3095-4d12-b3af-d4ac-17cbd5e9cec9\">??? ??????? ?????? MANIA modeler &nbsp;???????????? ? ?????? ????????? ??????????? ??????. </b></p>\r\n\r\n<p dir=\"ltr\"><b id=\"docs-internal-guid-e73f3095-4d12-b3af-d4ac-17cbd5e9cec9\">??? ???????? ??????? ???????????? &nbsp;????? ? ????????? ?? ??????, ???????, ?????. ????? MANIA modeler ??????? ???????? ???????? ???? ???????: ?????????????????? ?????????, ???????????? ????????, ????? Swarovski, ??????, ????? &ndash; ??? ?????? ???????? ?? ???????????? ??????.</b></p>\r\n',16,1,1,1,0,1,999,'',0,'','[]',0,'','7rkVKmrVYhibajShmwEVMbPUSERKjaXT.png;'),(18,'?????????? ','informatsy','',0,0,1,0,0,1,999,'',0,'','[]',0,'',''),(19,'???????? ????????????????? ','politika-konfedacialnosti','<p>&nbsp;</p>\r\n\r\n<p><meta charset=\"utf-8\" /></p>\r\n\r\n<p dir=\"ltr\"><b id=\"docs-internal-guid-6aeb108e-4d15-3c89-9b68-6b3ab2d71ef1\">???????? ??????????????????</b></p>\r\n\r\n<p dir=\"ltr\"><b id=\"docs-internal-guid-6aeb108e-4d15-3c89-9b68-6b3ab2d71ef1\">??????? ??????????? ??????</b></p>\r\n\r\n<p dir=\"ltr\"><b id=\"docs-internal-guid-6aeb108e-4d15-3c89-9b68-6b3ab2d71ef1\">??????????? ???????????? ? ???????????????? ????????? ??????????? ?????? (&laquo;???????&raquo;), ????????????? ??????????? (??????? ??????, ???????? ?/??? ????????????? ????? ????????????? ???????) ?????????? ???-????? MANIA modeler (?? ??????? ????? ??????????), ?????????? ?????&nbsp;maniamodeler.com &nbsp;??? ????? ??????????, ????????????&nbsp;?&nbsp;?????????? ?????, ? ??????????????? ??? ????????????? ? ?????????? ?????????.</b></p>\r\n\r\n<p dir=\"ltr\"><b id=\"docs-internal-guid-6aeb108e-4d15-3c89-9b68-6b3ab2d71ef1\">??????? ???????????/????????????? ?????, ?? ????????? ???? ???????? ? ?????????? ????????? ??????????, ????????????? ?????????? ?????????, ??????? ???????? ?????????? ????????????.</b></p>\r\n\r\n<p dir=\"ltr\"><b id=\"docs-internal-guid-6aeb108e-4d15-3c89-9b68-6b3ab2d71ef1\">&nbsp;?? ??????? ????? ?????????? ????????? ?? ????? ????? ? ????? ????? ??????? ????????? ? ????????? ???????. ??? ????????? ????? ???????????? ?? ?????, ? ?? ????????? ???? ???????? ? ?????? ???????????.</b></p>\r\n\r\n<p dir=\"ltr\"><b id=\"docs-internal-guid-6aeb108e-4d15-3c89-9b68-6b3ab2d71ef1\">1. ??????????????????:<br />\r\n???????????? ? ????????? ??????????????????, ??????? ?????????? ??????? ????????? ??????????????? ???????????? ??????.</b></p>\r\n\r\n<p dir=\"ltr\"><b id=\"docs-internal-guid-6aeb108e-4d15-3c89-9b68-6b3ab2d71ef1\">2. ????? ????????????? /????????????? ??????????, ??????????? ?? ?????:<br />\r\n??? ????? ?? ???? ?/??? ??? ?????????? ? ?????????? (??????? ??????????? ? ?????????? ?????) ??????????? ?? ??????? ????? ?????????? &nbsp;(108804?. ??????, ???. ?????????, ?.?. ?????????, ??. ????????, ?. 9, ??. 14). ???????: +7 (999) 990-91-09 <a href=\"mailto:info@maniamodeler.com\">info@maniamodeler.com</a></b></p>\r\n\r\n<p dir=\"ltr\"><b id=\"docs-internal-guid-6aeb108e-4d15-3c89-9b68-6b3ab2d71ef1\">??? ???????? ????? ????????????? ????????????? ??? ?????????. ???????????, ???????????????, ???????????, ?????????????, ????????, ???????? ??? ??????????????? ????????? ????? ????? ??????? ??? ???????????????? ??????????? ??????????&nbsp;&nbsp;?? ??????? ????? ?????????? ?????????. ?????? ?????? ???????????????? ??&nbsp;??????????? ????????? ????? ?? ???? ??????, ? ????? ?? ???????? ???????????????? ?c????.</b></p>\r\n\r\n<p dir=\"ltr\"><b id=\"docs-internal-guid-6aeb108e-4d15-3c89-9b68-6b3ab2d71ef1\">3. ???????? ????????/??????????? ???????????????:<br />\r\n??????????/???????????? ????? ?????????????? ????? ??? ????? ? ????? ? ?????????????? ? ?????????? ?????. ??&nbsp;?? ??????? ????? ??????????, ?? ????? ?????? ????, ?????????? ??? ?????????????? ??? ?????????????? ?????????, ?&nbsp;??????????????? ? ?????????? ??? ???????????????? ?????, ?? ????? ??????????????? ?? ?????? ??? ????????? ???????? ????? ? ????????? ?????? ? ????? ? ???????????? ??????.</b></p>\r\n\r\n<p dir=\"ltr\"><b id=\"docs-internal-guid-6aeb108e-4d15-3c89-9b68-6b3ab2d71ef1\">?? ???????, ??????????? ???????, ? ?? ????????????? ?? ????? ?? ????????????????? ?????????, ??? ?????????? ????? ????????????? &quot;??? ????&quot; (&laquo;as is&raquo;), ??? ?????? ??? ??????????????? ???????? ?????? ????, ???????, ??, ?? ?????????????, ??????????????? ????????? ???????? ??????????? ??? ??????????? ? ???????????? ?????, ???????? ?? ???????????? ???????, ??? ????????? ??????? ???. ??????? ????????? ??????????, ??????????????? ?? ??????? ? ????? ? ????????????, ?????????, ???????? ??????? ??? ? ???? ?????, ???????????? ????????? ??????????????????.</b></p>\r\n\r\n<p dir=\"ltr\"><b id=\"docs-internal-guid-6aeb108e-4d15-3c89-9b68-6b3ab2d71ef1\">??? ??????, ??????????? ??? ?????? ?????????, ??????? ????, ?????????, ??????, ???-??? ? ???? ??????????, ??????????????? ???????????? ????? ? ?????????? ?????? ???????, ?? ????? ???????????????&nbsp;?? ??????? ????? ?????????? ??? ????????????????, ? ????? ???? ????????????&nbsp;&nbsp;?? ??????? ????? ?????????? ????? ????????&nbsp;??&nbsp;?????? ??????????. ??? ????????? ?????????????? ?????????? ?? ??????? ???????, ??????????, ????????? ? ?????? ???????? ??????????????????.</b></p>\r\n\r\n<p dir=\"ltr\"><b id=\"docs-internal-guid-6aeb108e-4d15-3c89-9b68-6b3ab2d71ef1\">?????????? ??????????&nbsp;?? ??????? ????? ??????????&nbsp;? ?????????? ???? ??? ????? ????????? ????????? ?????? ?? ???????? ???????&nbsp;&nbsp;?? ??????? ????? ?????????? ?? ??????-???? ?? ????? ???? ? ??????? ??? ???????.</b></p>\r\n\r\n<p dir=\"ltr\"><b id=\"docs-internal-guid-6aeb108e-4d15-3c89-9b68-6b3ab2d71ef1\">4. ??????:<br />\r\n?? ??????? ????? ??????????&nbsp;?? ????? ??????????????? ?? ???-????? ??????? ???, ?????? ?? ??????? ????????? ?? ?????, ???? ???????? ?????? ?? ????. ?? ??????? ????? ??????????&nbsp;?? ???????????? ?? ????? ?????, ?? ?????? ??? ??????, ???????????? ?? ???. ?? ??????? ????? ??????????&nbsp;&nbsp;?? ????? ??????????????? ?? ???????? ????????, ??????????? ?? ????&nbsp;??????, ? ????? ?? ?????? ? ??????, ??????????????? ??? ??? ????????????? ????? ???.&nbsp;?? ??????? ????? ??????????&nbsp;?? ????? ??????????????? ?? ?????????? ??????, ?????? ?? ??????? ????????? ?? ?????, ????&nbsp;???????? ?????? ?? ????&nbsp;maniamodeler.com</b></p>\r\n\r\n<p dir=\"ltr\"><b id=\"docs-internal-guid-6aeb108e-4d15-3c89-9b68-6b3ab2d71ef1\">5. ???????? ??????????:<br />\r\n&nbsp;?? ??????? ????? ?????????? ????????????? ???????? ???? ??? ??????????? ???????? ????????, ?????????????? ?? ?????. ??????&nbsp;?? ??????? ????? ??????????&nbsp;?? ????? ??????????????? ?? ?????? ??? ???????? ? ?????????? ????? ? ?? ???????????&nbsp;????????, ??????? ??? ???????????? ??????????, ??????????????? ?? ?????.</b></p>\r\n\r\n<p dir=\"ltr\"><b id=\"docs-internal-guid-6aeb108e-4d15-3c89-9b68-6b3ab2d71ef1\">??????????, ??????????????? ?? ?????, ????? ???? ???????? ? ????? ????? ??? ???????????????? ???????????.</b></p>\r\n\r\n<p dir=\"ltr\"><b id=\"docs-internal-guid-6aeb108e-4d15-3c89-9b68-6b3ab2d71ef1\">??????????? ?? C???? ???? ?? ??????&nbsp;?? ??????? ????? ??????????&nbsp;??????? ? ?????? ?&nbsp;???????? ??? ???????? ? ???? ??? ?????????? ??????,&nbsp;???? ?? ??????? ????. ???? ??????? ????????????? ??? ?????????? ? ?? ???????? ?????????? ??????????. ?? ??????????? ???, ????????? ? ??????? &laquo;????????-???????&raquo;. ????????? ???? ????? ???? ???????? ??? ??????-???? ???????????.</b></p>\r\n\r\n<p dir=\"ltr\"><b id=\"docs-internal-guid-6aeb108e-4d15-3c89-9b68-6b3ab2d71ef1\">6. ?????????? ?????:<br />\r\n??? ???????, ????????? ? ???????????? ?????? ? ??? ???????????, ???????????? ???????????? ?????? ?????????? ?????????.</b></p>\r\n\r\n<p dir=\"ltr\"><b id=\"docs-internal-guid-6aeb108e-4d15-3c89-9b68-6b3ab2d71ef1\">7. ???? ?????????:<br />\r\n????????? ?????? ?? ????????? ? ???????????? ? ???, ??? ????????? ???????, ?????? ? ????????? ??????????????????, ?????????? ?????????? ????? ???? ?&nbsp;?? ??????? ????? ??????????&nbsp;? ????????? ????????????? ?????.</b></p>\r\n\r\n<p dir=\"ltr\"><b id=\"docs-internal-guid-6aeb108e-4d15-3c89-9b68-6b3ab2d71ef1\">?? ??????? ????? ??????????&nbsp;????? ? ????? ????? ??????? ????????? ? ????????? ??????? ????? ?????????? ?? ?? ?????. ????? ????????? ???????? ? ???? ? ??????? ?? ?????????? ?? ?????. ????????? ???????????? ??????, ?? ????????????? ???? ???????? ? ?????? ??????????? ??????.</b></p>\r\n\r\n<p dir=\"ltr\"><b id=\"docs-internal-guid-6aeb108e-4d15-3c89-9b68-6b3ab2d71ef1\">????????? ?????? ?? ?????????????, ??? ???????????, ????????, ?????????? ? ?????????? ????????? ??????? ??????????? ??????.</b></p>\r\n\r\n<p dir=\"ltr\"><b id=\"docs-internal-guid-6aeb108e-4d15-3c89-9b68-6b3ab2d71ef1\">&nbsp;</b></p>\r\n\r\n<p dir=\"ltr\"><b id=\"docs-internal-guid-6aeb108e-4d15-3c89-9b68-6b3ab2d71ef1\">&nbsp;</b></p>\r\n\r\n<p dir=\"ltr\"><b id=\"docs-internal-guid-6aeb108e-4d15-3c89-9b68-6b3ab2d71ef1\">???????? ??????????????????</b></p>\r\n\r\n<p dir=\"ltr\"><b id=\"docs-internal-guid-6aeb108e-4d15-3c89-9b68-6b3ab2d71ef1\">1.&nbsp;????????? ???????? ?????????????????? ????????????? ? ??????????? ? ????????? ?????????? ???, ?????????? ???????? ???-?????&nbsp;?? ??????? ????? ??????????, ????????? ?????&nbsp;www.maniamodeler.com, ? ????? ????&nbsp;????????, ??????????? ? ????????? ?????????? ?????, ? ??????????????? ??? ????????????? ? ?????????? ?????????.&nbsp;</b></p>\r\n\r\n<p dir=\"ltr\"><b id=\"docs-internal-guid-6aeb108e-4d15-3c89-9b68-6b3ab2d71ef1\">2.&nbsp;????????? ???????? ?????????????????? ??????????? ?????? ? ????????? ??????, ?????????? ????? ?????, ? ?? ???????????????? ?? ???? ???-?????, ? ??? ????? ???????? ?????? ????? ??? ????????, ??????????????? ??? ?????????????, ??????????? ?? ????????? ?????????? ?????????? ?????????. ??????,&nbsp;?? ??????? ????? ??????????&nbsp;????? ?????????? ???? ???????????? ?????? ? ?????? ?????? ??? ????????? ????&nbsp;?????.</b></p>\r\n\r\n<p dir=\"ltr\"><b id=\"docs-internal-guid-6aeb108e-4d15-3c89-9b68-6b3ab2d71ef1\">3.&nbsp;??????????/???????????? ????? ????? ???????? ??? ??? ????????, ??? ? ???????????? ???? ???????????? ?????? ??? ???????????? ??????????? ??? ????????, ??? ??????????? ????????? ??????????????/?????????? ?????, ?/??? ??? ?????????????? ???????????? ? ???? ?????? ??? ?????????? ??????? ????? ????.<br />\r\n??????????/???????????? ?????? ????? ????????????? ???????????? ?????? ??? ????????? ?????, ???????, ?? ?? ?????????????, ?????????? ????????, ?????????? ? ?????????, ???????????? ??? ???????, ? ????? ???????? ? ??????????????, ?????????, ?????????? ?????????? ?? ???? ????????? ??????, ??????????? ?????? ????????? ?? ????????? ??? ????? ????????????????? ???????? ?&nbsp;?? ??????? ????? ??????????&nbsp;???&nbsp;??????????? ???????.</b></p>\r\n\r\n<p dir=\"ltr\"><b id=\"docs-internal-guid-6aeb108e-4d15-3c89-9b68-6b3ab2d71ef1\">4.&nbsp;???????????? ?????? ???????????/????????????? ??????????, ????????, ??????????????, ???????????? ? ?????????? ? ???????????? ? ??????????? ??????? 27.07.2006 ? 152-?? &laquo;? ???????????? ??????&raquo; ????????? ??????????????????.<br />\r\n???????????? ?????? ????? ???????? ???, ?????, ????? ????????, ????? ??????????? ?????, ? ????? ???? ??????????, ? ??? ????? ?? ??????????? ? ???????????????? ??????? ????????? ?? ????????? ??? ? ????????? ??? ????????? ?????? ??? &nbsp;??????? ???????&nbsp;?? ??????? ????? ??????????. ??? ??????????? ?? ????? ????????????/?????????? ????????????? ????????? ??????????: ??????, ???, ???????,&nbsp;</b><b>????? ????????,&nbsp;????? ??????????? ?????, ?????? ??? ??????? ? ?????.</b></p>\r\n\r\n<p dir=\"ltr\"><b id=\"docs-internal-guid-6aeb108e-4d15-3c89-9b68-6b3ab2d71ef1\">??????????????? ??????????????/???????????? ?????????? ????? ???? ????? ???????????? ??? ???????? ??????? ??????? ??????? ? ????? ?????????????? ?? ???????????? ????????? ??? ????????????, ? ????? ??? ????????? ????????????? ??????????? ???????. ???????????? ??????, ?????????? ?? ?????, ????? ???? ?????????? ? ???????????, ?????????? ?? ?????? ??????????, ??? ????????????????? ????????????? ?????????, ?????????? ???-????? ??? ??? ???? ?????, ????? ??? ?????????? ????????????.<br />\r\n???????????? ???? ???????????? ?????? ??? ??????????? ?? ?????, ????????????/?????????? ??????????? ?? ?? ????????? ? ?????????????, ? ??? ????? ? ? ????? ???????????&nbsp;&nbsp;?? ??????? ????? ?????????? ??????? ? ?????.</b></p>\r\n\r\n<p dir=\"ltr\"><b id=\"docs-internal-guid-6aeb108e-4d15-3c89-9b68-6b3ab2d71ef1\">5.&nbsp;?? ??????? ????? ??????????&nbsp;????? ????? ?????????? ??????????????, ? ??? ????? ????????? ?????????, ?? ??????????? ?????&nbsp;?/??? ????????? ??????? ????????????/?????????? ? ??? ????????. ????????????/?????????? ?????? ?????????? ?? ????????? ????????? ? ?????? ?????????? ??? ?????????? ?????? ??????. ????????? ?????????, ????????????? ????????????/?????????? ? ?????? ? ?????? ??? ?????????, ???????????? ????????????? ? ?? ????? ???? ????????? ?????????????/???????????.</b></p>\r\n\r\n<p dir=\"ltr\"><b id=\"docs-internal-guid-6aeb108e-4d15-3c89-9b68-6b3ab2d71ef1\">6.&nbsp;?? ??????? ????? ??????????&nbsp;?? ????? ??????????????? ?? ????????, ??????????????? ?????????????/??????????? ?? ????? ?&nbsp;????????????? ?????.</b></p>\r\n\r\n<p dir=\"ltr\"><b id=\"docs-internal-guid-6aeb108e-4d15-3c89-9b68-6b3ab2d71ef1\">7.&nbsp;? ???????? ????????? ?????? ??????????????/????????????&nbsp;?? ??????? ????? ??????????&nbsp;?????? ???????? ??????????, ??&nbsp;??????? ????????? ? ???????? ????????????/??????????. ????? ?????????? ????????? ?????????? ?????????? ????????????? ? ?????????? ???????? ??????, ? ???????? ? ????, ? ??? ?????, ????? ?????????? ? ?????????? ????????????/??????????, ??????? ??????? ????????? ?? ?????? ?????????? ???-?????: IP-?????, ??? ? ???? ????????, ????? ????????? ? ??????????????? ?????? ???-??????. ?????????? ?? IP-?????? ?? ???????????? ??? ???????????? ???????? ????????????/??????????.<br />\r\n&nbsp; 7.1. ??? ????????? ????????????? ?????????? ????? ?????????????? ?????????? &laquo;cookies&raquo; ??? &laquo;web beacons&raquo;, ??????? ?? ???????? ???????????????? ?????????? ??? ???????????? ??????, ? ?? ?????????? ??????? ?????.<br />\r\n&nbsp; 7.1.1.&nbsp;Cookies&nbsp;- ??? ????????? ?????, ???????????? ?? ????????? ????????????/?????????? ??? ????????? ???-????? ? ??????????? ?? ??????? ????? ?????????? ????????????/??????????. ??? ????????? ????????? ????? ???-????? ????? cookies ???????????? ?? ????, ?? ???????????. ????? cookies ????????? ??????????, ????????, ??????? ?? ????????????/?????????? ?? ???? ?????? ??? ??? ??? ??????? ??? ????? ? ????? ?????????? ??? ???????? ?????????. ??????????? ? ?????? ?????? cookies ????????? ???????? ??????????? ??????? ????? ?????????? ???????????? ?????????????/??????????? ??? ????????? ?????????; ????? cookies ????? ??????????? ???????? ????????, ?????????????? ??? ????????? ??????, ??? ???? ??????????? ??????????, ????? ??????? ? ??????????? ???????? ?????????, ?, ??????????????, ???????????????? ?????.<br />\r\n??????????? ???-????????? ????????? ????? cookies ?? ?????????. ??????, ????????????/?????????? ????? ????????? ??????? ????? ???????, ????? ????????? ??? ????? cookies ??? ????????? ?? ?? ????????. ??? ?????? ?? ????????? ?????? cookies ????????? ??????? ???-?????? ????? ???????? ???????????.<br />\r\n&nbsp; 7.1.2&nbsp;Web beacons&nbsp;(&ldquo;clear gifs&rdquo;, ?????????????? GIF ?????, &ldquo;web bugs&rdquo;, &ldquo;Internet tags&rdquo; ??? ?????????? ????) &ndash; ??? ????????? ??????????? ??????????? ?? ???-????? ??? ? ?????????? ??????????? ?????, ??????? ????????? ??????? ?? ?????????? ?? ????? ??? ?????? ????? cookies ????? ????????????. Web beacons ????????? ??????? ? ??????? ????? ??????????? ????????????? ????????? ??????, ??????????? ?? ?????? ? ???, ??????? ?? ??????????/???????????? ?? ??????? ? ?????????? ??? ?? ???-??????, ? ????? ????? ????? ????????????/?????????? ???????? ?? ? ????? ????????? ??????. ??? ???????? ??????????, ?????????? ? ??????? Web beacons, ???????????? ???-?????.</b></p>\r\n\r\n<p dir=\"ltr\"><b id=\"docs-internal-guid-6aeb108e-4d15-3c89-9b68-6b3ab2d71ef1\">8.&nbsp;?????????? ? ?????????????/??????????? ?? ???????????? ? ?? ?????????? ?? ??????? ????? ?????????? &nbsp;????????????????&nbsp;&nbsp;??????? ?????, ????? ???????, ??????????????? ????????????????? ?????????? ?????????.<br />\r\n?? ??????? ????? ??????????&nbsp;?????? ?????????? ????????? ??????????? ??? ?????????? ????????? ???????? ??? ???????? ????? ?? ????? ?? ??????? ????? ??????????&nbsp;, ??? ????? ??????????? ???????? ??????????????? ??????????????/???????????? ???????????? ??????.<br />\r\n????? ???????? ??? ?????? ????? ????????, ????? ???????, ????????????????? ??????, ??????????? ?????????? ?????????? ? ????? ????????? ? ?????????, ??????? ??? ????????????, ? ????? ???????? ?????????? ??????????????/???????????? ???????.<br />\r\n????? ???????????? ??????????? ????? ?? ???? ????????????? ???????????? ?????????????????? ?????????? ? ????????????? ?? ??????, ? ????? ????????? ???????????? ?????????? ?????????? ????????????? ??? ????? ?????????? ????????? ???????? ??? ???????? ?????.<br />\r\n????? ???????????? ?????? ?????????????/??????????? ????? ???? ???????? ???? ??????? ????? ? ????? ??????????? ??????????? ?????????, ????????????? ?????, ???????? ????? ??? ???????????. ????? ?????? ???? ????? ?? ???? ????????????? ???????????? ?????????????????? ?????????? ? ????????????? ?? ??????, ? ????? ????????? ???????????? ?????????? ?????????? ?????? ??? ????? ?????????? ?????? ?? ???? ????????????.</b></p>\r\n\r\n<p dir=\"ltr\"><b id=\"docs-internal-guid-6aeb108e-4d15-3c89-9b68-6b3ab2d71ef1\">9.&nbsp;???????? ????????? ???????? ?????????????????? ?? ???????????????? ?? ????????????? ?????????? (????????, ??????????? ? ??????????????, ?????????? ?????????? ??? ?????????????? ?????????, ?????????? ????, ?????????, ???-??? ? ???? ???????????), ? ????? ?? ???????????? ??????, ??????????????? ?? ?????????? ????????????/??????????, ? ?????????? ??????? (????????, ???????????? ??????, ??????????????? ?? ? ????? ?? ???????????? ??????, ? ? ????????? ????????? ????).<br />\r\n??????????? ????? ????????????? ??????????, ????????????/?????????? ??????????? ? ???, ??? ????? ?????? ????? ?????????????? ?? ??????????????? ??????????&nbsp;?? ??????? ????? ??????????.<br />\r\n???? ??????????????? ?????????????/??????????? ????????????? ?????????? ???????? ?????????? ??????????? ???????????????? ????????????, ????????? ???????????????? ??? ???????? ???? ????????????? ???? ???????, ????????????/?????????? ??????????? ?????????? ??????, ???????? ? ?????????&nbsp;?? ??????? ????? ??????????, ?? ??????? ??? ?????????????? ????????, ? ????? ?? ??????????? ???, ??????????,&nbsp;????????, ???????, ???????????, ?????????????? ? ??????????? ?? ????? ?????????? ??? ?????, ??????? ????? ???? ??????????? ? ????? ? ?????????????? ??? ????????????? ??????????????? ?????????????/??????????? ????????????? ???????????.</b></p>\r\n\r\n<p dir=\"ltr\"><b id=\"docs-internal-guid-6aeb108e-4d15-3c89-9b68-6b3ab2d71ef1\">10.&nbsp;?? ?????? ?? ??, ??? ???????? ?????????? ?????????????? ?? ?????????? ????????, ?? ???? ?? ???????? ????????-???????? ?? ???????? ?? 100% ?????????? ? ????????????, ? ?????? - ????????? ???????????.&nbsp;?? ??????? ????? ??????????&nbsp;?? ????? ????????????? 100%-??? ???????????? ???-??????, ??? ?????? ??? ?????, ?????&nbsp;??? ?????????????, ??? ??????????, ??????? ????????????/?????????? ?????????????, ?? ????? ???? ??????????? ???????? ?????? ? ???????? ?? ???????? ????? ????????.&nbsp;?? ??????? ????? ??????????&nbsp;?? ?????&nbsp;??????????????? ?? ???????? ??????? ???.</b></p>\r\n\r\n<p dir=\"ltr\"><b id=\"docs-internal-guid-6aeb108e-4d15-3c89-9b68-6b3ab2d71ef1\">11.&nbsp;????????????/?????????? ?????? ?????? ????????? ? ???? ???????????? ??????, ?????????? ?? ???????? ?? ????????? ?????????????? ??????????? ?????????, ???????? ???? ???????? ?? ????????????? ???????????? ??????, ? ????? ??????????????? ????? ???????, ???????????????? ????????????????? ??.<br />\r\n? ???? ?????? ????????????/?????????? ?????? ????????? ?????????? ?&nbsp;?? ??????? ????? ??????????&nbsp;? ?????????? ?? ?????? ??&nbsp;&nbsp;???????? ?? ????????? ?????????????? ??????????? ????????? ?/??? ?? ?????? ???????? ?? ????????????? ???????????? ??????. ????????? ????? ???? ?????????? ??&nbsp;??????????? ????? ?? ??????&nbsp;<a href=\"mailto:eshop@betatorg.ru\">info@maniamodeler.com</a>. ????? ?????????? ?? email-???????? ???????????? ????? ?????? ?? ??????????? ??????, ??????????? ? ?????? ????? ??????.<br />\r\n???????????? ?????? ????????????/?????????? ????????? ?? ?????????? ????&nbsp;?? ??????? ????? ??????????&nbsp;? ??????? 30 (????????)&nbsp;??????? ???? ? ??????? ????????? ???????????????? ????????? ????????????/??????????.</b></p>\r\n\r\n<p dir=\"ltr\"><b id=\"docs-internal-guid-6aeb108e-4d15-3c89-9b68-6b3ab2d71ef1\">12.&nbsp;&nbsp;?? ??????? ????? ?????????? ?????? ???????????? ?????? ?????????? ?????????? ? ?????????????/???????????. ??? ????&nbsp;?? ??????? ????? ??????????&nbsp;?????????: ????????????? ??????? ???????????????????? ??????? ? ??????????, ??????????&nbsp;? ???? ?????????? ???????????, ?/??? ???????? ?? ??????? ?????, ?? ??????? ????????????????? ????????? ? ?????? ??????????, ??? ??? ?????????? ? ?. 8 ????????? ????????.</b></p>\r\n\r\n<p dir=\"ltr\"><b id=\"docs-internal-guid-6aeb108e-4d15-3c89-9b68-6b3ab2d71ef1\">13.&nbsp;?? ??????? ????? ??????????&nbsp;????????? ?? ????? ?????, ?? ?????? ??????????????? ??????????, ????????, ????????? ??? ????&nbsp;??????? ????????? ????????? ???????? ? ????? ?????, ? ????????????/?????????? ???????? ???? ???????? ?? ????? ?????????, ?????????? ??? ??????????.&nbsp;?? ??????? ????? ??????????&nbsp;???????? ??? ? ????????&nbsp;?????????, ????????? ??????????? ?????? ???????? ?? ?????? ????????, ? ????????? ???? ???????? ?????????. ????????? ???????????? ???? (??????? ??????, ???????? ?/??? ????????????? ????? ????????????? ???????) ????????????/?????????? ???? ???????? ? ????????? ????????? ? ?????? ????????? ? ??? ???????????. ?? ??????? ????? ??????????&nbsp;??????????? ???????????? ??????????? ? ?????????&nbsp;?????????, ????? ????? ????? ??????? ?????????? ???????????? ?????? ?????????????/???????????.</b></p>\r\n',18,0,1,0,0,1,999,'',0,'','[]',0,'',''),(20,'????????  ? ??????','dostavka','<ul>\r\n	<li><strong>?? ???????? ???????&nbsp;?????? ????????? ???????? ?????????? ?????????????, ????? ????, ??? ?? ??????? ???? ??????</strong></li>\r\n</ul>\r\n\r\n<ul>\r\n	<li><strong>???????? ?? ?????? - 370 ?.</strong>&nbsp;<strong>???????? ?????? ????? 100% ??????????.</strong></li>\r\n	<li><strong><strong>???????? ?? ?????? ?? ???? ? ? ???????????</strong></strong>&nbsp;- ???? ??????? ?? ?????? ??????????????.&nbsp;<strong>???????? ?????? ????? 100% ??????????.</strong></li>\r\n	<li><strong>???????? ? ?????? ???????&nbsp;</strong>- ???? ??????? ?? ?????? ??????????????.&nbsp;<strong>???????? ?????? ????? 100% ??????????.</strong>&nbsp;????? ?? 3 ?? 30 ????.</li>\r\n</ul>\r\n\r\n<p>????? ???????? ??????????????? ? ?????????? ?????? ????????, ???????&nbsp;<u><strong>???????????</strong></u>&nbsp;???????? ? ???? ????? ????, ??? ?? ?????????? ???? ?????.</p>\r\n\r\n<p>&nbsp;</p>\r\n\r\n<p><strong>????????</strong>!&nbsp;??????????? ????????? ????? ????????, ???????? ??? ???????? ????? ????? ???????? ? ?????????????? ????????!</p>\r\n\r\n<p>??????????, ??????????? ?????????? ???? ???????????? ?????? ??? ??????????? ? ?????????? ??????.</p>\r\n\r\n<p><strong>?????????????????? ????? ??????????????? ?????? ?????????????.</strong></p>\r\n\r\n<p>&nbsp;</p>\r\n\r\n<p>?????????? ????????&nbsp;????????? ? 10:00 ?? 22:00 ?????.</p>\r\n\r\n<p>????? ????????????? ???????? ??????? ?? ??????? ?????????? ?????? ? ??????? ??????.</p>\r\n\r\n<p><strong>???????? ??????? ????????,&nbsp;??????????? &nbsp;?????????????.</strong></p>\r\n\r\n<p>???????? ?????????????? ?? ??????, ?????????? ??? ?????????? ??????. ???? ?????????? ????????? ????? ?? ????? ??????,&nbsp;??????????, ????????? ? ????.</p>\r\n\r\n<p>&nbsp;</p>\r\n\r\n<p>??? ???????? ??? ????? ???????? ??? ??????????? ????????? ?? ???????.</p>\r\n\r\n<p>????, ????????? ? ?????????? ??? ???????? ??????????, ???????? ?????????????,&nbsp;<strong>?????? ?? ???????? ?????? ????????????? ????.</strong>&nbsp;????????? ???????? ?????????? ? ?????????? ?? ??????? ????????? ??????.</p>\r\n\r\n<p>&nbsp;</p>\r\n\r\n<p><strong>????????</strong>!&nbsp;?????? ??? ???????, ??? ??? ??????????? ????????? ? ??????????????? ???????? ?????????????? ?????? ??? ??????? ???????? ? ?????? ?????????&nbsp;<strong>?? ??????? ??????? ??????</strong>. ? ??????????? ?????????? ?????? ???????? ?? ?????? ????????????? ???????????? ???????????? ??????????????? ??????? ??????.</p>\r\n\r\n<p>&nbsp;<strong>??????????, ?????????? ?????????????, ???????????? ???????? ? ?????????? ???????????? ??????????? ??????????????? ? ?????? ????????? ??????.</strong>&nbsp;</p>\r\n\r\n<p><strong>???? ? ?????? ???????? ??? ?????? ?? ?? ?????? ????????? ?? ??????? ???????????? ???????????, ? ?????????? ????? ????????? ?? ???????????.</strong></p>\r\n',16,0,1,0,0,1,999,'',0,'','[]',0,'',''),(21,'??? ??????? ?????','kak-sdelat-zakaz','<p>&nbsp;</p>\r\n\r\n<p>&nbsp;</p>\r\n\r\n<p><meta charset=\"utf-8\" /></p>\r\n\r\n<p dir=\"ltr\"><b id=\"docs-internal-guid-2fbc5af3-529c-ac48-a233-49fc50358b2e\">?????????????? ????? ?????????? ???????? ???????? ????????????? ? ???? ? ????? ?????????? ?? ???????????? ???????? ???? ??????. ?????????????? ????? ????????/?????????????? ?? ?????????? ?? ????????????? ???????????????. </b></p>\r\n\r\n<p dir=\"ltr\"><b id=\"docs-internal-guid-2fbc5af3-529c-ac48-a233-49fc50358b2e\">?????????? ??????????, ?????????????? ?? ?????, ???????????? ?????? 30 ?????.</b></p>\r\n\r\n<p dir=\"ltr\"><b id=\"docs-internal-guid-2fbc5af3-529c-ac48-a233-49fc50358b2e\">????? ??????? ?????????????? ????? ????????? ??????????? ?????/??????????? ??????? ?? ???????? ????????-???????? ? ??????????? ???????. ?? ?????????? ??????????????? ???????????? ?????? ?????????? ????????? &nbsp;?????? &laquo;???????&raquo;, ????????? ???????????? ????? ? ??????? &laquo;???????? ?????&raquo;. </b></p>\r\n\r\n<p dir=\"ltr\"><b id=\"docs-internal-guid-2fbc5af3-529c-ac48-a233-49fc50358b2e\">??? ????????? ??????? ?????????? ????????? ???????? ?????? ??????????? ?? ?????????, ????????? ???????????? ?????/???????????? (? ??? ????? ????? ??????????? ????????? ????? ??????????? WhatsApp, Telegram, Viber), ??? ??????????????? ????????? ?????????? ?? ?????? ? ??? ??????? ????? ????????? ? ??????????, ???????????: ???????, ?????, ?????????, ????????? ???????, ??????????? ?????????? ?????????? ????????? ? ??????, ??????? ???? ??????, ???? ?????? ??????, ??????????????? ??????????????? ???? ????????, ?????? ???????? ? ?? ?????????, ??????? ?????????? ??????? ?? ?????? ???????? ? ???????, ???????????? ??? ????????? ? ???????? ??????. ?????? ?? ????? ? ???????, ????, ??????? ???? ? ??????????????? ?????? ????? ?????????? ?? ??????, ?????????? ? ??????? ? ????????, &nbsp;? ????? ???????? ?? ??????????????? ???? ???????? ?????? ????????????? ? ???? ??????????? ?????. ??????? ????????? ?????????????? ?????????, ????? ????????? ????????, ??????????? ? ??????? ??? ?????????? ????????? ?????? ????? ??????????? ?????? ????????? ???????? ? ????????????? ???? ??????? ?????? ?????-??????? ??????.</b></p>\r\n\r\n<p dir=\"ltr\"><b id=\"docs-internal-guid-2fbc5af3-529c-ac48-a233-49fc50358b2e\">? ?????? ?????????? ?????????? ??????????? ??????? ?? ?????? ????????, ????????? ?????? ????????? ????????? ????? ?? ?????? / ???????????? ????? ??????????, ???????? ?? ???? ?????????? ????? ??????????? ???????????????? ???????????? ????????? ?? ??????, ?????????? ??????????? ??? ???????????, ???? ??????????? ?????????? ????? (? ??? ????? ????? ??????????? ????????? ????? ??????????? WhatsApp, Telegram, Viber). </b></p>\r\n\r\n<p dir=\"ltr\"><b id=\"docs-internal-guid-2fbc5af3-529c-ac48-a233-49fc50358b2e\">????? ?????????? ? ?????? ?????? ?? ????? ?????????? ??????????????? ?????????? ? ?????????????? ???? ???????? ????? ??????????? ???????????? ????????? ?? ??????, ?????????? ??????????? ??? ???????????, ??? ?? ?????????? ????? (? ??? ????? ????? ??????????? ????????? ????? ??????????? WhatsApp, Telegram, Viber). ? ?????? ??????????? ???????? ??????? ????????&nbsp;???????? ?????????? ????????????? ????????? ??????????? ??? ???????????? ??????. ???? ???????? ?????? ????? ???? ???????? ????????? ? ????????????? ??????? ? ?????? ??????? ???????????, ?? ?????? ????????, ??????, ? ??? ????? ? ??????? ???????? ?????? ??? ???????? ??????? ?????.</b></p>\r\n\r\n<p dir=\"ltr\"><b id=\"docs-internal-guid-2fbc5af3-529c-ac48-a233-49fc50358b2e\">??? ?????? ??????????? ????? &laquo;?????????&raquo; ????????, ????? ?????????? ????????? ????????????? ? ?????? ??????, ????????? ????? ? ?????????? ?????????? MANIA modeler ?? ????, ?? ??????????? 7 (????) ?????. ?????? ???????? ??????? ?????????? ? ??? ??????????? ??????. ?? ????????? 7 ?????, ???????? ?? ????? ??????????????? ?? ??????????? ??????.&nbsp;</b></p>\r\n',16,0,1,0,0,1,999,'',0,'','[]',0,'',''),(22,'??????? ????????','usloviya-vozvrata','<p>&nbsp;</p>\r\n\r\n<p><meta charset=\"utf-8\" /></p>\r\n\r\n<p dir=\"ltr\"><b id=\"docs-internal-guid-2fbc5af3-528b-c716-a5ab-a272a7c16c3d\">???? ??????, ???????????? ? ????????-????????, ??????????? ? ?????? ?????????? ?????????, ???????? &nbsp;???. ? ?????? ????????? ???????? ???? ??????????? ??????????? ??????, ????????????? ?????????? ?????? ? ?????? ?????????? ????????? ???????? ??????????? ?? ???? ?????????? ??? ????????????? ?????? ?? ???????????? ???? ???? ????????????? ??????. ??? ????????????? ????????? ? ??????????? ?????? ????? ????????? ??????????????. ???? ????? ??? ???????, ???????? ?????????? ?????????? ?????????? ?? ????? ????? ??? ?? ????????, ??????? ??? ???? ????????.</b></p>\r\n\r\n<p dir=\"ltr\"><b id=\"docs-internal-guid-2fbc5af3-528b-c716-a5ab-a272a7c16c3d\">??? ???????? ???????? ??????? ?? ????? ??????????? &nbsp;????????, ?????????? ??????????? ??????? ? ????? ????????? ?????????????? ??????????, ???????? ??? ???????? ???????? ??????? ?????? ???????? ? ?????????? ????? ?????????? ???????? (?????) ?? ???????????? ?????? ????????(????????) ? ?????????? ????? ???????? ?? ??????? ????? ???????? (?????). &nbsp;</b></p>\r\n\r\n<p dir=\"ltr\"><b id=\"docs-internal-guid-2fbc5af3-528b-c716-a5ab-a272a7c16c3d\">???? ?????????????? ?????????? ?????????? ?????????? ??????? ? ?????? ???? ????????????. ??? ???? ?????? ?????????, ??? ??? ???????? ???????? ??????? ?? ?????, ?????????? ?????????? ??????, ??????????? ??????? ???????????? ????? ?????? ???????? ? ??????-????????? ????? ??????????. ????? ???????? ???????? ??????? ? ??????? ?????????? ????????? ?????????? ???????? ????? ???????? ? ??????? ???? ?????????? ?? ??????? ??????? ?? ????????? ???? ??????? ???. </b></p>\r\n\r\n<p dir=\"ltr\"><b id=\"docs-internal-guid-2fbc5af3-528b-c716-a5ab-a272a7c16c3d\">???? ?????? ?? ????? ????? ???? ???????? ????????? ? ????????????? ???????. ??? ???? ???? ?? ?????? ?? ?????????????? ??????? ??????????? ????????? ?? ????????. ????????? ???????? ?????????? ? ?????????? ?? ??????? ????????? ??????.</b></p>\r\n\r\n<p dir=\"ltr\"><b id=\"docs-internal-guid-2fbc5af3-528b-c716-a5ab-a272a7c16c3d\">??????????? ?????? ?????? ? ??????? ?????????? ????:</b></p>\r\n\r\n<p dir=\"ltr\"><b id=\"docs-internal-guid-2fbc5af3-528b-c716-a5ab-a272a7c16c3d\">? ???????????? ? ?????????? ?? ?? &laquo;?? ??????? ?????????? ???? ? ?? ?????????, ??????????? ? ?????????????? ????????? ????&raquo; ?? 24.12.2004 ? 266-? ???????? ?? ?????????? ?????? ??????????? ?????????? ????? ???? ?????????????? ?? ?????.</b></p>\r\n\r\n<p dir=\"ltr\"><b id=\"docs-internal-guid-2fbc5af3-528b-c716-a5ab-a272a7c16c3d\">??????????? ???????? ?? ?????????? ?????? ?????????????? ??????. ???? ? ????? ???? ????????? ????????, ??? ???????? ????? ????????????? ????????, ?? ???? ?????? ???????? ? ????????????? ?????? ????????. ????????????? ???????? ? ??????????? ??????? ???????? ??? ???????? ?????? 159 ?? ??.</b></p>\r\n\r\n<p dir=\"ltr\"><b id=\"docs-internal-guid-2fbc5af3-528b-c716-a5ab-a272a7c16c3d\">?? ????????? ??????? ?????????? ???? ?????????????? ????????????? ?????????? ???? ??? ?????? ??? ??????, ??????????? ?? ????? ? ?????????? ?????????? ??????, ??????????? ?????????. ? ????? ???????? ???????? ????????? ? ??? ????????????? ?? ????????????? ????? ???????? ?????? ??????????? ?? ??????????, ??????????? ?????, ???????????? ?????????, ??????????????? ????????.</b></p>\r\n\r\n<p dir=\"ltr\"><b id=\"docs-internal-guid-2fbc5af3-528b-c716-a5ab-a272a7c16c3d\">????????-??????? ???????? ???????????? SSL ? ?????????? 3D Secure. </b></p>\r\n\r\n<p dir=\"ltr\"><b id=\"docs-internal-guid-2fbc5af3-528b-c716-a5ab-a272a7c16c3d\">???????? ?????? ?????? ??? ??????????? ?????????? ????????????, ????????????? ?????????? ???????? ? ????? ????????, ? ????? ?????????????? ???????????? ??????? ???????????. </b></p>\r\n\r\n<p dir=\"ltr\"><b id=\"docs-internal-guid-2fbc5af3-528b-c716-a5ab-a272a7c16c3d\">???????? ?????? ????????????? ?????? ?? ?????? ? ????????????? ????????? ???????. ???? ??????, ???????, ??????? ? ??????? ?????????? ???????????? ?????????? ?????????????? ? ??????? ?? ????? ? ????? ???? ???????? ????????? ? ????????????? ???????. ? ?????? ?????????? ????????????? ????????, ????????? ? ????????? ?????????????? ? ??????????????(??) ??????(??) ???????, ????????????? ??????? ??? ??????????????? ?? ???????????, ???????? ?????? ????????? ???????? ????? ?????????????? ???????, ????????????? ??????? ?/??? ??????????????? ??? ???????? ??????????? ??????? ???? ????? ???????, ???? ?? ??????? ????????????? ???????? ????? ??????????????? ?????? ?? ????????? ?????, ??????????? ??? ????????? ??????????????? ??????, ?????????????? ?????? ?/??? ??????????????? ?? ??????????? ???? ???? ??????? ?? ??????????? ??????? ????????????? ????????. </b></p>\r\n\r\n<p dir=\"ltr\"><b id=\"docs-internal-guid-2fbc5af3-528b-c716-a5ab-a272a7c16c3d\">? ?????? ???????? ??????? ??????????? ???????? ?? ??????? ????????????? ???????, ?????, ?????? ???????? ???????? ?????? ????????? ???????. ????????? ???????? ?? ??????????????, ????????? ???????? ?? ??????????? ??????????? ???????????? ???????????. </b></p>\r\n\r\n<p>&nbsp;</p>\r\n\r\n<p dir=\"ltr\"><b id=\"docs-internal-guid-2fbc5af3-528b-c716-a5ab-a272a7c16c3d\">??? ?????? ??? ???????? ?? ????? ??????? ?????????? ???????????:</b></p>\r\n\r\n<p>&nbsp;</p>\r\n\r\n<p dir=\"ltr\"><b id=\"docs-internal-guid-2fbc5af3-528b-c716-a5ab-a272a7c16c3d\">???????;</b></p>\r\n\r\n<p>&nbsp;</p>\r\n\r\n<p dir=\"ltr\"><b id=\"docs-internal-guid-2fbc5af3-528b-c716-a5ab-a272a7c16c3d\">??????????? ????? ????????? ?? ???????;</b></p>\r\n\r\n<p>&nbsp;</p>\r\n\r\n<p dir=\"ltr\"><b id=\"docs-internal-guid-2fbc5af3-528b-c716-a5ab-a272a7c16c3d\">?????????? ?????, ? ??????? ????????????? ??????;</b></p>\r\n\r\n<p>&nbsp;</p>\r\n\r\n<p dir=\"ltr\"><b id=\"docs-internal-guid-2fbc5af3-528b-c716-a5ab-a272a7c16c3d\">???????? ???. </b></p>\r\n\r\n<p>&nbsp;</p>\r\n\r\n<p dir=\"ltr\"><b id=\"docs-internal-guid-2fbc5af3-528b-c716-a5ab-a272a7c16c3d\">??????? ?????? ???????????? ? ?????????? ?????????? MANIA modeler, ?????????????? ?????????? ???? ? ????? ????????????? ???????? ?? ????????: +7(999)990-91-09. ? ?????? ???? ??????? ?????? ???????????? ????????????? ?????????? ? ? ????????? ?? ??????? ??????? ?????????? (??? ????) ????????? (??? ???????? ???????? ???????) ???????, ?? ?????????????? ?????? ???? ??????????? ??????????????? ???????????? ????????????. ??? ?????????? ???????????? ???????????? ????? ? ???????? ?? ????????????? ?????????? ?? ???????????.</b></p>\r\n\r\n<p dir=\"ltr\"><b id=\"docs-internal-guid-2fbc5af3-528b-c716-a5ab-a272a7c16c3d\">????????? ????? ?????? ? ???????? ?? ????????.</b></p>\r\n\r\n<p dir=\"ltr\"><b id=\"docs-internal-guid-2fbc5af3-528b-c716-a5ab-a272a7c16c3d\">?? ????????? ????????? ???????? ??????? ? ?????? ???????! ??????? ??????? ? ???????? ?????????: ??????????? ?????, ????? ?? ??????? ?????????, ?????????? ? ???????????? ????????, ?????????, ???????? ? ??????? ????????????, ?? ??????????????.</b></p>\r\n',16,0,1,0,0,1,999,'',0,'','[]',0,'','fbcGCWasjuloUQ6SQ7QrJSwmSDxc3hv0.png;'),(23,'????? ?????????? ???????','chasto-zadavaemye-voprosy','<p style=\"margin-right:0cm; margin-left:0cm\"><span style=\"font-size:12pt\"><span style=\"font-family:&quot;Times New Roman&quot;,serif\"><strong><span style=\"font-family:&quot;Arial&quot;,&quot;sans-serif&quot;\">1. &nbsp;????????? ????? ???????? ??????????? ??????? ? ??????? ??? ??????, ???? ????? ? ????? ???????? ?? ???, ??? ? ?????????????</span></strong></span></span></p>\r\n\r\n<p style=\"margin-right:0cm; margin-left:0cm\"><span style=\"font-size:12pt\"><span style=\"font-family:&quot;Times New Roman&quot;,serif\"><strong><span style=\"font-family:&quot;Arial&quot;,&quot;sans-serif&quot;\"><span style=\"font-weight:normal\">?????? ??????? ? ?????? ??? ????? ?????????? ???????????????? ???????? ??? ??????????? ?????????. ??? ???????? ??? ????, ????? ??????????? ?????????? ???????? ??????? ? ?????????. ? ?????? ????????????? ??????????? ???????????? ?????????????? ????????? ? ????? ????????????? ??????????? ? ?????????. ?? ????????? ?? ????? ?????? ?? ????, ??????? ????????? ???????? ????? ??????? ???????????. ??????? ?????????? ????? ?????? ???????? ???????????, ??????? ??? ???????? ????????? ???????? ????? ??????? ??????? ?????????? ? ????????????? ?????????, ????? ???????? ??? ????? ????? ????????? ???????? ????????????? ????????? ?????. ?????? ??????? ??? ?????? ??????? ? ??????? ???????????? ???????? ????? ?????? &ndash; ?????????? ? ??? ? ?????!</span></span></strong></span></span></p>\r\n\r\n<p style=\"margin-right:0cm; margin-left:0cm\"><span style=\"font-size:12pt\"><span style=\"font-family:&quot;Times New Roman&quot;,serif\"><strong><span style=\"font-family:&quot;Arial&quot;,&quot;sans-serif&quot;\">2. ??????? ??????? ???????? ????? ??????? ?? ?????????????? ???????</span></strong></span></span></p>\r\n\r\n<p style=\"margin-right:0cm; margin-left:0cm\"><span style=\"font-size:12pt\"><span style=\"font-family:&quot;Times New Roman&quot;,serif\"><strong><span style=\"font-family:&quot;Arial&quot;,&quot;sans-serif&quot;\"><span style=\"font-weight:normal\">??????????? ???? ?????? ?????? ??????? ?????????? 10-14 ??????? ????. ???? ??????? ?????????? ??? ? ???????????? ????, ??????????, ???????????? ??? ?? ???? ???????, ? ?? ??????? ??? ?????????, ????? ?? ???????? ???? ????? ???????.</span></span></strong></span></span></p>\r\n\r\n<p style=\"margin-right:0cm; margin-left:0cm\"><span style=\"font-size:12pt\"><span style=\"font-family:&quot;Times New Roman&quot;,serif\"><strong><span style=\"font-family:&quot;Arial&quot;,&quot;sans-serif&quot;\">3. ??? ? ? ????? ????? ? ?????? ???? ??????</span></strong></span></span></p>\r\n\r\n<p style=\"margin-right:0cm; margin-left:0cm\"><span style=\"font-size:12pt\"><span style=\"font-family:&quot;Times New Roman&quot;,serif\"><strong><span style=\"font-family:&quot;Arial&quot;,&quot;sans-serif&quot;\"><span style=\"font-weight:normal\">???? ???????? ?????? ??????? ?? ?????? ????? ??????????. ????????? ? ?????? ???????? ?? ?????? ??????????? ? ??????? &ldquo;???????? ? ??????&rdquo;.</span></span></strong></span></span></p>\r\n\r\n<p style=\"margin-right:0cm; margin-left:0cm\"><span style=\"font-size:12pt\"><span style=\"font-family:&quot;Times New Roman&quot;,serif\"><strong><span style=\"font-family:&quot;Arial&quot;,&quot;sans-serif&quot;\">4. ? ???? ? ?????? (????????? ???????????), ????? ?? ????? ??????? ? ??????????</span></strong></span></span></p>\r\n\r\n<p style=\"margin-right:0cm; margin-left:0cm\"><span style=\"font-size:12pt\"><span style=\"font-family:&quot;Times New Roman&quot;,serif\"><strong><span style=\"font-family:&quot;Arial&quot;,&quot;sans-serif&quot;\"><span style=\"font-weight:normal\">??, ?? ?????? ???????? ? ??? ?? ??????????????? ???????????????</span></span></strong></span></span></p>\r\n\r\n<p style=\"margin-right:0cm; margin-left:0cm\"><span style=\"font-size:12pt\"><span style=\"font-family:&quot;Times New Roman&quot;,serif\"><strong><span style=\"font-family:&quot;Arial&quot;,&quot;sans-serif&quot;\">5. ???? ?? ? ???????? ??? ?????? ????????? ? ???? ?????.</span></strong></span></span></p>\r\n\r\n<p style=\"margin-right:0cm; margin-left:0cm\"><span style=\"font-size:12pt\"><span style=\"font-family:&quot;Times New Roman&quot;,serif\"><strong><span style=\"font-family:&quot;Arial&quot;,&quot;sans-serif&quot;\"><span style=\"font-weight:normal\">?????? ????? ????????? ? ??????????? ??????????? ??????????. ???? ?? ?????? ?????? ????????? ??? ???????? ?????, ??????????, ????? ?? ????????? ? ?????????? ??????? ????????-???????? ?? ???????? +7(999)990-91-09. ? ?????????, ?? ?? ?????? ????? ????????? ????? ?????? ? ???????????????? ?????, ?? ????? ?????? ?????? ??? ? ??????????? ????? ???????.</span></span></strong></span></span></p>\r\n\r\n<p style=\"margin-right:0cm; margin-left:0cm\"><span style=\"font-size:12pt\"><span style=\"font-family:&quot;Times New Roman&quot;,serif\"><strong><span style=\"font-family:&quot;Arial&quot;,&quot;sans-serif&quot;\">6. ???? ?? ? ???????? ???? ????? ??????? ?????????? ???????? ????? ?????????? ??????, ? ????? ??????????</span></strong></span></span></p>\r\n\r\n<p style=\"margin-right:0cm; margin-left:0cm\"><span style=\"font-size:12pt\"><span style=\"font-family:&quot;Times New Roman&quot;,serif\"><strong><span style=\"font-family:&quot;Arial&quot;,&quot;sans-serif&quot;\"><span style=\"font-weight:normal\">? ?????????, ???.&nbsp;</span></span></strong></span></span></p>\r\n\r\n<p style=\"margin-right:0cm; margin-left:0cm\"><span style=\"font-size:12pt\"><span style=\"font-family:&quot;Times New Roman&quot;,serif\"><strong><span style=\"font-family:&quot;Arial&quot;,&quot;sans-serif&quot;\">7. ??? ????????? ??????? ?????????? ??????.</span></strong></span></span></p>\r\n\r\n<p style=\"margin-right:0cm; margin-left:0cm\"><span style=\"font-size:12pt\"><span style=\"font-family:&quot;Times New Roman&quot;,serif\"><strong><span style=\"font-family:&quot;Arial&quot;,&quot;sans-serif&quot;\"><span style=\"font-weight:normal\">????? ?????????? ?????? ?????? ??????????????, ??????????, ???????? ????????. ? ??????, ???? ? ??? ???????? ??????? ??? ????????, ?????????? ? ???????????? ?????????? ????????? ???????? ?? ???????? +7(999)990-91-09.</span></span></strong></span></span></p>\r\n\r\n<p style=\"margin-right:0cm; margin-left:0cm\">&nbsp;</p>\r\n\r\n<p style=\"margin:0cm 0cm 10pt; margin-right:0cm; margin-left:0cm\">&nbsp;</p>\r\n\r\n<p>&nbsp;</p>\r\n\r\n<p>&nbsp;</p>\r\n\r\n<p>&nbsp;</p>\r\n\r\n<p><strong><meta charset=\"utf-8\" /></strong></p>\r\n\r\n<p dir=\"ltr\">&nbsp;</p>\r\n',16,0,1,0,0,1,999,'',0,'','[]',0,'',''),(24,'????????? ??????','usloviya-i-polozheniya','<p>&nbsp;</p>\r\n\r\n<p><meta charset=\"utf-8\" /></p>\r\n\r\n<p dir=\"ltr\"><b id=\"docs-internal-guid-b7c54585-4d36-fe77-1360-0a5f5a2631bc\">????????? ??????</b></p>\r\n\r\n<p dir=\"ltr\"><b id=\"docs-internal-guid-b7c54585-4d36-fe77-1360-0a5f5a2631bc\">??????????</b></p>\r\n\r\n<p dir=\"ltr\"><b id=\"docs-internal-guid-b7c54585-4d36-fe77-1360-0a5f5a2631bc\">(????? &ndash; ??????????, ??????) </b></p>\r\n\r\n<p dir=\"ltr\"><b id=\"docs-internal-guid-b7c54585-4d36-fe77-1360-0a5f5a2631bc\">???????, ???????????? ? ??????</b></p>\r\n\r\n<p dir=\"ltr\"><b id=\"docs-internal-guid-b7c54585-4d36-fe77-1360-0a5f5a2631bc\">????/????????-???? - http://www.maniamodeler.com/</b></p>\r\n\r\n<p dir=\"ltr\"><b id=\"docs-internal-guid-b7c54585-4d36-fe77-1360-0a5f5a2631bc\">????????-??????? - ???????? ????, ????????????? ? ???? &laquo;????????&raquo; ?? ?????? http://www.maniamodeler.com/, ??? ???????????? ??????, ???????????? ??????? MANIA modeler ??? ????????????, ??????? ?????? ? ???????? ??????? ???????????, &nbsp;? ????? ?????????? ????????-?????????????? ?????????, ?????????? ???????? ??????????.</b></p>\r\n\r\n<p dir=\"ltr\"><b id=\"docs-internal-guid-b7c54585-4d36-fe77-1360-0a5f5a2631bc\">????? MANIA modeler &ndash; ?? ??????? ????? ?????????? ( ??? 381909782860 ?????? 317774600588847)</b></p>\r\n\r\n<p dir=\"ltr\"><b id=\"docs-internal-guid-b7c54585-4d36-fe77-1360-0a5f5a2631bc\">???????? - ????? MANIA modeler ??? ???? ??????????? ????/?????????????? ??????????????? ? ????????? ???????, ????????????? ? ???????????? ??? ?????????? &nbsp;? ?????? ???????????? ? ???????? ??????.</b></p>\r\n\r\n<p dir=\"ltr\"><b id=\"docs-internal-guid-b7c54585-4d36-fe77-1360-0a5f5a2631bc\">O?????, ?????????? ? ???? ?????? ?????? MANIA modeler, ?????????????? ? ??????? ?? ????? ???? ???????? ????, ? ??????? ????? MANIA modeler ??????????? ????????????.</b></p>\r\n\r\n<p dir=\"ltr\"><b id=\"docs-internal-guid-b7c54585-4d36-fe77-1360-0a5f5a2631bc\">?????????? ????? &ndash; ????? ????, ?????????????? ? ???? &laquo;????????&raquo; ??????? ?? ???? ????????, ??? ?????????, ??? ? ?? ????????? ? ????????? ????????? ?????? ? ??????????? ??????, ????????????? ??????????? ??????? ?????????? ??????????. </b></p>\r\n\r\n<p dir=\"ltr\"><b id=\"docs-internal-guid-b7c54585-4d36-fe77-1360-0a5f5a2631bc\">?????????? &ndash; ?????????? ?????, ???????????? ????? ? ????????-???????? ?????? MANIA modeler.</b></p>\r\n\r\n<p dir=\"ltr\"><b id=\"docs-internal-guid-b7c54585-4d36-fe77-1360-0a5f5a2631bc\">????? - ??????????? ?????? ?????????? ?? ???????????? ? ???????? ?? ?????????? ??????????? ?????? ???? ??????????? ?????????? ??????? ?? ?????????? ?????????? MANIA modeler, ????????? ?? ?????, ????? ????????? ?? ? ??????????? ???????.</b></p>\r\n\r\n<p>&nbsp;</p>\r\n\r\n<p dir=\"ltr\"><b id=\"docs-internal-guid-b7c54585-4d36-fe77-1360-0a5f5a2631bc\">I ????? ????????? ??????</b></p>\r\n\r\n<p>&nbsp;</p>\r\n\r\n<p dir=\"ltr\"><b id=\"docs-internal-guid-b7c54585-4d36-fe77-1360-0a5f5a2631bc\">????????? ??????? ??????? ???????, ? ????? ?????????? ? ??????, ?????????????? ?? ?????, ???????? ????????? ??????? ? ???????????? ?? ??.435 ? ?.2 ??.437 ???????????? ??????? ?????????? ?????????.</b></p>\r\n\r\n<p dir=\"ltr\"><b id=\"docs-internal-guid-b7c54585-4d36-fe77-1360-0a5f5a2631bc\">???????? ???????????? ??????? ??????? ????? ????????-??????? ?/??? ?? ????? ????????? ?????????? ?? ???? ???????????? ?????? iOS ? Android ???? ????? ?????????? ?????????? MANIA modeler &nbsp;??? ?????? ??????????? ?????/??????????? ??? ?????????? ?????? ??????? &laquo;?????????&raquo;.</b></p>\r\n\r\n<p dir=\"ltr\"><b id=\"docs-internal-guid-b7c54585-4d36-fe77-1360-0a5f5a2631bc\">??????? ????????-??????? ? ???????? ????????? ???????? ????? ? ????????-????????, ?????????? ????? ????????????? ??????????? ? ????????? ??????? ???????, ??????????? ? ????????? ??????, ? ????? ? ???????? &laquo;??????&raquo; ? &laquo;??????&raquo;. &nbsp;? ?????? ?????????? ? ????????? ???????, ?????????? ?????/?????????? ?????? ?????????? ????????????? ????????-???????? ? ???????? ????.</b></p>\r\n\r\n<p>&nbsp;</p>\r\n\r\n<p dir=\"ltr\"><b id=\"docs-internal-guid-b7c54585-4d36-fe77-1360-0a5f5a2631bc\">????????? ??????, ? ????? ??????? ????????????, ????????? ? ???????? &laquo;??????&raquo; ? &laquo;??????&raquo;, ?????????? ?????????????? ????????????/???????????? ????? ??? ??????????? ?????? ??? ?????????? ?? ????????? ???????: ? ??????? ??????????? ?? ????? ?/??? ?????????? ?????? ??? ??????????? ?? ????? ?/??? ? &nbsp;????????? ??????????? ?? ???? ???????????? ?????? iOS ? Android, ?/??? ? ??????? ???????? ?? ?????????? ?????? ?? ?????????, ????????? ?? ????? ? ??????? &laquo;????????&raquo;, ? ??? ????? ??????????? ???????????? (SMS, WhatsApp, Viber).</b></p>\r\n\r\n<p dir=\"ltr\"><b id=\"docs-internal-guid-b7c54585-4d36-fe77-1360-0a5f5a2631bc\">??????? ???????? ???? e-mail ?/??? ????? ????????, ?????????? ?????/?????????? ???? ???????? ?? ????????????? ????????? ??????? ????? ?????????, ? ????? ???????? ??????, ????????????? ?? ??? ????? ?????????? ???????????? ????? ???????????? ?????/????????????, ? ????? ?????????? ???????, ????????????? ???????? ?????????? ? ??????????????? ?????????, ?????????? ?????????? ? ???????, ??????????? ? ??????????? ?????? ? ?????? ???????????? ????????, ? ???????? ?????? ? ???????? ? ??? ???????, ? ????? ???? ??????????, ??????????????? ????????? ? ??????????? ???????????? ??????????? ? ?????? ????????? ??????.</b></p>\r\n\r\n<p dir=\"ltr\"><b id=\"docs-internal-guid-b7c54585-4d36-fe77-1360-0a5f5a2631bc\">????? ?????????????? ? ?????? ?????????? ?????????? ??????????? ?????/??????????? ? ????????? ? ??? ???????????????: ???????????, ????? ?????????????? ? ????? ??????, &nbsp;?????? ????????? ?? ????????? ???????????? ??????, ????????????????? ???????, ??????????. ?????? ????????? ????????????? ??????????? ????, ?????, ?????????????? ?????????, ? ????? ????? ? ???????, ? ????????????? ?? ????, ? ????? ???? ? ???? ??? ???? ??????????. ? ?????? ????????? ????????? ?????? ? ?????-???? ??????? ?????? ??????? ?????? ?????????? ???????????? ? ?????? ????? ?, ? ?????? ??????? ?? ?????? ??????????? ???????????? ?????????????? ??????? ? ????????? ?????????? ???????????? ?? ??????, ?????????, ????????, ?????? ?/??? ???????? ?????? ??? ?????? ????????, ????? ????????????? ??????????? ????????? ?? ???????? ???? ??????????? ??????? ??????. </b></p>\r\n\r\n<p dir=\"ltr\"><b id=\"docs-internal-guid-b7c54585-4d36-fe77-1360-0a5f5a2631bc\">????????? ?????????? ????? ???? ???????? ????????? ? ????????????? ??????? ??? ??????????? ??????????/?????????? ?????. ????? ???????? ?????????? ???????? ? ???? ?? ????????? 10 (??????) ??????????? ???? ? ??????? ?? ????????????? ?? ?????, ???? ???? ?? ????????????? ????????? ?????????? ??????????.</b></p>\r\n\r\n<p dir=\"ltr\"><b id=\"docs-internal-guid-b7c54585-4d36-fe77-1360-0a5f5a2631bc\">???????? ?????? ???????????? ???? ?????-???? ???? ???????? ?????????? ???? ????? ? ???????????, ?????????? ?? ??? ????????? ? ???????????/??????????? ?????, ??????? ?????. </b></p>\r\n\r\n<p dir=\"ltr\"><b id=\"docs-internal-guid-b7c54585-4d36-fe77-1360-0a5f5a2631bc\">????????-??????? ?/??? ????????? ?????????? ?? ???? ???????????? ?????? iOS ? Android ????? ???????? ???????? ??? ????????? ?????????? ?? ??????? ?????????? ???????????????? ??? ???? ????? ??? ?? ????? ?????? ???????? ???????????? ?????????. ??????????? ?????? ?????? &nbsp;MANIA modeler ????? ????? ???????????? ????????? ??????????? ???????????????? ??? ???? ?????? ? ??????????????? ???????????? ??????????? ??? ??? ????????.</b></p>\r\n\r\n<p dir=\"ltr\"><b id=\"docs-internal-guid-b7c54585-4d36-fe77-1360-0a5f5a2631bc\">? ?????????? ????? ???????????? ?????/???????????? ? ??????? MANIA modeler &nbsp;??????????? ??????????? ????????? ??????????? ????????????????, ? ??????: ????????? ?? ?? ? ????????? ?????-??????? (&sect; 2 ????? 30), ????? ?? &laquo;? ?????? ???? ????????????&raquo; ?? 07.02.1992 ?. ? 2300-1 (? ???????????? ???????????) (????? - &laquo;????? ? ?????? ???? ????????????&raquo;), ??????? ??????? ??????? ????????????? ????????, ???????????? ?????????????? ????????????? ?? ? 612 ?? 27 ???????? 2007 ???? (? ???????????? ???????????) ? ??????? ????????????? ??????? ? ???? ??????????-???????? ????, ???????? ? ???????????? ? ?????????? ???? ???????????.</b></p>\r\n\r\n<p dir=\"ltr\"><b id=\"docs-internal-guid-b7c54585-4d36-fe77-1360-0a5f5a2631bc\">? ?????? ????????????? ???????? ? ????????? ?? ??????? ??????????/?????????? ????? ????????? ? ???????? ?????????????? ? ?????????????? ?? ??????????? ?????: info@maniamodeler.com, ? ? ??????? ?????????? ? ?????????? ?????????? MANIA modeler, ????? ??? ????????? ? ????? ????? ? ???????????. ??? ??????????? ????? ??????? ????? ????????? ?????? ????? ???????????, ? ????? ? ?????? ?????????? ?????????/?????????/???????????. ??? ???????????? ?????????? ???? ????? ??????? ?? ???????????? ? ???????? ????? ? ???????????? ? ??????????? ????????????????? ??.</b></p>\r\n\r\n<p dir=\"ltr\"><b id=\"docs-internal-guid-b7c54585-4d36-fe77-1360-0a5f5a2631bc\">????????? ????? ?/??? ???? ??????????? ??????? ?????????????????? ??????-???? ????????? ?????????? ?????????? ?? ?????? ?? ????? ?????????????????? ????????? ?????????.</b></p>\r\n\r\n<p dir=\"ltr\"><b id=\"docs-internal-guid-b7c54585-4d36-fe77-1360-0a5f5a2631bc\">????????? ?????? ?? ???????????????? ?? ????????? ???????? ? ???????????? ?????? ?/??? ??????????????? ?????????????????, ? ????? ??????????? ??????, ????? ???????????? ?????? ??????? ?? ???????? ????????????? ??????? ? ??????, ???????? ? ???? ?????, ??????????? ? ?????????????? ??????????????????? ????????????. &nbsp;</b></p>\r\n\r\n<p dir=\"ltr\"><b id=\"docs-internal-guid-b7c54585-4d36-fe77-1360-0a5f5a2631bc\">II ??????? ??????????</b></p>\r\n\r\n<p>&nbsp;</p>\r\n\r\n<p dir=\"ltr\"><b id=\"docs-internal-guid-b7c54585-4d36-fe77-1360-0a5f5a2631bc\">????????? ?????????? ?????????? ???????? ?????????????? ??????????? ?????????? ????? ??????????? ??? ??????, ????????, ???????? ? ???? ????, ?? ????????? ? ?????????????? ??????????????????? ????????????, ??????, ?????????????? ? ????????-???????? ????????, ??? ????????????? ???????? (???????? ???????????? ?????? ???????? ? ???????? ???. ?????? ? ?????????? ???????, ???????? ? ?????? ???????? ?????????? ????????? ? ????? ???? ? ???????????? ????????????? ????????), ??? ? ?? ?????????? ?????????? ?????????? MANIA modeler &nbsp;(????? &ndash; ?????????? ?????????? MANIA modeler).</b></p>\r\n\r\n<p dir=\"ltr\"><b id=\"docs-internal-guid-b7c54585-4d36-fe77-1360-0a5f5a2631bc\">?????? ?????????? ???????????????? ?? ??? ??????, ?????????????? ?? ?????, ? ????? ? ?????????? ?????????? MANIA modeler ???? ????? ??????????? ? ????????? ???????????? ? ???????? ????????-????????, ? ????? ? ?????????? ?????????? MANIA modeler. </b></p>\r\n\r\n<p dir=\"ltr\"><b id=\"docs-internal-guid-b7c54585-4d36-fe77-1360-0a5f5a2631bc\">??????????? ?????, ?????????? ?????/?????????? ??????????? ? ???, ??? ???????? ????? ???????? ?????????? ???????? ???????? ????, ??? ???? ????????? ????????????? ?? ??? ??????????. ? ?????? ??????????? ????????????? ???????? ??? ???????? ??????? ?? ??????? ???. ?????? ? ?????????? ??????? ??????????????? ?? ????? ???????? ????? ????????????? ????????, ??? ????, ???????? ???????? ??? ?????? ??? ?????????? ??????? ???????? ? ?????? ?? ?????????????.</b></p>\r\n\r\n<p dir=\"ltr\"><b id=\"docs-internal-guid-b7c54585-4d36-fe77-1360-0a5f5a2631bc\">??????? ????????? ?????-??????? ????????? ??????????? ????? ??????????? ? ????????? ? ??????? ?????? ??????????? ?????? ? ?????? ????????? ?????????? ??????????? ?????? ? ????????? ??? ????????? ????, ??? ????? ?????????, ??????????????? ?????? ??????.</b></p>\r\n\r\n<p>&nbsp;</p>\r\n\r\n<p dir=\"ltr\"><b id=\"docs-internal-guid-b7c54585-4d36-fe77-1360-0a5f5a2631bc\">III ??????????? ?? ?????</b></p>\r\n\r\n<p>&nbsp;</p>\r\n\r\n<p dir=\"ltr\"><b id=\"docs-internal-guid-b7c54585-4d36-fe77-1360-0a5f5a2631bc\">??????????? ???????????? ?????/???????????? ?? ????? ?????????????? ? ??????? &laquo;?????&raquo; &rarr;&laquo;???????????&raquo; ???? ? ??????? ???????????? ???? &laquo;???????????&raquo;.</b></p>\r\n\r\n<p dir=\"ltr\"><b id=\"docs-internal-guid-b7c54585-4d36-fe77-1360-0a5f5a2631bc\">?????????? ?????/??????????, ??????? ????????? ?????????????????? ?? ?????, ??? ????????? ? ??????????? ???????? ??????????? ??????? ????????? ??? ???? ?????, ???????????? ? ??????????. ??????????? ??????????????? ???????? ???????? ???????????? ?????? ?????????? ?????/?????????? ? ??????????? ????????????? ??????? ???????? ?? ?????, ? ??????? ?????????? ??????? ??????, ??????? ???????, ?????? ?? ??????? ? ?????????? ????????? ????????. ?????????? ??????????????? ???????? ?? ????? ???????? ??????????? ?? ?????????? ?????? ??????????? ????? ????????????? ?? ?????????? ????????? ???????????. ????????? ??????????? ?????/??????????? ?????? ???????????? ????????? ????????????? ??? ?????, ????????? ? ??????? &laquo;????? ????????? ??????&raquo;.</b></p>\r\n\r\n<p dir=\"ltr\"><b id=\"docs-internal-guid-b7c54585-4d36-fe77-1360-0a5f5a2631bc\">???????? ???? ????????, ??? ????????????? ????? ?? ???????? ?????? ??????????? ?????/???????????, ????????? ?????? ? ?????? ??? ????? ? ?????? ??????? ???????? ????????????? ??????, ??????? ?????????????? ???????????? ??? ???????????? (???????????? ? ??????????). ? ??????, ???? ?????????? ?????/?????????? ????? ???? ?????? ?? ????? ? ?????? ???????, ? ??????? &laquo;?????&raquo; ????????? ???????? ????? ?????????? ??????? ????? &laquo;?????? ???????&raquo;, ????? ???? ?????? ???? ????? (e-mail) ? ???????? &laquo;???????? ??????&raquo;. ?? ????????? ????? ??????????? ????? ?????? ?????????? ? ?????????? ????????? ?? ????????? ?????? ??? ????? ? ?????? ???????. </b></p>\r\n\r\n<p dir=\"ltr\"><b id=\"docs-internal-guid-b7c54585-4d36-fe77-1360-0a5f5a2631bc\">??????????????? ?? ???????? ? ???????????? ?????????? ????? ?????????? ?????/?????????? ??? ???????????, ????? ???? ??????. ?????????? ????????? ????? ???????????? ? ?????? ?????????? ???????, ?????????????? ?? ??????? ? ?????????, ????????? ??? ??????????? ????????? ??????????. ? ??????? &nbsp;???????? ?? ??????? ?????????? ??? ??????????? ??????, ????????????? ????????? ?? ????????? ?????????, ? ????? ??????????? ???? ??????????? ????????????? ??????????? ?????????? ????????? ????? ????????????, ??????????????? ???????? ?? ?????????, ????????? ??????????? ??????? ???????????? ??????????? ?? ???????, ??????????? ?? ?????? ?????? ???????????. </b></p>\r\n\r\n<p dir=\"ltr\"><b id=\"docs-internal-guid-b7c54585-4d36-fe77-1360-0a5f5a2631bc\">?????????? ?????/????????????/?????????? ????????? ?? ???????? ??????? ????? ????? ? ??????, ????????? ??? ???????????. ? ?????? ????????????? ?????????? ???????????? ???????????? ??????? ? ?????? ??????? ??? ??????????? ?? ???????????????????? ????????????? ???????? ??????, ?????????? ?????/?????????? ????????? ??????????????? ?????????? ???????? ?? ?????? ??????, ?????????? ????????? ? ???.4 ?????????? ???????. &nbsp;</b></p>\r\n\r\n<p>&nbsp;</p>\r\n\r\n<p dir=\"ltr\"><b id=\"docs-internal-guid-b7c54585-4d36-fe77-1360-0a5f5a2631bc\">IV ??????? ?????????? ??????? </b></p>\r\n\r\n<p>&nbsp;</p>\r\n\r\n<p dir=\"ltr\"><b id=\"docs-internal-guid-b7c54585-4d36-fe77-1360-0a5f5a2631bc\">?????????????? ????? ?????????? ???????? ???????? ????????????? ? ???? ? ????? ?????????? ?? ???????????? ???????? ???? ??????. ?????????????? ????? ????????/?????????????? ?? ?????????? ?? ????????????? ??????????????? ? ????? ????????? ????????. </b></p>\r\n\r\n<p dir=\"ltr\"><b id=\"docs-internal-guid-b7c54585-4d36-fe77-1360-0a5f5a2631bc\">?????????? ??????????, ?????????????? ?? ?????, ???????????? ?????? 30 ?????.</b></p>\r\n\r\n<p dir=\"ltr\"><b id=\"docs-internal-guid-b7c54585-4d36-fe77-1360-0a5f5a2631bc\">????? ??????? ?????????????? ????? ????????? ??????????? ?????/??????????? ??????? ?? ???????? ????????-???????? ? ??????????? ???????. ?? ?????????? ??????????????? ???????????? ?????? ?????????? ????????? &nbsp;?????? &laquo;???????&raquo;, ????????? ???????????? ????? ? ??????? &laquo;???????? ?????&raquo;. </b></p>\r\n\r\n<p dir=\"ltr\"><b id=\"docs-internal-guid-b7c54585-4d36-fe77-1360-0a5f5a2631bc\">??? ????????? ??????? ?????????? ????????? ???????? ?????? ??????????? ?? ?????????, ????????? ???????????? ?????/???????????? (? ??? ????? ????? ??????????? ????????? ????? ??????????? WhatsApp, Telegram, Viber), ??? ??????????????? ????????? ?????????? ?? ?????? ? ??? ??????? ????? ????????? ? ??????????, ???????????: ???????, ?????, ?????????, ????????? ???????, ??????????? ?????????? ?????????? ????????? ? ??????, ??????? ???? ??????, ???? ?????? ??????, ??????????????? ???? ????????, ?????? ???????? ? ?? ?????????, ??????? ?????????? ??????? ?? ?????? ???????? ? ???????, ???????????? ??? ????????? ? ???????? ??????. ?????? ?? ????? ? ???????, ????, ??????? ???? ? ??????????????? ?????? ????? ?????????? ?? ??????, ?????????? ? ??????? ? ????????, &nbsp;? ????? ???????? ?? ??????????????? ???? ???????? ?????? ????????????? ? ???? ??????????? ?????. ??????? ????????? ?????????????? ?????????, ????? ????????? ????????, ??????????? ? ??????? ??? ?????????? ????????? ?????? ????? ??????????? ?????? ????????? ???????? ? ????????????? ???? ??????? ?????? ?????-??????? ??????.</b></p>\r\n\r\n<p dir=\"ltr\"><b id=\"docs-internal-guid-b7c54585-4d36-fe77-1360-0a5f5a2631bc\">? ?????? ?????????? ?????????? ??????????? ??????? ?? ?????? ????????, ????????? ?????? ????????? ????????? ????? ?? ?????? / ???????????? ????? ??????????, ???????? ?? ???? ?????????? ????? ??????????? ???????????????? ???????????? ????????? ?? ??????, ?????????? ??????????? ??? ???????????, ???? ??????????? ?????????? ????? (? ??? ????? ????? ??????????? ????????? ????? ??????????? WhatsApp, Telegram, Viber). </b></p>\r\n\r\n<p dir=\"ltr\"><b id=\"docs-internal-guid-b7c54585-4d36-fe77-1360-0a5f5a2631bc\">????? ?????????? ? ?????? ?????? ?? ????? ?????????? ??????????????? ?????????? ? ?????????????? ???? ???????? ????? ??????????? ???????????? ????????? ?? ??????, ?????????? ??????????? ??? ???????????, ??? ?? ?????????? ????? (? ??? ????? ????? ??????????? ????????? ????? ??????????? WhatsApp, Telegram, Viber). ? ?????? ??????????? ???????? ??????? ???????? ?????? MANIA modeler ???????? ?????????? ????????????? ????????? ??????????? ??? ???????????? ??????. ???? ???????? ?????? ????? ???? ???????? ????????? ? ????????????? ??????? ? ?????? ??????? ???????????, ?? ?????? ????????, ??????, ? ??? ????? ? ??????? ???????? ?????? ??? ???????? ??????? ?????.</b></p>\r\n\r\n<p dir=\"ltr\"><b id=\"docs-internal-guid-b7c54585-4d36-fe77-1360-0a5f5a2631bc\">??? ?????? ??????????? ????? &laquo;?????????&raquo; ????????, ????? ?????????? ????????? ????????????? ? ?????? ??????, ????????? ????? ? ?????????? ?????????? MANIA modeler ?? ????, ?? ??????????? 7 (????) ?????.</b></p>\r\n\r\n<p>&nbsp;</p>\r\n\r\n<p dir=\"ltr\"><b id=\"docs-internal-guid-b7c54585-4d36-fe77-1360-0a5f5a2631bc\">V ???????? ??????</b></p>\r\n\r\n<p>&nbsp;</p>\r\n\r\n<p dir=\"ltr\"><b id=\"docs-internal-guid-b7c54585-4d36-fe77-1360-0a5f5a2631bc\">????????? ????????? ?????? ???????? ?? ???????? ? ???????? ?????? ? ?????????? ??????? ? ????? ?? ?????????? ???? ?????????? ????????? ? ?? ????? ???? ? ???????????? &nbsp;??????? ??? &ndash; ?????????????/?????????? ?????, ? ????? ????????? ????????????? ??????? ?? ?????????? ?????????? MANIA modeler. </b></p>\r\n\r\n<p dir=\"ltr\"><b id=\"docs-internal-guid-b7c54585-4d36-fe77-1360-0a5f5a2631bc\">???????? ????????? ????????? ????????????? ????? ????????, ????????? ?? ????? ?/??? ?????????????? ?????????? ???????? ??? ???????????? ??????. ???? ???????? ?????? ?? ?????? ???????? ?? ?????????? ??????????? ?????? ???????????? ? ??????????? ?? ????? ?????????? ?????????? ? ? ????? ?????? ? ?????? ??????, ????????????? ??????????? ???????????? ??????? ??? (????????????? ????????, ?????????? ?????) ? ?????? ???????? ? ??????????????? ??????? ?? ????????? ???. ?????? ? ?????????? ???. ???????? ?? ????? ??????????????? ?? ????????? ???????? ? ???????? ????? ?????????????? ?????????????, ???????????? ?? ?? ???? ????????, ??????? ?????????? ???? ?????????????, ? ????? ?? ???? ?????? ???????? ???????, ???????????? ?????? ??????? ??? ?? ??????? ???. ?????? ? ?????????? ???????. </b></p>\r\n\r\n<p dir=\"ltr\"><b id=\"docs-internal-guid-b7c54585-4d36-fe77-1360-0a5f5a2631bc\">???????? ? ???????? ???????? ????? ?????????????? ?????????????, ???????????? ?? ?? ???? ????????.</b></p>\r\n\r\n<p dir=\"ltr\"><b id=\"docs-internal-guid-b7c54585-4d36-fe77-1360-0a5f5a2631bc\">?? ????????? ??????? ?????????????, ? ????? ??? ?????????? ?????? ?? ???? ???????????? ??? ???????? ??????????????? ?????? ????, ?????????????? ???????? ??????, ?????? ??????????? ????????, ?????????????? ???????? ??????????, ? ????? ????????? ????????????? ?????? ?????? ???????????. ???????? ??????????? ?????????????????? ? ?????? ???????????? ?????? ??????????.</b></p>\r\n\r\n<p dir=\"ltr\"><b id=\"docs-internal-guid-b7c54585-4d36-fe77-1360-0a5f5a2631bc\">????????? ???????? ?? ?????? ? ???? ?????? ? ???????????? ??????????? ? ????????? ???????. ????????? ???????? &nbsp;?????????????? ? ?????????????? ???????. ? ???????, ???? ?????????? ????????? ?? ?????? ????? ??? ???????? ? ???????? ????????, ???????? ???????? ??????. </b></p>\r\n\r\n<p dir=\"ltr\"><b id=\"docs-internal-guid-b7c54585-4d36-fe77-1360-0a5f5a2631bc\">???? ????????? ?????? ??? ?????????? ??????????? ?????? ????????? ? ?????????? ? ??????? ???????? ??? ?????? ? ???????????? ??????? ? ??????????, ?????????????? ????????. </b></p>\r\n\r\n<p dir=\"ltr\"><b id=\"docs-internal-guid-b7c54585-4d36-fe77-1360-0a5f5a2631bc\">??? ????????? ?????? ? ????????? ???????? ????? ?????????? ????? ?????? ????????????? ?????? ?????? ????????? ???????????? ????? ? ?????????? ??? ???????? ? ??????????? ?????????? ????? ?????? ??? ???????? ?????? ?? ???????????? ??????????? ??????????, ???????????? ? ????????????? ??????, ? ????? ????????? ???? ?????? ????????????? ?????? ? ??????????? ????????. ? ?????? ??????? ????????? ? ????????????? ?????? (????????????, ???????? ?????? ????????? ?? ?????????? ? ????? ???????????, ???????????????? ????, ???? ?????????) ?? ???????? ?????????? ??????????? ????? ?????? ???????????? ??? ? ?????????? ???????????????. ???? ??????????? ?? ???? ???????? ????????? ? ????????????? ???????, ?? ???????? ????????? ????????? ? ?????????? ??????? ??????????? ???? ??????????? ?? ???????? ??????.</b></p>\r\n\r\n<p dir=\"ltr\"><b id=\"docs-internal-guid-b7c54585-4d36-fe77-1360-0a5f5a2631bc\">??? ???????? ?????? ?? ?????????????/?????????? ????? ?????????? &nbsp;?????? ????????? ???????????? ????? ?? ??????? ??????????? ???????? ? ?? ???????????, ???????? ????????, ????????? ?? ???????? ?????? ?? ??????????, ?????????? ? ????????????? ??????????? ?????? ? ???????? ?????????????/?????????? ??????. ??????? ? ??????????? ?????????? ??????????????? ? ???, ??? ???????? ????????? ? ?????????? ??????? ???????? ???? ??????????? ?? ???????? ??????. ? ?????? ????????? ??????????? ????????, ?? ????????????, ????????? ???????? ?????????? ?????? ??????????????? ????????? ? ??????????? ????????????? ?????????????/?????????? ?????? ? ?????????? ???????? ??? ??? ??????????? ? ????????? ?????????? ? ?????????? ?????????. ?????????? ?? ?????? ???????? ????????? ? ????????? ??????????? ???????? ? ???????????, ???? ?? ?? ???????????? ????????????? ????????, &nbsp;????? ?????? ???????? ????????? ????????? ? ?????????? ??????? ??????????? ???? ??????????? ?? ???????? ??????.</b></p>\r\n\r\n<p dir=\"ltr\"><b id=\"docs-internal-guid-b7c54585-4d36-fe77-1360-0a5f5a2631bc\">??? ???????? ?????? ?? ??????? ????????, ?????????? ?????? ????????? ???????????? ????? ? ????????? ??? ?? ???????????? ??????????? ??????????, ???????????? ? ????????????? ??????. ? ?????? ?????????? ????????? ? ????????????? ?????? ?????????? ????????????? ? ???????? ?????? ???? ???? ??????????? ?????????, ??????????????? ????????. ??????? ? ??????????? ?????????? ??????????????? ? ???, ??? ????????? ? ?????? ??????????? ?? ???????? ? ???????? ????????? ? ?????????? ??????? ???????? ???? ??????????? ?? ???????? ??????. </b></p>\r\n\r\n<p dir=\"ltr\"><b id=\"docs-internal-guid-b7c54585-4d36-fe77-1360-0a5f5a2631bc\">??? ?????????? ?????? ?? ?????????? ?????????? &nbsp;MANIA modeler ?????????? ??????????????? ?????????????? ??????????? ? ???????? ???????, ??????? ???? ??????, ???????? ??????, ?????????? ??????. ?????????? ??????????????? ????? ??? ?????????? ????????? ????????. ?????????? ????????? ????????, ?????????????, ??????? ???????????, ??????????? ? ?????? ?????????? ??????. </b></p>\r\n\r\n<p dir=\"ltr\"><b id=\"docs-internal-guid-b7c54585-4d36-fe77-1360-0a5f5a2631bc\">??? ????????? ?????????????? ??????????? ? ??????, ?? ???????? ??????? ?? ?? ?????????? ????????????, ???????? ?????? ??????????, ? ?????????? ??????????? ?? ?????????????? ?????? ?? ???? ??????. ? ?????? ???????? ?????????? ?? ???????????? ?????? ?????? ?? ????????? ???? ????? ????? ?????????? ????????? ? ???????? ?? ????????. </b></p>\r\n\r\n<p dir=\"ltr\"><b id=\"docs-internal-guid-b7c54585-4d36-fe77-1360-0a5f5a2631bc\">???????????? ???????? ? ??????????? ? ???, ???: ????????????? ???????? &mdash; ????????? ??????, ?? ?????????? ???????????? ?????? ?????????????? ??????????? ??????, ?????????? ??????? ????????????? ? ?????? ????????? ??????????? ?????? ? ????????????? ??????? ?? ????. ????????? ? ???????? ?????????????? ??????, ????????? ????? ????????? ? ?????? ??????, ??????????????? ? ???????????? ? ??????? ? ?????? ???? ????????????. ? ????? ? ???? ???????????? ?????? ? ????????? ?? ???? ?????????? ????? ?????????? ???????? ?????????????? ?????? ? ????? ???????????? ???????????? ??? ??????, ?? ???? ??????????? ???????????? ??????????? ???????????? ??? ?????? ?????? ??????????? ?????? ? ?????????? ? ?? ????????????? ??????????? ???????? ????????? ???????? ?????? ? ???????, ????? ?????????? ????? ????? ?? ??????? ????? ?? ????? ??? ???????, ? ???????????? ? ??????? ? ?????? ???? ????????????.</b></p>\r\n\r\n<p>&nbsp;</p>\r\n\r\n<p dir=\"ltr\"><b id=\"docs-internal-guid-b7c54585-4d36-fe77-1360-0a5f5a2631bc\">VI ?????? ? ??????? ?????? </b></p>\r\n\r\n<p dir=\"ltr\"><b id=\"docs-internal-guid-b7c54585-4d36-fe77-1360-0a5f5a2631bc\">???? ??????, ???????????? ? ????????-????????, ??????????? ? ?????? ?????????? ?????????, ???????? &nbsp;???, ????. ? ?????? ????????? ???????? ???? ??????????? ??????????? ??????, ????????????? ?????????? ?????? ? ?????? ?????????? ????????? ???????? ??????????? ?? ???? ?????????? ??? ????????????? ?????? ?? ???????????? ???? ???? ????????????? ??????. ??? ????????????? ????????? ? ??????????? ?????? ????? ????????? ??????????????. ???? ????? ??? ???????, ???????? ?????????? ?????????? ?????????? ?? ????? ????? ??? ?? ????????, ??????? ??? ???? ????????.</b></p>\r\n\r\n<p dir=\"ltr\"><b id=\"docs-internal-guid-b7c54585-4d36-fe77-1360-0a5f5a2631bc\">??? ???????? ???????? ??????? ?? ????? ??????????? &nbsp;????????, ?????????? ??????????? ??????? ? ????? ????????? ?????????????? ??????????, ???????? ??? ???????? ???????? ??????? ?????? ???????? ? ?????????? ????? ?????????? ???????? (?????) ?? ???????????? ?????? ????????(????????) ? ?????????? ????? ???????? ?? ??????? ????? ???????? (?????). &nbsp;</b></p>\r\n\r\n<p dir=\"ltr\"><b id=\"docs-internal-guid-b7c54585-4d36-fe77-1360-0a5f5a2631bc\">???? ?????????????? ?????????? ?????????? ?????????? ??????? ? ?????? ???? ????????????. ??? ???? ?????? ?????????, ??? ??? ???????? ???????? ??????? ?? ?????, ?????????? ?????????? ??????, ??????????? ??????? ???????????? ????? ?????? ???????? ? ??????-????????? ????? ??????????. ????? ???????? ???????? ??????? ? ??????? ?????????? ????????? ?????????? ???????? ????? ???????? ? ??????? ???? ?????????? ?? ??????? ??????? ?? ????????? ???? ??????? ???. </b></p>\r\n\r\n<p dir=\"ltr\"><b id=\"docs-internal-guid-b7c54585-4d36-fe77-1360-0a5f5a2631bc\">???? ?????? ?? ????? ????? ???? ???????? ????????? ? ????????????? ???????. ??? ???? ???? ?? ?????? ?? ?????????????? ??????? ??????????? ????????? ?? ????????. ????????? ???????? ?????????? ? ?????????? ?? ??????? ????????? ??????.</b></p>\r\n\r\n<p dir=\"ltr\"><b id=\"docs-internal-guid-b7c54585-4d36-fe77-1360-0a5f5a2631bc\">??????????? ?????? ?????? ? ??????? ?????????? ????:</b></p>\r\n\r\n<p dir=\"ltr\"><b id=\"docs-internal-guid-b7c54585-4d36-fe77-1360-0a5f5a2631bc\">? ???????????? ? ?????????? ?? ?? &laquo;?? ??????? ?????????? ???? ? ?? ?????????, ??????????? ? ?????????????? ????????? ????&raquo; ?? 24.12.2004 ? 266-? ???????? ?? ?????????? ?????? ??????????? ?????????? ????? ???? ?????????????? ?? ?????.</b></p>\r\n\r\n<p dir=\"ltr\"><b id=\"docs-internal-guid-b7c54585-4d36-fe77-1360-0a5f5a2631bc\">??????????? ???????? ?? ?????????? ?????? ?????????????? ??????. ???? ? ????? ???? ????????? ????????, ??? ???????? ????? ????????????? ????????, ?? ???? ?????? ???????? ? ????????????? ?????? ????????. ????????????? ???????? ? ??????????? ??????? ???????? ??? ???????? ?????? 159 ?? ??.</b></p>\r\n\r\n<p dir=\"ltr\"><b id=\"docs-internal-guid-b7c54585-4d36-fe77-1360-0a5f5a2631bc\">?? ????????? ??????? ?????????? ???? ?????????????? ????????????? ?????????? ???? ??? ?????? ??? ??????, ??????????? ?? ????? ? ?????????? ?????????? ??????, ??????????? ?????????. ? ????? ???????? ???????? ????????? ? ??? ????????????? ?? ????????????? ????? ???????? ?????? ??????????? ?? ??????????, ??????????? ?????, ???????????? ?????????, ??????????????? ????????.</b></p>\r\n\r\n<p dir=\"ltr\"><b id=\"docs-internal-guid-b7c54585-4d36-fe77-1360-0a5f5a2631bc\">????????-??????? ???????? ???????????? SSL ? ?????????? 3D Secure. </b></p>\r\n\r\n<p dir=\"ltr\"><b id=\"docs-internal-guid-b7c54585-4d36-fe77-1360-0a5f5a2631bc\">???????? ?????? ?????? ??? ??????????? ?????????? ????????????, ????????????? ?????????? ???????? ? ????? ????????, ? ????? ?????????????? ???????????? ??????? ???????????. </b></p>\r\n\r\n<p dir=\"ltr\"><b id=\"docs-internal-guid-b7c54585-4d36-fe77-1360-0a5f5a2631bc\">???????? ?????? ????????????? ?????? ?? ?????? ? ????????????? ????????? ???????. ???? ??????, ???????, ??????? ? ??????? ?????????? ???????????? ?????????? ?????????????? ? ??????? ?? ????? ? ????? ???? ???????? ????????? ? ????????????? ???????. ? ?????? ?????????? ????????????? ????????, ????????? ? ????????? ?????????????? ? ??????????????(??) ??????(??) ???????, ????????????? ??????? ??? ??????????????? ?? ???????????, ???????? ?????? ????????? ???????? ????? ?????????????? ???????, ????????????? ??????? ?/??? ??????????????? ??? ???????? ??????????? ??????? ???? ????? ???????, ???? ?? ??????? ????????????? ???????? ????? ??????????????? ?????? ?? ????????? ?????, ??????????? ??? ????????? ??????????????? ??????, ?????????????? ?????? ?/??? ??????????????? ?? ??????????? ???? ???? ??????? ?? ??????????? ??????? ????????????? ????????. </b></p>\r\n\r\n<p dir=\"ltr\"><b id=\"docs-internal-guid-b7c54585-4d36-fe77-1360-0a5f5a2631bc\">? ?????? ???????? ??????? ??????????? ???????? ?? ??????? ????????????? ???????, ?????, ?????? ???????? ???????? ?????? ????????? ???????. ????????? ???????? ?? ??????????????, ????????? ???????? ?? ??????????? ??????????? ???????????? ???????????. </b></p>\r\n\r\n<p>&nbsp;</p>\r\n\r\n<p dir=\"ltr\"><b id=\"docs-internal-guid-b7c54585-4d36-fe77-1360-0a5f5a2631bc\">??? ?????? ??? ???????? ?? ????? ??????? ?????????? ???????????:</b></p>\r\n\r\n<p>&nbsp;</p>\r\n\r\n<p dir=\"ltr\"><b id=\"docs-internal-guid-b7c54585-4d36-fe77-1360-0a5f5a2631bc\">???????;</b></p>\r\n\r\n<p>&nbsp;</p>\r\n\r\n<p dir=\"ltr\"><b id=\"docs-internal-guid-b7c54585-4d36-fe77-1360-0a5f5a2631bc\">??????????? ????? ????????? ?? ???????;</b></p>\r\n\r\n<p>&nbsp;</p>\r\n\r\n<p dir=\"ltr\"><b id=\"docs-internal-guid-b7c54585-4d36-fe77-1360-0a5f5a2631bc\">?????????? ?????, ? ??????? ????????????? ??????;</b></p>\r\n\r\n<p>&nbsp;</p>\r\n\r\n<p dir=\"ltr\"><b id=\"docs-internal-guid-b7c54585-4d36-fe77-1360-0a5f5a2631bc\">???????? ???. </b></p>\r\n\r\n<p>&nbsp;</p>\r\n\r\n<p dir=\"ltr\"><b id=\"docs-internal-guid-b7c54585-4d36-fe77-1360-0a5f5a2631bc\">??????? ?????? ???????????? ? ?????????? ?????????? MANIA modeler, ?????????????? ?????????? ???? ? ????? ????????????? ???????? ?? ????????: +7(999)990-91-09. ? ?????? ???? ??????? ?????? ???????????? ????????????? ?????????? ? ? ????????? ?? ??????? ??????? ?????????? (??? ????) ????????? (??? ???????? ???????? ???????) ???????, ?? ?????????????? ?????? ???? ??????????? ??????????????? ???????????? ????????????. ??? ?????????? ???????????? ???????????? ????? ? ???????? ?? ????????????? ?????????? ?? ???????????.</b></p>\r\n\r\n<p dir=\"ltr\"><b id=\"docs-internal-guid-b7c54585-4d36-fe77-1360-0a5f5a2631bc\">????????? ????? ?????? ? ???????? ?? ????????.</b></p>\r\n\r\n<p dir=\"ltr\"><b id=\"docs-internal-guid-b7c54585-4d36-fe77-1360-0a5f5a2631bc\">?? ????????? ????????? ???????? ??????? ? ?????? ???????! ??????? ??????? ? ???????? ?????????: ??????????? ?????, ????? ?? ??????? ?????????, ?????????? ? ???????????? ????????, ?????????, ???????? ? ??????? ????????????, ?? ??????????????.</b></p>\r\n',18,0,1,0,0,1,999,'',0,'','[]',0,'',''),(25,'????????????? ?????? cookie','ispolzovanie-fajlov-cookie','<p>&nbsp;</p>\r\n\r\n<p><meta charset=\"utf-8\" /></p>\r\n\r\n<p dir=\"ltr\"><b id=\"docs-internal-guid-1c91375a-4d0e-0eae-c396-894b7552063f\">???? ?????????? cookie-????? ? ??????? ??????????, ????? ???????? ??????????, ??????? ???????? ??? ???????????? ??? ?????? ????????? ? ????????, ????????????? ??????, ????????? ??? ??? ??????????????????? ??????????, ????????????? ???????????? ????????, ?????? ??? ??????????? ???????? ??????????? ? ?????????? ?????, ? ????? ???????? ???????? ?????????? ??????????. </b></p>\r\n\r\n<p dir=\"ltr\"><b id=\"docs-internal-guid-1c91375a-4d0e-0eae-c396-894b7552063f\">???? cookie &ndash; ??? ????????? ???????? ??????, ???????????? ? ??????? ? ?????, ??????? ?? ????????. ?? ???????? ????? ????????? ?????????? ? ???, ???????? ??, ?? ????? ????? ?? ????????????? ??? ?????????????. ??? ????? ??????? ??? ????????? ????????? ????? ?? ?????. ????????? ?????? cookie ???????? ?????? ?????????? ??????????? ????? ??????? ? ??????????. ????? cookie ???????????? ??? ?????? ?????. ????????, ??? ????????? ????????? ????????? ??????????? ??????, ?????????? ???????? ????????? ??????????, ???????????? ?????????? ????????? ????????, ???????????????? ? ????? ??????? ? ???????? ?????? ?????????????. </b></p>\r\n\r\n<p dir=\"ltr\"><b id=\"docs-internal-guid-1c91375a-4d0e-0eae-c396-894b7552063f\">??????????? ????????-????????? ?????????? ????????? ????????????? ????????? cookie. ???? ????????? ???????? ?????????? cookie. ?? ?????? ????????? ????????? ? cookie-?????? ?? ????? ????????????? ?????? ???????? ??? ?????????????? ?????????? ? ???????? ??? ?????? ????????. ?? ?????? ???????? ????????? ????? ???????, ????? ??????????? cookie ??? ????????????? ????????????, ????? ????? ??????? ???? ????? ?????????? ?? ??????????.. ??????????, ?????????? ? ?????????? ???????? ??? ????, ????? ?????? ?????? ? ???, ??? ??????????????? ??? ???????? ????????? ????????. &nbsp;???? ?? ??????????? ????????? ?????????? ??? ????????? ? ??????? ? ?????? ????? (????????, ?????????, ????????, ??????? ? ?.?.), ?? ?????? ?????????, ??? ?????? ??????? ?? ?????? ?????????? ???????? ? ???????????? ? ????? ?????? ?????? ?? ?????? ? ??????? cookie. </b></p>\r\n\r\n<p dir=\"ltr\"><b id=\"docs-internal-guid-1c91375a-4d0e-0eae-c396-894b7552063f\">?????????? cookie-?????? ????? ???????? ? ?????????? ? ?????? ?????. ????????? ???????????? ?????? ??? ????????? ????????, ?? ????? ???????? ?? ????????????? ????? cookie-??????. ??? ?????????!</b></p>\r\n',18,0,1,0,0,1,999,'',0,'','[]',0,'',''),(26,'??????, ?? ?????????? ????????','tovary-ne-podlezhashhie-vozvratu','<p>&nbsp;</p>\r\n\r\n<p><meta charset=\"utf-8\" /></p>\r\n\r\n<p dir=\"ltr\"><b id=\"docs-internal-guid-1c91377c-4d10-3f33-128b-a3df7c2e4a43\">1. ???????? ???????????? ???????????????? ?????? ???????, ?????? ?? ?????? ?????????, ????????? ? ????????? ????????????? ???????????? ?????. ?????? 4 ?.4 ?????? 26.1. (????????????? ?????? ??????? ??????) ?????? ?? &laquo;? ?????? ???? ????????????&raquo; ?????????????, ??? ????????????? ???????????? ????, ??????????????? ??????????? ???????????, ?? ???????? ???????? ??? ?????? ? ??????? ?? ?????? ???????, ???????????????? ????????????? ???????? ? ?? ??????? ????????????? ???????????? ?????????.</b></p>\r\n\r\n<p dir=\"ltr\"><meta charset=\"utf-8\" /><b id=\"docs-internal-guid-b7c54585-4d35-603a-0710-7e1150085480\">2. ????????? ????? ?????? ? ???????? ?? ????????.</b></p>\r\n',16,1,1,1,0,1,999,'',0,'','[]',0,'','8D7F9qMqTBOAXykMUrJ496LdkGjZrkAe.jpg;');
/*!40000 ALTER TABLE `static` ENABLE KEYS */;
UNLOCK TABLES;

--
-- Table structure for table `subscribes`
--

DROP TABLE IF EXISTS `subscribes`;
/*!40101 SET @saved_cs_client     = @@character_set_client */;
/*!40101 SET character_set_client = utf8 */;
CREATE TABLE `subscribes` (
  `id` int(11) NOT NULL AUTO_INCREMENT,
  `email` varchar(255) NOT NULL,
  `date` timestamp NOT NULL DEFAULT CURRENT_TIMESTAMP,
  `model` varchar(255) NOT NULL,
  `active` int(11) NOT NULL DEFAULT '1',
  PRIMARY KEY (`id`)
) ENGINE=InnoDB AUTO_INCREMENT=9 DEFAULT CHARSET=utf8;
/*!40101 SET character_set_client = @saved_cs_client */;

--
-- Dumping data for table `subscribes`
--

LOCK TABLES `subscribes` WRITE;
/*!40000 ALTER TABLE `subscribes` DISABLE KEYS */;
INSERT INTO `subscribes` VALUES (1,'dev@vikiweb.ru','2017-12-27 09:01:05','News',1),(2,'dev@vikiweb.ru','2018-03-12 09:40:39','News',1),(3,'irina@maniamodeler.com','2018-08-02 12:59:48','News',1),(4,'ceo@vikiweb.ru','2018-08-10 14:58:35','News',1),(5,'remiga_i@mail.ru','2018-09-04 09:39:45','News',1),(6,'remiga_i@mail.ru','2018-09-07 12:03:21','News',1),(7,'8409926@mail.ru','2018-09-09 13:41:47','News',1),(8,'irna@maniamodeler.com','2018-09-11 13:29:08','News',1);
/*!40000 ALTER TABLE `subscribes` ENABLE KEYS */;
UNLOCK TABLES;

--
-- Table structure for table `system_files`
--

DROP TABLE IF EXISTS `system_files`;
/*!40101 SET @saved_cs_client     = @@character_set_client */;
/*!40101 SET character_set_client = utf8 */;
CREATE TABLE `system_files` (
  `id` int(11) NOT NULL AUTO_INCREMENT,
  `path` varchar(255) NOT NULL DEFAULT '/',
  `name` varchar(255) NOT NULL,
  `content` longtext NOT NULL,
  PRIMARY KEY (`id`)
) ENGINE=InnoDB AUTO_INCREMENT=3 DEFAULT CHARSET=utf8;
/*!40101 SET character_set_client = @saved_cs_client */;

--
-- Dumping data for table `system_files`
--

LOCK TABLES `system_files` WRITE;
/*!40000 ALTER TABLE `system_files` DISABLE KEYS */;
INSERT INTO `system_files` VALUES (2,'/','robots.txt','User-agent: *\r\nDisallow:\r\nDisallow:');
/*!40000 ALTER TABLE `system_files` ENABLE KEYS */;
UNLOCK TABLES;

--
-- Table structure for table `tags`
--

DROP TABLE IF EXISTS `tags`;
/*!40101 SET @saved_cs_client     = @@character_set_client */;
/*!40101 SET character_set_client = utf8 */;
CREATE TABLE `tags` (
  `id` int(11) NOT NULL AUTO_INCREMENT,
  `name` varchar(255) NOT NULL,
  `anchor` varchar(255) NOT NULL,
  `alias` text NOT NULL,
  `url` text NOT NULL,
  `custom_url` text NOT NULL,
  `category_id` int(11) NOT NULL,
  `hashalias` text NOT NULL,
  `hashurl` text NOT NULL,
  `text` longtext NOT NULL,
  `title` text NOT NULL,
  `description` text NOT NULL,
  `vis` int(11) NOT NULL DEFAULT '1',
  `posled` int(11) NOT NULL DEFAULT '999',
  PRIMARY KEY (`id`),
  KEY `category_id` (`category_id`),
  CONSTRAINT `tags_ibfk_2` FOREIGN KEY (`category_id`) REFERENCES `categories` (`id`) ON DELETE CASCADE ON UPDATE CASCADE
) ENGINE=InnoDB DEFAULT CHARSET=cp1251;
/*!40101 SET character_set_client = @saved_cs_client */;

--
-- Dumping data for table `tags`
--

LOCK TABLES `tags` WRITE;
/*!40000 ALTER TABLE `tags` DISABLE KEYS */;
/*!40000 ALTER TABLE `tags` ENABLE KEYS */;
UNLOCK TABLES;

--
-- Table structure for table `translates`
--

DROP TABLE IF EXISTS `translates`;
/*!40101 SET @saved_cs_client     = @@character_set_client */;
/*!40101 SET character_set_client = utf8 */;
CREATE TABLE `translates` (
  `lang_id` int(11) NOT NULL,
  `model` varchar(255) NOT NULL,
  `post_id` int(11) NOT NULL,
  `field` varchar(255) NOT NULL,
  `value` text NOT NULL,
  UNIQUE KEY `lang_id_2` (`lang_id`,`model`,`post_id`,`field`),
  KEY `lang_id` (`lang_id`),
  CONSTRAINT `translates_ibfk_1` FOREIGN KEY (`lang_id`) REFERENCES `langs` (`id`) ON DELETE CASCADE ON UPDATE CASCADE
) ENGINE=InnoDB DEFAULT CHARSET=utf8;
/*!40101 SET character_set_client = @saved_cs_client */;

--
-- Dumping data for table `translates`
--

LOCK TABLES `translates` WRITE;
/*!40000 ALTER TABLE `translates` DISABLE KEYS */;
INSERT INTO `translates` VALUES (1,'Brands',19,'name','SAMPELS'),(1,'Categories',20,'name','BESPOKE'),(1,'Categories',21,'name','dresses'),(1,'Categories',22,'anchor','HANDMADE'),(1,'Categories',22,'name','SEMI-BESPOKE'),(1,'Categories',22,'small','<p>All gowns and accessories are eligible for semi-bespoke alterations. To discuss possibilities, please send us an inquiry with your wishes.</p>\r\n'),(1,'Categories',23,'name','dresses'),(1,'Categories',24,'anchor','REMADE'),(1,'Categories',24,'name','converted'),(1,'Categories',25,'anchor','special'),(1,'Categories',25,'name','special'),(1,'Categories',25,'text','<p>OPENING SOON</p>\r\n'),(1,'Categories',27,'name','dresses'),(1,'Categories',28,'name',' accessories'),(1,'Categories',29,'name','Tops'),(1,'Categories',30,'name','skirts'),(1,'Categories',31,'name','???????'),(1,'Categories',32,'name','Tops'),(1,'Categories',33,'name','skirts'),(1,'Categories',34,'name',' accessories'),(1,'Categories',35,'name','dresses'),(1,'Categories',37,'name','SALE'),(1,'Categories',39,'name',' complement'),(1,'Categories',40,'name','Tops'),(1,'Categories',41,'name','??????, ??????'),(1,'Categories',42,'name',' skirts'),(1,'Categories',43,'name','home'),(1,'Categories',44,'name','accessories'),(1,'Categories',45,'name','??????????'),(1,'Categories',46,'anchor','wedding dress'),(1,'Categories',46,'name','wedding dresses'),(1,'Categories',48,'name','Cocktail dresses'),(1,'Colors',1,'name','??????-?????'),(1,'Colors',2,'name','??????'),(1,'Colors',5,'name','???????? ?????'),(1,'Colors',6,'name','????'),(1,'Colors',7,'name','????????-???????'),(1,'Colors',8,'name','?????????'),(1,'Colors',9,'name','????????'),(1,'Colors',10,'name','?????'),(1,'Colors',11,'name','???????'),(1,'Colors',12,'name','???????'),(1,'Colors',13,'name','?????'),(1,'Colors',15,'name','??????????'),(1,'Colors',16,'name','???????'),(1,'Colors',17,'name','???????'),(1,'Colors',18,'name','??????????'),(1,'Deliverycountries',33,'name','???????'),(1,'Deliverycountries',34,'name','?????? ? ???????????'),(1,'Deliverycountries',35,'name','????????'),(1,'Deliverycountries',36,'name','???????'),(1,'Deliverycountries',37,'name','?????????'),(1,'Deliverycountries',38,'name','???????'),(1,'Deliverycountries',39,'name','?????????'),(1,'Deliverycountries',40,'name','?????'),(1,'Deliverycountries',41,'name','???????'),(1,'Deliverycountries',42,'name','??????????'),(1,'Deliverycountries',43,'name','???????'),(1,'Deliverycountries',53,'name','??????'),(1,'Deliverycountries',59,'name','??????'),(1,'Items',913,'name','?????? LEAVES II'),(1,'Items',914,'name','?????? LOVE'),(1,'Items',915,'name','?????? GREY WINGS'),(1,'Items',918,'name','??????? ?????? WINTER  FOREST (little)'),(1,'Items',919,'name','?????? FLOWER'),(1,'Items',924,'name','????? ELEGANT'),(1,'Items',925,'name','???? FOG'),(1,'Items',926,'name','???? MINT'),(1,'Items',927,'name',' ?????? ASH'),(1,'Items',929,'name',' ?????? DUST'),(1,'Items',931,'name','?????? HONEY'),(1,'Items',933,'name','?????? POWDER'),(1,'Items',935,'name','???? ???????'),(1,'Items',937,'name','?????? SILVER'),(1,'Items',938,'name','?????? WIND'),(1,'Items',939,'name','????? PATTERN'),(1,'Items',941,'name','???? DEGRADE'),(1,'Items',943,'name','?????? BERRY'),(1,'Items',944,'name','??????? ?????? CREAMY CARAMEL'),(1,'Items',947,'name','??????? ?????? TENDERNESS '),(1,'Items',948,'name','??????? ?????? SPRING'),(1,'Items',949,'name','?????? CREAMY CARAMEL'),(1,'Items',950,'name','?????? DESERT'),(1,'Items',951,'name','?????? GOLD GARDEN'),(1,'Items',952,'name','?????? HARMONY'),(1,'Items',953,'name','?????? LEAVES'),(1,'Items',954,'name','?????? LILI'),(1,'Items',955,'name','?????? LILU'),(1,'Items',956,'name','?????? NYMPH'),(1,'Items',957,'name','?????? NIMPH II'),(1,'Items',958,'name','?????? PETALS'),(1,'Items',959,'name','?????? SPRING'),(1,'Items',960,'name','?????? SWEET'),(1,'Items',961,'name','?????? ALICE'),(1,'Items',962,'name','?????? NIGHT FLOWER'),(1,'Items',963,'name','?????? BURGUNDY'),(1,'Items',964,'name','??????? ?????? DARK PRINCESS'),(1,'Items',965,'name','??????? ?????? LITTLE GOLD QUEEN'),(1,'Items',966,'name','??????? ??????  LITTLE RED PRINCESS'),(1,'Items',967,'name','??????? ?????? LITTLE RED PRINCESS II'),(1,'Items',968,'name','??????? ?????? LITTLE RED QUEEN II'),(1,'Items',969,'name','??????? ?????? PIECE OF CHOCOLATE'),(1,'Items',970,'name','?????? ARIEL'),(1,'Items',973,'name','?????? BLUE QUEEN'),(1,'Items',974,'name','?????? WINTER FOREST'),(1,'Items',976,'name','?????? BLUE BIRD'),(1,'Items',977,'name','?????? BUDGIE'),(1,'Items',978,'name','?????? DARK HUMMINGBIRD'),(1,'Items',980,'name','?????? DEEP ROSE'),(1,'Items',981,'name','?????? MARSALA ROSE'),(1,'Items',983,'name','?????? PEONY'),(1,'Items',984,'name','?????? ROBIN BIRD'),(1,'Items',985,'name','?????? SMOKY GARDEN'),(1,'Items',986,'name','?????? SMOKY ROSE'),(1,'Items',987,'name','?????? TAUP PETALS'),(1,'Items',988,'name','?????? TENDER ROSE'),(1,'Items',989,'name','????-?????? PRINCESSE DE MONACO'),(1,'Items',990,'name','??? PROVANCE'),(1,'Items',991,'name','??? FLOWERS'),(1,'Items',993,'name','?????? ???? ?? ?????? PRINCESSE DE MONACO'),(1,'Items',994,'name','?????? ROSSI'),(1,'Items',995,'name','?????? MILA'),(1,'Items',996,'name','?????? BRILLIANT'),(1,'Items',997,'name','?????? LOVE IS'),(1,'Items',998,'name','?????? FLY&LOVE'),(1,'Items',999,'name','?????? FLY'),(1,'Items',1000,'name','????-?????? PRINCESS DE CLEVES'),(1,'Items',1001,'name','?????? ???? PRINCESS DE CLEVES'),(1,'Items',1002,'name','????? PRINCESS DE CLEVES'),(1,'Items',1004,'name','?????? TRUE LOVE'),(1,'Items',1005,'name','?????? SI'),(1,'Items',1006,'name','?????? LILY'),(1,'Items',1007,'name','????-??????+????? MICHELLE '),(1,'Items',1008,'name','???? MICHELLE'),(1,'Items',1009,'name','?????? PRINCESSE DE CLEVES dress white'),(1,'Items',1010,'name','??? LOVE IS'),(1,'Items',1011,'name','???? LOVE IS'),(1,'Items',1012,'name','?????? FIREFLY'),(1,'Items',1013,'name',' ????? FIREFLY ?? ??????????????? ???????????? ?????  LUMIGRAM'),(1,'Items',1014,'name','?????? DREAM'),(1,'Items',1015,'name','?????? MARGARITA'),(1,'Items',1016,'name','?????? NIGHT MAGIC'),(1,'Items',1017,'name','?????? SLEEP'),(1,'Items',1018,'name','?????? ? 50'),(1,'Items',1019,'name','??? SLEEP'),(1,'Items',1020,'name','???? MARGARITA '),(1,'Items',1021,'name','????????? ? 50'),(1,'Items',1022,'name','????????? MASTER'),(1,'Items',1023,'name','????? MASTER'),(1,'Items',1024,'name','?????? HONEY'),(1,'Items',1025,'name','????? HONEY'),(1,'Items',1026,'name','?????? LIGHT'),(1,'Items',1027,'name','?????? HEART II'),(1,'Items',1028,'name','????? HEART II'),(1,'Items',1029,'name','??????? ?????? PETALS'),(1,'Items',1030,'name','?????? TENDERNESS'),(1,'Items',1031,'name','?????? COLD SMOKE'),(1,'Items',1032,'name','?????? KING PEONY'),(1,'Items',1033,'name','?????? DUSTY FLAMINGO'),(1,'Items',1034,'name','?????? SCARLET FLOWER'),(1,'Items',1035,'name','?????? PRINCESSE DE MONACO II'),(1,'Items',1036,'name','?????? GREY FAIRYTALE'),(1,'Items',1037,'name','??????? ?????? LITTLE GREY FAIRYTALE'),(1,'Items',1038,'name','?????? KSYU'),(1,'Items',1039,'name','?????? KATE'),(1,'Items',1040,'name','?????? BARBERRY'),(1,'Items',1041,'name','?????? IDEAL'),(1,'Items',1042,'name','?????? ANGEL'),(1,'Items',1043,'name','?????? SLOW '),(1,'Items',1044,'name','???? SLOW '),(1,'Items',1045,'name','?????? COLIBRI'),(1,'Items',1046,'name','????? COLIBRI'),(1,'Items',1047,'name','?????? COLIBRI'),(1,'Items',1048,'name','?????? MERINGUE ROSES'),(1,'Items',1049,'name','?????? PEACH'),(1,'Items',1050,'name','?????? WHITE STRAWBERRIES'),(1,'Items',1051,'name','?????? BIRDIE'),(1,'Items',1052,'name','?????? BERRY'),(1,'Items',1053,'name','?????? BERRY'),(1,'Items',1054,'name','???? CHAMELEON'),(1,'Items',1055,'name','?????? BLUE SKY'),(1,'Items',1056,'name','????? BLUE SKY'),(1,'Items',1058,'name','????? BLUE SKY'),(1,'Items',1059,'name','?????? BLUEBERRY'),(1,'Items',1062,'name','?????? MINT WINGS'),(1,'Items',1063,'name','?????? PINK WINGS'),(1,'Items',1064,'name','?????? COLIBRI'),(1,'Items',1065,'name','?????? NECTAR'),(1,'Items',1066,'name','????????? ?? ????? NECTAR'),(1,'Items',1067,'name','?????? LODDIGESIA'),(1,'Items',1068,'name','?????? PINK SUNBEAM'),(1,'Items',1069,'name','?????? MINT MAGNOLIA '),(1,'Items',1070,'name','?????? PINK MAGNOLIA'),(1,'Items',1071,'name','?????? WHITE MAGNOLIA'),(1,'Items',1072,'name','?????? (?? ???????? ????????) TAIL'),(1,'Items',1073,'name','?????????? ?????? DARK FIREFLY'),(1,'Items',1074,'name','?????? MIDNIGHT '),(1,'Items',1075,'name','?????? STARRY SKY'),(1,'Items',1076,'name','????? CLODY'),(1,'Items',1077,'name','?????? BLOW KISS'),(1,'Items',1078,'name','?????? TINKER BELL'),(1,'Items',1079,'name','?????? HEART'),(1,'Items',1080,'name','?????? RUBY'),(1,'Items',1081,'name','?????? NIGHT'),(1,'Items',1082,'name','?????? RILL'),(1,'Items',1084,'name','?????? FORGET-ME-NOT'),(1,'Items',1085,'name','?????? SPLASH'),(1,'Items',1086,'name','?????? HERON'),(1,'Items',1089,'name','?????? BELL'),(1,'Items',1090,'name','??????? ?????? LEAVES'),(1,'Items',1091,'name','????????  PRINCESSE DE MONACO'),(1,'Items',1092,'name','????? CLOUDY'),(1,'Items',1093,'name','?????? CHAMELEON'),(1,'Items',1094,'name','?????? CHRYSANTHEMUM'),(1,'Items',1095,'name','?????? SILK PETALS'),(1,'Items',1097,'name','?????? NEW PEONY'),(1,'Items',1098,'name','?????? SUNSET'),(1,'Items',1099,'name','?????? CLOUD'),(1,'Items',1100,'name','????-?????? PRINCESSE DE BROGLIE'),(1,'Items',1101,'name','?????? ?? ??????? PRINCESSE DE BROGLIE'),(1,'Items',1102,'name','????? PRINCESSE DE BROGLIE'),(1,'Items',1103,'name','?????? INFINITY'),(1,'Items',1104,'name','?????? FAIRY SKY'),(1,'Items',1105,'name','?????? CAPELLA'),(1,'Items',1106,'name','?????? CAPELLA'),(1,'Items',1107,'name','?????? NUT'),(1,'Items',1108,'name','?????? FLAME'),(1,'Items',1109,'name','?????? LADY'),(1,'Items',1110,'name','?????? GOLDY'),(1,'Items',1111,'name','?????? WIND'),(1,'Items',1112,'name','?????? ROSIS'),(1,'Items',1113,'name','?????? NIKAH'),(1,'Items',1114,'name','?????? AMARYLLIS'),(1,'Items',1115,'name','?????? ARIEL'),(1,'Items',1117,'name','?????? GLORIA '),(1,'Items',1118,'name','?????? DATURA'),(1,'Items',1119,'name','????????? ??????? ? ???????? ??????????'),(1,'Items',1120,'name','?????? LODEN'),(1,'Items',1122,'name','?????????? LODEN'),(1,'Items',1123,'name','?????? EMERALD'),(1,'Items',1124,'name','????????? ??????? ? ???????? ??????????'),(1,'Items',1125,'name','????????? ??? '),(1,'Items',1126,'name','?????? ?? ????????'),(1,'Items',1127,'name','??????? ?????? ROSE DEGRADE'),(1,'Items',1128,'name','??????-???????'),(1,'Items',1129,'name','??????? ? ??????????? ???????? (???????)'),(1,'Items',1130,'name','??????? ? ??????????? ???????? (??????)'),(1,'Items',1131,'name','????????? ? ???????? ????????'),(1,'Items',1132,'name','??????-?????????'),(1,'Items',1133,'name','????????? \"??????? ? ??????\"'),(1,'Items',1134,'name','????????? ?????????'),(1,'Items',1135,'name','????????? \"?????\"'),(1,'Items',1136,'name','????????? ?????? (???????????) SMOKE'),(1,'Items',1137,'name','???? DUST'),(1,'Items',1138,'name','?????? BIRDS'),(1,'Items',1139,'name','????? HERON '),(1,'Items',1140,'name','?????? BEE '),(1,'Items',1141,'name','?????? CACAO'),(1,'Items',1142,'name','?????? SMOOTH'),(1,'Items',1147,'name','??? ? ???? FUCISTIA'),(1,'Props',50,'name','??????'),(1,'Props',51,'name','?????'),(1,'Props',54,'name','100% ??????'),(1,'Sizes',14,'name','Personal'),(1,'SizesGroups',7,'name','????, ??'),(1,'Slider',1,'btn','??????'),(1,'Slider',1,'name','WEDDING SALE'),(1,'Slider',2,'btn','????????'),(1,'Slider',2,'name','???????? ?????? ?????? ?? 80%'),(1,'Slider',3,'btn','??????'),(1,'Slider',3,'name','??????????  ?????????  \"NEW LIFE\"'),(2,'Brands',19,'name','SAMPELS'),(2,'Categories',20,'name','BESPOKE'),(2,'Categories',20,'small','<p>Your special&nbsp;bespoke gown. To discuss possibilities, please send us an inquiry with your wishes.</p>\r\n'),(2,'Categories',20,'text','<p>Your special&nbsp;bespoke gown. To discuss possibilities, please send us an inquiry with your wishes.</p>\r\n'),(2,'Categories',21,'name','dresses'),(2,'Categories',22,'anchor','HANDMADE'),(2,'Categories',22,'name','SEMI-BESPOKE'),(2,'Categories',22,'small','<p>All gowns and accessories are eligible for semi-bespoke alterations. To discuss possibilities, please send us an inquiry with your wishes.</p>\r\n'),(2,'Categories',23,'name','Dresses'),(2,'Categories',24,'anchor','REMADE'),(2,'Categories',24,'name','converted'),(2,'Categories',25,'anchor','special'),(2,'Categories',25,'name','special'),(2,'Categories',25,'text','<p>OPENING SOON</p>\r\n'),(2,'Categories',27,'name','Dresses'),(2,'Categories',28,'name',' accessories'),(2,'Categories',29,'name','Tops'),(2,'Categories',30,'name','Skirts'),(2,'Categories',31,'name','Suits'),(2,'Categories',32,'name','Tops'),(2,'Categories',33,'name','Skirts'),(2,'Categories',34,'name',' accessories'),(2,'Categories',35,'name','Dresses'),(2,'Categories',37,'name','SALE'),(2,'Categories',39,'name',' complement'),(2,'Categories',40,'name','Tops'),(2,'Categories',41,'name','Jackets,  coats'),(2,'Categories',42,'name','Skirts'),(2,'Categories',43,'name','home'),(2,'Categories',44,'name','accessories'),(2,'Categories',45,'name','Accessories'),(2,'Categories',46,'anchor','wedding dress'),(2,'Categories',46,'name','wedding dresses'),(2,'Categories',48,'name','Cocktail dresses'),(2,'Colors',1,'name','snow white'),(2,'Colors',2,'name','black'),(2,'Colors',5,'name','ivory'),(2,'Colors',6,'name','taup'),(2,'Colors',7,'name','ashy pink'),(2,'Colors',8,'name','mix'),(2,'Colors',9,'name','cream'),(2,'Colors',10,'name','gray'),(2,'Colors',11,'name','degrade'),(2,'Colors',12,'name','pink'),(2,'Colors',13,'name','blue'),(2,'Colors',15,'name','violet'),(2,'Colors',16,'name','green'),(2,'Colors',17,'name',' beige'),(2,'Colors',18,'name','brown'),(2,'Deliverycountries',33,'name','Vatican'),(2,'Deliverycountries',34,'name','Bosnia and Herzegovina'),(2,'Deliverycountries',35,'name','Bulgaria'),(2,'Deliverycountries',36,'name','Austria'),(2,'Deliverycountries',37,'name','Australia'),(2,'Deliverycountries',38,'name','Armenia'),(2,'Deliverycountries',39,'name','Argentina'),(2,'Deliverycountries',40,'name','Algeria'),(2,'Deliverycountries',41,'name','Albania'),(2,'Deliverycountries',42,'name','Afghanistan'),(2,'Deliverycountries',43,'name','Abkhazia'),(2,'Deliverycountries',53,'name','Kuwait'),(2,'Deliverycountries',59,'name','Russia'),(2,'Items',913,'name','dress LEAVES II'),(2,'Items',914,'name','dress LOVE'),(2,'Items',915,'name','dress GREY WINGS'),(2,'Items',918,'name','baby dress WINTER  FOREST (little)'),(2,'Items',919,'name','dress FLOWER'),(2,'Items',924,'name','blouse  ELEGANT'),(2,'Items',925,'name','body FOG'),(2,'Items',926,'name',' body MINT'),(2,'Items',927,'name','dress ASH'),(2,'Items',929,'name','dress DUST'),(2,'Items',931,'name','dress HONEY'),(2,'Items',933,'name','dress  POWDER'),(2,'Items',935,'name','skirt ombre'),(2,'Items',937,'name','dress SILVER'),(2,'Items',938,'name','dress WIND'),(2,'Items',939,'name',' blouse PATTERN'),(2,'Items',941,'name','skirt ombre 65 '),(2,'Items',943,'name','dress BERRY'),(2,'Items',944,'name','baby dress  CREAMY CARAMEL'),(2,'Items',947,'name','baby dress TENDERNESS'),(2,'Items',948,'name','baby dress  SPRING'),(2,'Items',949,'name','dress CREAMY CARAMEL'),(2,'Items',950,'name','dress DESERT'),(2,'Items',951,'name','dress GOLD GARDEN'),(2,'Items',952,'name','dress HARMONY'),(2,'Items',953,'name','dress LEAVES'),(2,'Items',954,'name','dress LILI'),(2,'Items',955,'name','dress LILU'),(2,'Items',956,'name','dress  NYMPH'),(2,'Items',957,'name','dress NIMPH II'),(2,'Items',958,'name','dress PETALS'),(2,'Items',959,'name','dress SPRING'),(2,'Items',960,'name','dress SWEET'),(2,'Items',961,'name','dress ALICE'),(2,'Items',962,'name','dress NIGHT FLOWER'),(2,'Items',963,'name','dress BURGUNDY'),(2,'Items',964,'name','baby dress   DARK PRINCESS'),(2,'Items',965,'name','baby dress   LITTLE GOLD QUEEN'),(2,'Items',966,'name','baby dress   LITTLE RED PRINCESS'),(2,'Items',967,'name','baby dress    LITTLE RED PRINCESS II'),(2,'Items',968,'name','baby dress    LITTLE RED QUEEN II'),(2,'Items',969,'name','baby dress  PIECE OF CHOCOLATE'),(2,'Items',970,'name','dress ARIEL'),(2,'Items',973,'name','dress BLUE QUEEN'),(2,'Items',974,'name','dress  WINTER FOREST'),(2,'Items',976,'name','dress  BLUE BIRD'),(2,'Items',977,'name','dress  BUDGIE'),(2,'Items',978,'name','dress  DARK HUMMINGBIRD'),(2,'Items',980,'name','dress  DEEP ROSE'),(2,'Items',981,'name','dress MARSALA ROSE'),(2,'Items',983,'name','dress PEONY'),(2,'Items',984,'name','dress  ROBIN BIRD'),(2,'Items',985,'name','dress  SMOKY GARDEN'),(2,'Items',986,'name','dress SMOKY ROSE'),(2,'Items',987,'name','dress TAUP PETALS'),(2,'Items',988,'name','dress TENDER ROSE'),(2,'Items',989,'name','mini dress  PRINCESSE DE MONACO'),(2,'Items',990,'name','top PROVANCE'),(2,'Items',991,'name','top FLOWERS'),(2,'Items',993,'name','fluffy skirt PRINCESSE DE MONACO'),(2,'Items',994,'name','dress ROSSI'),(2,'Items',995,'name','dress  MILA'),(2,'Items',996,'name','dress BRILLIANT'),(2,'Items',997,'name','dress  LOVE IS'),(2,'Items',998,'name','dress  FLY&LOVE'),(2,'Items',999,'name','dress FLY'),(2,'Items',1000,'name','mini dress  PRINCESS DE CLEVES'),(2,'Items',1001,'name','fluffy skirt  PRINCESS DE CLEVES'),(2,'Items',1002,'name','plume PRINCESS DE CLEVES'),(2,'Items',1004,'name','dress TRUE LOVE'),(2,'Items',1005,'name','dress SI '),(2,'Items',1006,'name','dress  LILY'),(2,'Items',1007,'name','mini dress + plume MICHELLE'),(2,'Items',1008,'name','cape MICHELLE'),(2,'Items',1009,'name','dress  PRINCESSE DE CLEVES dress white'),(2,'Items',1010,'name','top LOVE IS'),(2,'Items',1011,'name','skirt  LOVE IS'),(2,'Items',1012,'name','luminous dress FIREFLY'),(2,'Items',1013,'name','luminous plume FIREFLY'),(2,'Items',1014,'name','dress  DREAM'),(2,'Items',1015,'name','dress  MARGARITA'),(2,'Items',1016,'name','dress  NIGHT MAGIC'),(2,'Items',1017,'name','dress  SLEEP'),(2,'Items',1018,'name','dress ? 50'),(2,'Items',1019,'name','top  SLEEP'),(2,'Items',1020,'name','skirt MARGARITA '),(2,'Items',1021,'name','turtleneck  ? 50'),(2,'Items',1022,'name','turtleneck  MASTER'),(2,'Items',1023,'name','pants MASTER'),(2,'Items',1024,'name','dress HONEY'),(2,'Items',1025,'name','plume HONEY'),(2,'Items',1026,'name','dress LIGHT'),(2,'Items',1027,'name','dress HEART II'),(2,'Items',1028,'name','plume HEART II'),(2,'Items',1029,'name','baby dress PETALS'),(2,'Items',1030,'name','dress TENDERNESS'),(2,'Items',1031,'name','dress COLD SMOKE'),(2,'Items',1032,'name','dress KING PEONY'),(2,'Items',1033,'name','dress DUSTY FLAMINGO'),(2,'Items',1034,'name','dress SCARLET FLOWER'),(2,'Items',1035,'name','corset PRINCESSE DE MONACO II'),(2,'Items',1036,'name','dress GREY FAIRYTALE'),(2,'Items',1037,'name','baby dress LITTLE GREY FAIRYTALE'),(2,'Items',1038,'name','dress KSYU'),(2,'Items',1039,'name','dress KATE'),(2,'Items',1040,'name','dress BARBERRY'),(2,'Items',1041,'name','dress  IDEAL'),(2,'Items',1042,'name','dress ANGEL'),(2,'Items',1043,'name','dress SLOW '),(2,'Items',1044,'name','veil  SLOW '),(2,'Items',1045,'name','dress COLIBRI'),(2,'Items',1046,'name','pants COLIBRI'),(2,'Items',1047,'name','blouse COLIBRI'),(2,'Items',1048,'name','dress MERINGUE ROSES'),(2,'Items',1049,'name','dress PEACH'),(2,'Items',1050,'name','dress  WHITE STRAWBERRIES'),(2,'Items',1051,'name','dress BIRDIE'),(2,'Items',1052,'name','dress BERRY'),(2,'Items',1053,'name','bomber BERRY'),(2,'Items',1054,'name','skirt CHAMELEON'),(2,'Items',1055,'name','bomber BLUE SKY'),(2,'Items',1056,'name','shorts BLUE SKY'),(2,'Items',1058,'name','pants BLUE SKY'),(2,'Items',1059,'name','dress BLUEBERRY'),(2,'Items',1062,'name','dress MINT WINGS'),(2,'Items',1063,'name','dress PINK WINGS'),(2,'Items',1064,'name','dress COLIBRI'),(2,'Items',1065,'name','dress NECTAR'),(2,'Items',1066,'name','the decoration on the back NECTAR'),(2,'Items',1067,'name','dress LODDIGESIA'),(2,'Items',1068,'name','dress PINK SUNBEAM'),(2,'Items',1069,'name','dress MINT MAGNOLIA '),(2,'Items',1070,'name','dress PINK MAGNOLIA'),(2,'Items',1071,'name','dress  WHITE MAGNOLIA'),(2,'Items',1072,'name','dress TAIL'),(2,'Items',1073,'name','luminous dress DARK FIREFLY'),(2,'Items',1074,'name','dress MIDNIGHT '),(2,'Items',1075,'name','dress STARRY SKY'),(2,'Items',1076,'name','plume  CLODY'),(2,'Items',1077,'name','dress BLOW KISS'),(2,'Items',1078,'name','dress TINKER BELL'),(2,'Items',1079,'name','dress HEART'),(2,'Items',1080,'name','dress RUBY'),(2,'Items',1081,'name','dress  NIGHT'),(2,'Items',1082,'name','dress  RILL'),(2,'Items',1084,'name','dress FORGET-ME-NOT'),(2,'Items',1085,'name','dress SPLASH'),(2,'Items',1086,'name','dress HERON'),(2,'Items',1089,'name','blouse BELL'),(2,'Items',1090,'name','baby dress LEAVES'),(2,'Items',1091,'name','plume PRINCESSE DE MONACO'),(2,'Items',1092,'name','plume  CLOUDY'),(2,'Items',1093,'name','dress CHAMELEON'),(2,'Items',1094,'name','dress CHRYSANTHEMUM'),(2,'Items',1095,'name','dress SILK PETALS'),(2,'Items',1097,'name','dress NEW PEONY'),(2,'Items',1098,'name','dress SUNSET'),(2,'Items',1099,'name','dress CLOUD'),(2,'Items',1100,'name','mini dress PRINCESSE DE BROGLIE'),(2,'Items',1101,'name','skirt PRINCESSE DE BROGLIE'),(2,'Items',1102,'name','plume PRINCESSE DE BROGLIE'),(2,'Items',1103,'name','dress INFINITY'),(2,'Items',1104,'name','dress FAIRY SKY'),(2,'Items',1105,'name','dress CAPELLA'),(2,'Items',1106,'name','apron CAPELLA'),(2,'Items',1107,'name','dress NUT'),(2,'Items',1108,'name','dress FLAME'),(2,'Items',1109,'name','dress LADY'),(2,'Items',1110,'name','dress GOLDY'),(2,'Items',1111,'name','dress WIND'),(2,'Items',1112,'name','costume ROSIS'),(2,'Items',1113,'name','dress NIKAH'),(2,'Items',1114,'name','dress  AMARYLLIS'),(2,'Items',1115,'name','dress ARIEL'),(2,'Items',1117,'name','dress GLORIA'),(2,'Items',1118,'name','dress DATURA'),(2,'Items',1119,'name','cotton shirt with horn buttons'),(2,'Items',1120,'name','coat LODEN'),(2,'Items',1122,'name',' short coat LODEN'),(2,'Items',1123,'name','dress EMERALD'),(2,'Items',1124,'name','velvet shirt with horn buttons'),(2,'Items',1125,'name','lace top'),(2,'Items',1126,'name','dress with ruffels'),(2,'Items',1127,'name','baby dress ROSE DEGRADE'),(2,'Items',1128,'name','coat-blazer'),(2,'Items',1129,'name','Hairpin with pearls (silver)'),(2,'Items',1130,'name','Hairpin with pearls (gold)'),(2,'Items',1131,'name','hairpin with baroque pearls'),(2,'Items',1132,'name','dress-turtleneck'),(2,'Items',1133,'name','Hairpin \"Peas with drop\"'),(2,'Items',1134,'name','Hairpin nacre'),(2,'Items',1135,'name','Hairpin \"peas\"'),(2,'Items',1136,'name','lace dress (transformer) SMOKE'),(2,'Items',1137,'name','body DUST'),(2,'Items',1138,'name','dress BIRDS'),(2,'Items',1139,'name','blouse HERON '),(2,'Items',1140,'name','dress BEE '),(2,'Items',1141,'name','dress CACAO'),(2,'Items',1142,'name','dress SMOOTH'),(2,'Items',1147,'name','top&skirt FUCISTIA '),(2,'Props',50,'name','composition'),(2,'Props',51,'name','Decor'),(2,'Props',54,'name','100% wool'),(2,'Sizes',14,'name','Personal'),(2,'SizesGroups',7,'name','HEIGHT, CM'),(2,'Slider',1,'btn','SHOP'),(2,'Slider',1,'name','WEDDING SALE'),(2,'Slider',2,'btn','SHOP THE COLLECTION'),(2,'Slider',2,'name','SALE 80%  SILK DRESSES'),(2,'Slider',3,'btn','SHOP'),(2,'Slider',3,'name','CAPSULE COLLECTION 2018 \"NEW LIFE\"');
/*!40000 ALTER TABLE `translates` ENABLE KEYS */;
UNLOCK TABLES;

--
-- Table structure for table `translates_global`
--

DROP TABLE IF EXISTS `translates_global`;
/*!40101 SET @saved_cs_client     = @@character_set_client */;
/*!40101 SET character_set_client = utf8 */;
CREATE TABLE `translates_global` (
  `id` int(11) NOT NULL AUTO_INCREMENT,
  `lang_id` int(11) NOT NULL,
  `value` text NOT NULL,
  `translate` text NOT NULL,
  PRIMARY KEY (`id`),
  KEY `lang_id` (`lang_id`),
  CONSTRAINT `translates_global_ibfk_1` FOREIGN KEY (`lang_id`) REFERENCES `langs` (`id`) ON DELETE CASCADE ON UPDATE CASCADE
) ENGINE=InnoDB AUTO_INCREMENT=13 DEFAULT CHARSET=utf8;
/*!40101 SET character_set_client = @saved_cs_client */;

--
-- Dumping data for table `translates_global`
--

LOCK TABLES `translates_global` WRITE;
/*!40000 ALTER TABLE `translates_global` DISABLE KEYS */;
INSERT INTO `translates_global` VALUES (1,2,'????????? ? ????','communication'),(2,2,'??????? ????????','Delivery terms'),(5,2,'??????','Size'),(6,2,'????','Color'),(10,2,'??????','dress'),(12,2,'??????? ??????','baby dress');
/*!40000 ALTER TABLE `translates_global` ENABLE KEYS */;
UNLOCK TABLES;

--
-- Table structure for table `users`
--

DROP TABLE IF EXISTS `users`;
/*!40101 SET @saved_cs_client     = @@character_set_client */;
/*!40101 SET character_set_client = utf8 */;
CREATE TABLE `users` (
  `id` int(11) NOT NULL AUTO_INCREMENT,
  `eauth` varchar(255) COLLATE utf8_unicode_ci NOT NULL,
  `username` varchar(255) COLLATE utf8_unicode_ci NOT NULL,
  `avatar` text COLLATE utf8_unicode_ci NOT NULL,
  `name` varchar(255) COLLATE utf8_unicode_ci NOT NULL,
  `last_name` varchar(255) COLLATE utf8_unicode_ci NOT NULL,
  `phone` varchar(255) COLLATE utf8_unicode_ci NOT NULL,
  `country` varchar(255) COLLATE utf8_unicode_ci NOT NULL,
  `auth_key` varchar(32) COLLATE utf8_unicode_ci NOT NULL,
  `password_hash` varchar(255) COLLATE utf8_unicode_ci NOT NULL,
  `password_reset_token` varchar(255) COLLATE utf8_unicode_ci DEFAULT NULL,
  `email` varchar(255) COLLATE utf8_unicode_ci NOT NULL,
  `index` varchar(255) COLLATE utf8_unicode_ci NOT NULL,
  `city` varchar(255) COLLATE utf8_unicode_ci NOT NULL,
  `address` text COLLATE utf8_unicode_ci NOT NULL,
  `status` int(11) NOT NULL DEFAULT '1',
  `created_at` int(11) NOT NULL,
  `updated_at` int(11) NOT NULL,
  PRIMARY KEY (`id`),
  UNIQUE KEY `username` (`username`),
  UNIQUE KEY `email` (`email`),
  UNIQUE KEY `password_reset_token` (`password_reset_token`),
  KEY `eauth` (`eauth`)
) ENGINE=InnoDB AUTO_INCREMENT=73 DEFAULT CHARSET=utf8 COLLATE=utf8_unicode_ci;
/*!40101 SET character_set_client = @saved_cs_client */;

--
-- Dumping data for table `users`
--

LOCK TABLES `users` WRITE;
/*!40000 ALTER TABLE `users` DISABLE KEYS */;
INSERT INTO `users` VALUES (23,'','leetoplayaz@yandex.ru','','?????','??????','+7 (222) 222-2224','?????????? ?????????','','$2y$13$ACH0APfdNSpEQ5uKuh30iOakq8yEtEv/dxWexHWI/H8ioPGhctlZq',NULL,'leetoplayaz@yandex.ru','','123','',1,1512991409,1513758322),(24,'','dev@vikiweb.ru','','????','????','+7 (919) 555-5555','?????????? ?????????','','$2y$13$wMEqgLUj133IHydyII2Ibejezx3AXNljS2Olc8NPn4WWhkPLvRXum',NULL,'dev@vikiweb.ru','141440','??????','???',1,1513153448,1533038977),(25,'','test@test.ru','','??????','?????????','','?????????? ?????????','','$2y$13$mobEZ6UWTsi5/yq8RHttWuROoH3inmzqKg877Ri6GbAbssgeZXjj2',NULL,'test@test.ru','117593','??????','??. ???????, ???. ???????????',1,1513335521,1513784366),(26,'','valentina@vikiweb.ru','','?????????','?????????','+7 (212) 121-2121','??????','','$2y$13$tfzkqrNtZd6eTil26l3ObO3FJFVvGvzn.xP2YsvaLU1JgFiJ2Z1TK',NULL,'valentin@mail.ru','123321','??????','??. 3-? ???????????, ?. 18, ???. 1',1,1513598088,1522232262),(27,'','ceo@vikiweb.ru','','??????','???','','?????????? ?????????','','$2y$13$I/UEfij1/ZROzhuHtz/9uu0E7tdPsqpjWAc.krfcaBCDDJPG/t8qW',NULL,'ceo@vikiweb.ru','','','',1,1513668590,1513668590),(28,'','ruzelyane@mail.ru','','??????','????????????','','?????????? ?????????','','$2y$13$/pI30hzcrXj4kEteczwteOa9ekOiuSQwTv7ETe4gS9nNVllODPEZq',NULL,'ruzelyane@mail.ru','46546416','???????','???????????? ?????',1,1516017891,1516017921),(29,'','ruzelyanet@mail.ru','','??????','????????????','','?????????? ?????????','','$2y$13$nPXfz5lcod2SuJtE0yhh3OiosGkkufvpwLHyviSIGnjQvlL6zGfT6',NULL,'ruzelyanet@mail.ru','','','',1,1516018547,1516018547),(30,'','livenia@mail.ru','','?????????','?????????','','?????????? ?????????','','$2y$13$bnhNvKDlLSZclnzkfu4OVebznvrNvYAttCYW4Fr7P63m32/PGafmu',NULL,'livenia@mail.ru','','','',1,1521149934,1521149934),(31,'','cs@mail.ru','','c','','','?????????? ?????????','','$2y$13$Nl/nEmZxOJ5wkuM4JyK0zOIW1DlbZFBG9/1LPf.1ElsVfmHjkTSTS',NULL,'cs@mail.ru','','','',1,1521460159,1521460159),(32,'','fvrejfklre@mail.ru','','???? ???? ???','????','','???????','','$2y$13$YtK4ayDesq4VXPQ0kTgzzu8AltZy4UMAnThHmevSJIhzyWZQafFky',NULL,'fvrejfklre@mail.ru','','','',1,1522762440,1522762440),(33,'','fewdewwefev@mail.ru','','?????','???','','????????','','$2y$13$fRg3NOPDntkzYvJ5bK7DJ.gq1bQBQg8LhPNHgPVfX5ffZVohPyXTW',NULL,'fewdewwefev@mail.ru','','','',1,1522767002,1522767002),(34,'','irina@maniamodeler.com','','?????','?????????','','??????','','$2y$13$rBOXE2Gmc1akGhfwkqH6xeJcj/zTq7svEUpln3MO0Ud.zOZDSuzhq',NULL,'irina@maniamodeler.com','','','',1,1522771967,1522771967),(35,'','ffd@fdf.dd','','????','????','','??????','','$2y$13$jC81ksRks1U5AdcY6i5Nc.ReCuiGwU0fKGmeIqvJ0wOSIOBXMqMq2',NULL,'ffd@fdf.dd','','','',1,1528145410,1528145410),(36,'','leonova.o.e@gmail.com','','?????','???????','','??????','','$2y$13$IqluuSu60c4tx3LhzMH76uE74zdk3RGw/dVK1/K3bkhciE5dm1vaW',NULL,'leonova.o.e@gmail.com','','','',1,1528975978,1528975978),(37,'','info@maniamodeler.com','','?????','','','??????','','$2y$13$9xXWsN0uUtPv1gaeDUwfSuHO2ayBo21FxXCptnquYy0vQR4eaNJpC',NULL,'info@maniamodeler.com','','','',1,1528980666,1528980666),(38,'','kemran@vikiweb.ru','','??','?????','','1','','$2y$13$UGGxL1GbMWW5QlkkCYvAJOUtHVPDW48YiBpl.ll7WUfoae9xTef1a',NULL,'kemran@vikiweb.ru','','','',1,1533127559,1533127559),(39,'','vhjsdkjvios@mail.ru','','???','?????','','1','','$2y$13$C4huNwaZ7m0HIDtZUgRi7OmODWGpDAFJ.FdAe4aJtPJTlL0n2wDiG',NULL,'vhjsdkjvios@mail.ru','','','',1,1536321297,1536321297),(40,'','vhjsdddkjvio5467873@mail.ru','','???','?????','','1','','$2y$13$yg6y9.tXJfUaFSfg6flA5eOcHsh4NpovhMXUoHoSnzVBMvEGd9B9O',NULL,'vhjsdddkjvio5467873@mail.ru','','','',1,1536321331,1536321331),(41,'','pthelkaa@gmail.com','','????','?????????','','1','','$2y$13$5ZFxW3MId8a2ammXQwhKkeTR3/GEAR37k0kTm/zWwL3spvc5pi1Fm',NULL,'pthelkaa@gmail.com','','','',1,1537965988,1537965988),(42,'','remigai@mail.ru','','?????','???','','1','','$2y$13$GFI.FyY4Xp3Nu69gNXGaZuliC4ASF.CVe56f6G9mliSLGo0URwEY2',NULL,'remigai@mail.ru','','','',1,1537966380,1537966380),(43,'','dfgfhgf@dfj.ru','','fgxgf','?????','','1','','$2y$13$L/t1hM08p2kldtKYwom0JuMx8NaW9l28CGoD2zzmTKIwkC49BehGm',NULL,'dfgfhgf@dfj.ru','','','',1,1542355781,1542355781),(44,'','dffhgf@dfj.ru','','fgxgf','?????','','1','','$2y$13$NGHXQuadu0y3./Wsh9Rh6uYwZb3QM1C0Ecq7kNZC1A13hZmryIMYu',NULL,'dffhgf@dfj.ru','','','',1,1542355794,1542355794),(45,'','dffh@dfj.ru','','fgxgf','?????','','1','','$2y$13$d5/BJIejykQqEN6hXHjYr.OGfM3FupEYICUz9CMW2Rcs.e1rz/n5K',NULL,'dffh@dfj.ru','','','',1,1542355805,1542355805),(46,'','dffh@df.ru','','??????????','?????','','1','','$2y$13$qygn9k4BrpWtC4FqYINDWe/39spz227c0uXKVNLv1XZHSD1tlHKDm',NULL,'dffh@df.ru','','','',1,1542355820,1542355820),(47,'','designer@maniamodeler.com','','?????','???????','','1','','$2y$13$MVYnRN5/O/RRRrEkNmzgJuCi17Gj7ljh.u72UGknStWVW7ljk0PmK',NULL,'designer@maniamodeler.com','','','',1,1543047928,1543047928),(48,'','business@maniamodeler.com','','?????','???????','','1','','$2y$13$IIq/cbFS3K9wmEsJLx2QpOq.Ld3CT4/D/s4eh4DM5ZKBHfqBBeWgC',NULL,'business@maniamodeler.com','','','',1,1543047961,1543047961),(49,'','lemonenko@mail.ru','','???????','???????','','1','','$2y$13$QCglUWm/liv.HcJJwLzVo.uIX4SSGOv05M0JnO0/etBoOe3ws26Nm',NULL,'lemonenko@mail.ru','','','',1,1552632614,1552632614),(50,'','astrogram.ru@gmail.com','','???????','???????','','??????','','$2y$13$f4CQILUSXYRaqE74349e3OVKNzg.ceejaViUuUjVEX/0kYPb1Fs0K',NULL,'astrogram.ru@gmail.com','','','',1,1552638374,1552638374),(51,'','zubkov@vikiweb.ru','','?????','??????','','???????','','$2y$13$6Rc/dg/FIP/4Aa8VlPKV5uJth/yYLMq4t1N8HxBVo43FExDp39t6W',NULL,'zubkov@vikiweb.ru','','','',1,1555587143,1555589093),(52,'','tanya@vikiweb.ru','','anya','','','??????','','$2y$13$lTWlWnp3GVLCDpEFJup0J.OmcBHpQ/HOUfZWd98rIzl8OHG1lskZa',NULL,'tanya@vikiweb.ru','','','',1,1555588882,1555588882),(53,'','qweqweqwe@mail.ru','','????????','?????????','','1','','$2y$13$2EpjD.H5za1YbMFQu8uXP.IWAeO.NJlwcPUUJTK.0BV9nYVJfVaQW',NULL,'qweqweqwe@mail.ru','','','',1,1555589387,1555589387),(54,'','qwewqweqqweqwe@mail.ru','','?????????','?????????','','1','','$2y$13$Ros4uLF4llB1HaNWe22/W.qPpBIq7M..zSAnAMq64989vP5bR3.P6',NULL,'qwewqweqqweqwe@mail.ru','','','',1,1555589462,1555589462),(55,'','qwesadasdaqweqwe@mail.ru','','????????','???????????','','???????','','$2y$13$Nxz1QwxU5uLwUWRiOpf7HuMwpHi6goJulzN2WF0HIBy9HCfDypDwO',NULL,'qwesadasdaqweqwe@mail.ru','','','',1,1555589571,1555589571),(56,'','qweqweqsadsadwe@mail.ru','','??????','?????????','','1','','$2y$13$pdYn.cwVfKrFJPeqRxDqK.LD.lq1irQCZ3fpzkrKwoGH01GABp/Km',NULL,'qweqweqsadsadwe@mail.ru','','','',1,1555589704,1555589704),(57,'','maniastyle.leonova@gmail.com','','??????','????????','','1','','$2y$13$FpXPyrAh5uHOcWY5vzOeEOe.M.AmA8UpibPxhXnX/bc2d1vWTBdTO',NULL,'maniastyle.leonova@gmail.com','','','',1,1555589775,1555589775),(58,'','grachik67@gmail.com','','?????','??????? ','','1','','$2y$13$ilV2s4Yq9osGT7chypEWZeWyYb2610fzmigliQzvnY51C1KQFjdGm',NULL,'grachik67@gmail.com','','','',1,1555689530,1555689530),(59,'','eborodina@mail.ru','','???????','????????','','1','','$2y$13$00SuY7orSrM/jpzwgo9N9eaw8gs6YbnAFDsgRiImnDh5nXVwNnXsW',NULL,'eborodina@mail.ru','','','',1,1557622683,1557622683),(60,'','loti.labi@gmail.com','','dmin','????????','','1','','$2y$13$Be5tNZyZNaGbKUFZYDA/we9nNIdDnkbTUZOAmyD.Cr8qgjqrLoQz2',NULL,'loti.labi@gmail.com','','','',1,1557832599,1557832599),(61,'','nvbespalova@mail.ru','','???????','?????????','','1','','$2y$13$wEFvMN5v/v0z7XFW9tuMq..v2hgTrSfxYuxGitqWLKRdFWGmh1X2q',NULL,'nvbespalova@mail.ru','','','',1,1561476554,1561476554),(62,'','evgeniya.5@hotmail.com','',' ???????','?????????','','??????','','$2y$13$Sk2duoqwCSGtGj8SRhu84uODc3jDxjj5yNi8fHGFS9DySt560OAX2',NULL,'evgeniya.5@hotmail.com','','','',1,1565459491,1565459491),(63,'','nick.a577@gmail.com','','??????','?????????','','1','','$2y$13$3QXlNdYyi.UaqJb1SpV/aeHD0nqpN5ObI30nwxXgXOKufKN5lljZa',NULL,'nick.a577@gmail.com','','','',1,1567199008,1567199008),(64,'','ivanov@iii.ru','','?????','??????','','1','','$2y$13$Nc41EjKHqOMDFIQXJIdOTOhOvz/9s1ehiXOdhavmWHWHM8jXRhMmW',NULL,'ivanov@iii.ru','','','',1,1567199111,1567199111),(65,'','ivanov123@iii.ru','','?????','??????','','1','','$2y$13$nJLp0DQwp3XBee8R3Twt/uVTOL4AzlH9SUeQxGjgnf9kRgMtKCiM.',NULL,'ivanov123@iii.ru','','','',1,1567199136,1567199136),(66,'','ivannkdajf@mail.ru','','??????????','???????????','','1','','$2y$13$Xr1OO4tnyQ4JoBYHwNCzc.u776JfdYNIK27/DxczZMxM12SMwuo2C',NULL,'ivannkdajf@mail.ru','','','',1,1567199199,1567199199),(67,'','ivanssnkdajf@mail.ru','','??????????','???????????','','1','','$2y$13$UIF5XuTUrQ6.KyYB6.XpxeE0rcM5JpdabOiSdzWXcZypVMK9FqNQC',NULL,'ivanssnkdajf@mail.ru','','','',1,1567199216,1567199216),(68,'','annaagamiryan92@mail.ru','','????','????????','9649039090','??????','','$2y$13$u61KJMGh0tcBufcK8jQDNekm6hBnh/MQ23TrSBFlF1FzcA.dv9/4G',NULL,'annaagamiryan92@gmail.com','','','',1,1572182755,1572184281),(69,'','julliettkka@mail.ru','','????','???????','','1','','$2y$13$KkpSGYusL29rfT6sGnvRneGjfZl6AtUoFElCEutvR0b5LlUJv6ux2',NULL,'julliettkka@mail.ru','','','',1,1577470671,1577470671),(70,'','sergeevna-nalog@yandex.ru','','????? ','?????????? ','','1','','$2y$13$DKsQxUTmdDcRCYWnxg5iBu4GDN8jn607UVuUkz4PP7yJN0miSMDw.',NULL,'sergeevna-nalog@yandex.ru','','','',1,1598290214,1598290214),(71,'','alfaplus2001@yandex.ru','','????? ','?????????? ','','1','','$2y$13$GTcFXuyj3g9AtWjeFJ7/v.Iuvtm0NIye/0tY13TO0N506b6RNaq46',NULL,'alfaplus2001@yandex.ru','','','',1,1598290247,1598290247),(72,'','gromov77777@icloud.com','','????? ','?????????? ','','1','','$2y$13$BGbHvCq56G2N9EjrEDed4ulU4qNgVpa7xoQMlvInXwSv8PtpNIm8i',NULL,'gromov77777@icloud.com','','','',1,1598290402,1598290402);
/*!40000 ALTER TABLE `users` ENABLE KEYS */;
UNLOCK TABLES;

--
-- Table structure for table `vacancies`
--

DROP TABLE IF EXISTS `vacancies`;
/*!40101 SET @saved_cs_client     = @@character_set_client */;
/*!40101 SET character_set_client = utf8 */;
CREATE TABLE `vacancies` (
  `id` int(11) NOT NULL AUTO_INCREMENT,
  `category_id` int(11) NOT NULL,
  `name` varchar(255) NOT NULL,
  `text` text NOT NULL,
  `vis` int(11) NOT NULL DEFAULT '1',
  `posled` int(11) NOT NULL DEFAULT '999',
  `_customfields` text NOT NULL,
  `_system` int(11) NOT NULL DEFAULT '0',
  PRIMARY KEY (`id`),
  KEY `category_id` (`category_id`),
  CONSTRAINT `vacancies_ibfk_2` FOREIGN KEY (`category_id`) REFERENCES `vacancies_categories` (`id`)
) ENGINE=InnoDB DEFAULT CHARSET=utf8;
/*!40101 SET character_set_client = @saved_cs_client */;

--
-- Dumping data for table `vacancies`
--

LOCK TABLES `vacancies` WRITE;
/*!40000 ALTER TABLE `vacancies` DISABLE KEYS */;
/*!40000 ALTER TABLE `vacancies` ENABLE KEYS */;
UNLOCK TABLES;

--
-- Table structure for table `vacancies_categories`
--

DROP TABLE IF EXISTS `vacancies_categories`;
/*!40101 SET @saved_cs_client     = @@character_set_client */;
/*!40101 SET character_set_client = utf8 */;
CREATE TABLE `vacancies_categories` (
  `id` int(11) NOT NULL AUTO_INCREMENT,
  `name` varchar(255) NOT NULL,
  `vis` int(11) NOT NULL DEFAULT '1',
  `posled` int(11) NOT NULL DEFAULT '999',
  `_customfields` text NOT NULL,
  `_system` int(11) NOT NULL DEFAULT '0',
  PRIMARY KEY (`id`)
) ENGINE=InnoDB AUTO_INCREMENT=8 DEFAULT CHARSET=utf8;
/*!40101 SET character_set_client = @saved_cs_client */;

--
-- Dumping data for table `vacancies_categories`
--

LOCK TABLES `vacancies_categories` WRITE;
/*!40000 ALTER TABLE `vacancies_categories` DISABLE KEYS */;
INSERT INTO `vacancies_categories` VALUES (7,'???????? ????????',0,999,'[]',0);
/*!40000 ALTER TABLE `vacancies_categories` ENABLE KEYS */;
UNLOCK TABLES;

--
-- Table structure for table `vars_showtypes`
--

DROP TABLE IF EXISTS `vars_showtypes`;
/*!40101 SET @saved_cs_client     = @@character_set_client */;
/*!40101 SET character_set_client = utf8 */;
CREATE TABLE `vars_showtypes` (
  `id` int(11) NOT NULL AUTO_INCREMENT,
  `name` varchar(255) NOT NULL,
  `priceable` int(11) NOT NULL DEFAULT '0',
  `posled` int(11) NOT NULL DEFAULT '999',
  PRIMARY KEY (`id`)
) ENGINE=InnoDB AUTO_INCREMENT=4 DEFAULT CHARSET=utf8;
/*!40101 SET character_set_client = @saved_cs_client */;

--
-- Dumping data for table `vars_showtypes`
--

LOCK TABLES `vars_showtypes` WRITE;
/*!40000 ALTER TABLE `vars_showtypes` DISABLE KEYS */;
INSERT INTO `vars_showtypes` VALUES (1,'????',0,2),(2,'??????',0,3),(3,'???',1,1);
/*!40000 ALTER TABLE `vars_showtypes` ENABLE KEYS */;
UNLOCK TABLES;

--
-- Table structure for table `vars_showtypes_values`
--

DROP TABLE IF EXISTS `vars_showtypes_values`;
/*!40101 SET @saved_cs_client     = @@character_set_client */;
/*!40101 SET character_set_client = utf8 */;
CREATE TABLE `vars_showtypes_values` (
  `id` int(11) NOT NULL AUTO_INCREMENT,
  `showtype_id` int(11) NOT NULL,
  `name` varchar(255) NOT NULL,
  `text` text NOT NULL,
  `files` text NOT NULL,
  `vis` int(11) NOT NULL DEFAULT '1',
  `posled` int(11) NOT NULL DEFAULT '999',
  PRIMARY KEY (`id`),
  KEY `showtype_id` (`showtype_id`),
  CONSTRAINT `vars_showtypes_values_ibfk_1` FOREIGN KEY (`showtype_id`) REFERENCES `vars_showtypes` (`id`) ON DELETE CASCADE ON UPDATE CASCADE
) ENGINE=InnoDB DEFAULT CHARSET=utf8;
/*!40101 SET character_set_client = @saved_cs_client */;

--
-- Dumping data for table `vars_showtypes_values`
--

LOCK TABLES `vars_showtypes_values` WRITE;
/*!40000 ALTER TABLE `vars_showtypes_values` DISABLE KEYS */;
/*!40000 ALTER TABLE `vars_showtypes_values` ENABLE KEYS */;
UNLOCK TABLES;
/*!50112 SET @disable_bulk_load = IF (@is_rocksdb_supported, 'SET SESSION rocksdb_bulk_load = @old_rocksdb_bulk_load', 'SET @dummy_rocksdb_bulk_load = 0') */;
/*!50112 PREPARE s FROM @disable_bulk_load */;
/*!50112 EXECUTE s */;
/*!50112 DEALLOCATE PREPARE s */;
/*!40103 SET TIME_ZONE=@OLD_TIME_ZONE */;

/*!40101 SET SQL_MODE=@OLD_SQL_MODE */;
/*!40014 SET FOREIGN_KEY_CHECKS=@OLD_FOREIGN_KEY_CHECKS */;
/*!40014 SET UNIQUE_CHECKS=@OLD_UNIQUE_CHECKS */;
/*!40101 SET CHARACTER_SET_CLIENT=@OLD_CHARACTER_SET_CLIENT */;
/*!40101 SET CHARACTER_SET_RESULTS=@OLD_CHARACTER_SET_RESULTS */;
/*!40101 SET COLLATION_CONNECTION=@OLD_COLLATION_CONNECTION */;
/*!40111 SET SQL_NOTES=@OLD_SQL_NOTES */;

-- Dump completed on 2023-04-25 21:53:02
